Category,Sub Category,Title,URL,Content,Nested Articles Count,Nested Article Titles,Nested Articles Content,Scraped At,Error
service-host,About hosting,Guest,https://www.airbnb.com/help/all-topics?locale=en&_set_bev_on_new_domain=1751960147_EAZWI5NzYyNzVjZj,Content loaded in current page context,1,Cancellation options,"Cancellation options: Skip to content
Help Center
– home page
Search
Suggestions will show after typing in the search input. Use the up and down arrows to review. Use enter to select. If the selection is a phrase, that phrase will be submitted to search. If the suggestion is a link, the browser will navigate to that page.
Home
All topics
Your reservations
Cancellations
Major Disruptive Events Policy
Community policy
Major Disruptive Events Policy
In this article
Overview
What events are covered
What happens if a reservation is impacted by a covered Event
What is not covered
How this policy affects hosts
Other things to be aware of
Overview

In general, cancellations and refunds for Airbnb reservations are governed by the listing’s cancellation policy. In the rare circumstances that large-scale events prevent or legally prohibit completion of a reservation, the Major Disruptive Events Policy (the “Policy”) may apply. When this Policy applies, guests can cancel their reservation and receive a refund, travel credit, and/or other consideration regardless of the reservation’s cancellation policy, and hosts can cancel without fees or other adverse consequences, although their listing’s calendar will be blocked for the dates of the canceled reservation.

This Policy applies to reservations for homes, services, and experiences and is applicable to reservations that are ongoing or that have a check-in on or after the effective date, except as otherwise notified by Airbnb to users. The Major Disruptive Events Policy is not an insurance policy.

What events are covered

The following events are covered under this Policy if they impact your reservation location, occur after the time of booking, and prevent or legally prohibit completion of a future or ongoing reservation (referred to in this Policy as “Events”):

Declared public health emergencies and epidemics. Government-declared epidemics, pandemics, and public health emergencies. This does not include diseases that are endemic (for example, the flu) or commonly associated with an area (for example, malaria in Thailand). COVID-19 is not covered under this Major Disruptive Events Policy.

Government travel restrictions. Mandatory travel restrictions imposed by a governmental agency, such as an evacuation order or shelter-in-place order. This does not include non-binding travel advisories and similar government guidance.

Military actions and other hostilities. Acts of war, hostilities, invasions, civil war, terrorism, explosions, bombings, rebellions, riots, and insurrection.

Large-scale outages of essential utilities. Prolonged outages of essential utilities, such as heat, water, and electricity, impacting the vast majority of homes in a given location.

Unforeseeable natural disasters and severe weather events. Unforeseeable natural disasters, like earthquakes and tsunamis, and unforeseeable severe weather events, like tornadoes. This does not include events that are foreseeable for a given location, as described further below.

What happens if a reservation is impacted by a covered Event

When a large-scale event occurs, we assess the situation to determine whether the Major Disruptive Events Policy applies. If it does, we activate the Policy for the impacted area and timeframe where we anticipate that the Event will prevent or legally prohibit completion of reservations. Reservations outside of the defined area and timeframe may not be eligible, though hosts may still be able to cancel without adverse consequences if they are unable to host. We continuously monitor these situations and adjust coverage as needed to reflect changing conditions. If you believe this Policy applies to your reservation, please contact us to inquire about eligibility.

What is not covered

We understand that other circumstances outside of your control may disrupt your plans. In any situations not listed above, your reservation remains subject to the host’s cancellation policy for the listing.

Examples of common events not covered by this policy include:

Events that impact a guest or their ability to travel, but not the reservation location
Unexpected injury or illness
Government obligations like jury duty or court appearances
Non-binding travel advisories or other government guidance that fall short of a travel ban or prohibition
Cancellation or rescheduling of an event for which the reservation was made
Transportation disruptions such as airline insolvency, flight cancellations, transportation strikes, and road closures due to maintenance
Weather or natural conditions that are common enough to be foreseeable in a given location, such as hurricanes in Florida during hurricane season or winter weather in the northern hemisphere during winter months—unless the event triggers a covered Event that prevents completion of the reservation, such as government-issued mandatory travel restrictions

For reservations not covered by this Policy, we encourage guests and hosts to find a mutually acceptable arrangement, such as a full or partial refund or an alteration of the booking dates. Note that any refunds outside of the reservation’s cancellation policy are at the host’s discretion. Airbnb does not take part in or guarantee such refunds.

How this policy affects hosts

If a reservation is covered by the Major Disruptive Events Policy, hosts can cancel without fees or other adverse consequences. If a host cancels under this policy, their listing’s calendar will be blocked for the dates of the canceled reservation. If a reservation is canceled under this Policy, the host does not receive a payout for the canceled dates of the reservation, or, if the payout has already been made, the refunded amount will be withheld from the next payout(s).

Regardless of whether a reservation is covered by this Policy, hosts can cancel for certain valid reasons, such as major damage to a listing, without fees or other adverse consequences. Hosts are obligated to cancel a reservation if their listing is uninhabitable or is inconsistent with what the guest booked. Failure to do so may result in listing suspension, cancellation of existing reservations, and refunds to guests until the listing is habitable and consistent with the listing description. This also violates our Ground rules for hosts, and can lead to consequences up to and including account removal.

Other things to be aware of

This Policy does not limit your rights under local regulations, and any decisions made by Airbnb under this Policy do not affect your statutory rights.

Did this article help?
Yes
No
Related articles
How-to • Vendég
Canceling a trip due to a Major Disruptive Event
If you need to cancel because a large-scale event at your destination prevents completion of your reservation, we can help.
Community policy • Home host
Host Cancellation Policy for homes
Because cancellations can disrupt guests' plans and impact confidence in the Airbnb community, there are penalties applied for Host cancellations.
How-to • Guest
Find the cancellation policy for any home, service, or experience
Here’s where to find the cancellation policy for any home, service, or experience.
Get help with your reservations, account, and more.
Log in or sign up
Site Footer
Support
Help Center
AirCover
Anti-discrimination
Disability support
Cancellation options
Report neighborhood concern
Hosting
Airbnb your home
AirCover for Hosts
Hosting resources
Community forum
Hosting responsibly
Airbnb-friendly apartments
Join a free Hosting class
Find a co‑host
Airbnb
2025 Summer Release
Newsroom
New features
Careers
Investors
Gift cards
Airbnb.org emergency stays
Footer section
© 2025 Airbnb, Inc.·Terms·Sitemap·Privacy·Your Privacy Choices
English (US)
€
EUR",2025-07-08T10:59:33.647Z,
service-host,About hosting,Home host,https://www.airbnb.com/help/all-topics?locale=en&_set_bev_on_new_domain=1751960147_EAZWI5NzYyNzVjZj,Content loaded in current page context,1,Cancellation options,"Cancellation options: Skip to content
Help Center
– home page
Search
Suggestions will show after typing in the search input. Use the up and down arrows to review. Use enter to select. If the selection is a phrase, that phrase will be submitted to search. If the suggestion is a link, the browser will navigate to that page.
Home
All topics
Your reservations
Cancellations
Major Disruptive Events Policy
Community policy
Major Disruptive Events Policy
In this article
Overview
What events are covered
What happens if a reservation is impacted by a covered Event
What is not covered
How this policy affects hosts
Other things to be aware of
Overview

In general, cancellations and refunds for Airbnb reservations are governed by the listing’s cancellation policy. In the rare circumstances that large-scale events prevent or legally prohibit completion of a reservation, the Major Disruptive Events Policy (the “Policy”) may apply. When this Policy applies, guests can cancel their reservation and receive a refund, travel credit, and/or other consideration regardless of the reservation’s cancellation policy, and hosts can cancel without fees or other adverse consequences, although their listing’s calendar will be blocked for the dates of the canceled reservation.

This Policy applies to reservations for homes, services, and experiences and is applicable to reservations that are ongoing or that have a check-in on or after the effective date, except as otherwise notified by Airbnb to users. The Major Disruptive Events Policy is not an insurance policy.

What events are covered

The following events are covered under this Policy if they impact your reservation location, occur after the time of booking, and prevent or legally prohibit completion of a future or ongoing reservation (referred to in this Policy as “Events”):

Declared public health emergencies and epidemics. Government-declared epidemics, pandemics, and public health emergencies. This does not include diseases that are endemic (for example, the flu) or commonly associated with an area (for example, malaria in Thailand). COVID-19 is not covered under this Major Disruptive Events Policy.

Government travel restrictions. Mandatory travel restrictions imposed by a governmental agency, such as an evacuation order or shelter-in-place order. This does not include non-binding travel advisories and similar government guidance.

Military actions and other hostilities. Acts of war, hostilities, invasions, civil war, terrorism, explosions, bombings, rebellions, riots, and insurrection.

Large-scale outages of essential utilities. Prolonged outages of essential utilities, such as heat, water, and electricity, impacting the vast majority of homes in a given location.

Unforeseeable natural disasters and severe weather events. Unforeseeable natural disasters, like earthquakes and tsunamis, and unforeseeable severe weather events, like tornadoes. This does not include events that are foreseeable for a given location, as described further below.

What happens if a reservation is impacted by a covered Event

When a large-scale event occurs, we assess the situation to determine whether the Major Disruptive Events Policy applies. If it does, we activate the Policy for the impacted area and timeframe where we anticipate that the Event will prevent or legally prohibit completion of reservations. Reservations outside of the defined area and timeframe may not be eligible, though hosts may still be able to cancel without adverse consequences if they are unable to host. We continuously monitor these situations and adjust coverage as needed to reflect changing conditions. If you believe this Policy applies to your reservation, please contact us to inquire about eligibility.

What is not covered

We understand that other circumstances outside of your control may disrupt your plans. In any situations not listed above, your reservation remains subject to the host’s cancellation policy for the listing.

Examples of common events not covered by this policy include:

Events that impact a guest or their ability to travel, but not the reservation location
Unexpected injury or illness
Government obligations like jury duty or court appearances
Non-binding travel advisories or other government guidance that fall short of a travel ban or prohibition
Cancellation or rescheduling of an event for which the reservation was made
Transportation disruptions such as airline insolvency, flight cancellations, transportation strikes, and road closures due to maintenance
Weather or natural conditions that are common enough to be foreseeable in a given location, such as hurricanes in Florida during hurricane season or winter weather in the northern hemisphere during winter months—unless the event triggers a covered Event that prevents completion of the reservation, such as government-issued mandatory travel restrictions

For reservations not covered by this Policy, we encourage guests and hosts to find a mutually acceptable arrangement, such as a full or partial refund or an alteration of the booking dates. Note that any refunds outside of the reservation’s cancellation policy are at the host’s discretion. Airbnb does not take part in or guarantee such refunds.

How this policy affects hosts

If a reservation is covered by the Major Disruptive Events Policy, hosts can cancel without fees or other adverse consequences. If a host cancels under this policy, their listing’s calendar will be blocked for the dates of the canceled reservation. If a reservation is canceled under this Policy, the host does not receive a payout for the canceled dates of the reservation, or, if the payout has already been made, the refunded amount will be withheld from the next payout(s).

Regardless of whether a reservation is covered by this Policy, hosts can cancel for certain valid reasons, such as major damage to a listing, without fees or other adverse consequences. Hosts are obligated to cancel a reservation if their listing is uninhabitable or is inconsistent with what the guest booked. Failure to do so may result in listing suspension, cancellation of existing reservations, and refunds to guests until the listing is habitable and consistent with the listing description. This also violates our Ground rules for hosts, and can lead to consequences up to and including account removal.

Other things to be aware of

This Policy does not limit your rights under local regulations, and any decisions made by Airbnb under this Policy do not affect your statutory rights.

Did this article help?
Yes
No
Related articles
How-to • Guest
Canceling a trip due to a Major Disruptive Event
If you need to cancel because a large-scale event at your destination prevents completion of your reservation, we can help.
Community policy • Home host
Host Cancellation Policy for homes
Because cancellations can disrupt guests' plans and impact confidence in the Airbnb community, there are penalties applied for Host cancellations.
How-to • Guest
Find the cancellation policy for any home, service, or experience
Here’s where to find the cancellation policy for any home, service, or experience.
Get help with your reservations, account, and more.
Log in or sign up
Site Footer
Support
Help Center
AirCover
Anti-discrimination
Disability support
Cancellation options
Report neighborhood concern
Hosting
Airbnb your home
AirCover for Hosts
Hosting resources
Community forum
Hosting responsibly
Airbnb-friendly apartments
Join a free Hosting class
Find a co‑host
Airbnb
2025 Summer Release
Newsroom
New features
Careers
Investors
Gift cards
Airbnb.org emergency stays
Footer section
© 2025 Airbnb, Inc.·Terms·Sitemap·Privacy·Your Privacy Choices
English (US)
€
EUR",2025-07-08T10:59:46.740Z,
service-host,About hosting,Experience host,https://www.airbnb.com/help/all-topics?locale=en&_set_bev_on_new_domain=1751960147_EAZWI5NzYyNzVjZj,Content loaded in current page context,1,Cancellation options,"Cancellation options: Skip to content
Help Center
– home page
Search
Suggestions will show after typing in the search input. Use the up and down arrows to review. Use enter to select. If the selection is a phrase, that phrase will be submitted to search. If the suggestion is a link, the browser will navigate to that page.
Home
All topics
Your reservations
Cancellations
Major Disruptive Events Policy
Community policy
Major Disruptive Events Policy
In this article
Overview
What events are covered
What happens if a reservation is impacted by a covered Event
What is not covered
How this policy affects hosts
Other things to be aware of
Overview

In general, cancellations and refunds for Airbnb reservations are governed by the listing’s cancellation policy. In the rare circumstances that large-scale events prevent or legally prohibit completion of a reservation, the Major Disruptive Events Policy (the “Policy”) may apply. When this Policy applies, guests can cancel their reservation and receive a refund, travel credit, and/or other consideration regardless of the reservation’s cancellation policy, and hosts can cancel without fees or other adverse consequences, although their listing’s calendar will be blocked for the dates of the canceled reservation.

This Policy applies to reservations for homes, services, and experiences and is applicable to reservations that are ongoing or that have a check-in on or after the effective date, except as otherwise notified by Airbnb to users. The Major Disruptive Events Policy is not an insurance policy.

What events are covered

The following events are covered under this Policy if they impact your reservation location, occur after the time of booking, and prevent or legally prohibit completion of a future or ongoing reservation (referred to in this Policy as “Events”):

Declared public health emergencies and epidemics. Government-declared epidemics, pandemics, and public health emergencies. This does not include diseases that are endemic (for example, the flu) or commonly associated with an area (for example, malaria in Thailand). COVID-19 is not covered under this Major Disruptive Events Policy.

Government travel restrictions. Mandatory travel restrictions imposed by a governmental agency, such as an evacuation order or shelter-in-place order. This does not include non-binding travel advisories and similar government guidance.

Military actions and other hostilities. Acts of war, hostilities, invasions, civil war, terrorism, explosions, bombings, rebellions, riots, and insurrection.

Large-scale outages of essential utilities. Prolonged outages of essential utilities, such as heat, water, and electricity, impacting the vast majority of homes in a given location.

Unforeseeable natural disasters and severe weather events. Unforeseeable natural disasters, like earthquakes and tsunamis, and unforeseeable severe weather events, like tornadoes. This does not include events that are foreseeable for a given location, as described further below.

What happens if a reservation is impacted by a covered Event

When a large-scale event occurs, we assess the situation to determine whether the Major Disruptive Events Policy applies. If it does, we activate the Policy for the impacted area and timeframe where we anticipate that the Event will prevent or legally prohibit completion of reservations. Reservations outside of the defined area and timeframe may not be eligible, though hosts may still be able to cancel without adverse consequences if they are unable to host. We continuously monitor these situations and adjust coverage as needed to reflect changing conditions. If you believe this Policy applies to your reservation, please contact us to inquire about eligibility.

What is not covered

We understand that other circumstances outside of your control may disrupt your plans. In any situations not listed above, your reservation remains subject to the host’s cancellation policy for the listing.

Examples of common events not covered by this policy include:

Events that impact a guest or their ability to travel, but not the reservation location
Unexpected injury or illness
Government obligations like jury duty or court appearances
Non-binding travel advisories or other government guidance that fall short of a travel ban or prohibition
Cancellation or rescheduling of an event for which the reservation was made
Transportation disruptions such as airline insolvency, flight cancellations, transportation strikes, and road closures due to maintenance
Weather or natural conditions that are common enough to be foreseeable in a given location, such as hurricanes in Florida during hurricane season or winter weather in the northern hemisphere during winter months—unless the event triggers a covered Event that prevents completion of the reservation, such as government-issued mandatory travel restrictions

For reservations not covered by this Policy, we encourage guests and hosts to find a mutually acceptable arrangement, such as a full or partial refund or an alteration of the booking dates. Note that any refunds outside of the reservation’s cancellation policy are at the host’s discretion. Airbnb does not take part in or guarantee such refunds.

How this policy affects hosts

If a reservation is covered by the Major Disruptive Events Policy, hosts can cancel without fees or other adverse consequences. If a host cancels under this policy, their listing’s calendar will be blocked for the dates of the canceled reservation. If a reservation is canceled under this Policy, the host does not receive a payout for the canceled dates of the reservation, or, if the payout has already been made, the refunded amount will be withheld from the next payout(s).

Regardless of whether a reservation is covered by this Policy, hosts can cancel for certain valid reasons, such as major damage to a listing, without fees or other adverse consequences. Hosts are obligated to cancel a reservation if their listing is uninhabitable or is inconsistent with what the guest booked. Failure to do so may result in listing suspension, cancellation of existing reservations, and refunds to guests until the listing is habitable and consistent with the listing description. This also violates our Ground rules for hosts, and can lead to consequences up to and including account removal.

Other things to be aware of

This Policy does not limit your rights under local regulations, and any decisions made by Airbnb under this Policy do not affect your statutory rights.

Did this article help?
Yes
No
Related articles
How-to • Guest
Canceling a trip due to a Major Disruptive Event
If you need to cancel because a large-scale event at your destination prevents completion of your reservation, we can help.
Community policy • Home host
Host Cancellation Policy for homes
Because cancellations can disrupt guests' plans and impact confidence in the Airbnb community, there are penalties applied for Host cancellations.
How-to • Guest
Find the cancellation policy for any home, service, or experience
Here’s where to find the cancellation policy for any home, service, or experience.
Get help with your reservations, account, and more.
Log in or sign up
Site Footer
Support
Help Center
AirCover
Anti-discrimination
Disability support
Cancellation options
Report neighborhood concern
Hosting
Airbnb your home
AirCover for Hosts
Hosting resources
Community forum
Hosting responsibly
Airbnb-friendly apartments
Join a free Hosting class
Find a co‑host
Airbnb
2025 Summer Release
Newsroom
New features
Careers
Investors
Gift cards
Airbnb.org emergency stays
Footer section
© 2025 Airbnb, Inc.·Terms·Sitemap·Privacy·Your Privacy Choices
English (US)
€
EUR",2025-07-08T10:59:59.752Z,
service-host,About hosting,Service host,https://www.airbnb.com/help/all-topics?locale=en&_set_bev_on_new_domain=1751960147_EAZWI5NzYyNzVjZj,Content loaded in current page context,1,Cancellation options,"Cancellation options: Skip to content
Help Center
– home page
Search
Suggestions will show after typing in the search input. Use the up and down arrows to review. Use enter to select. If the selection is a phrase, that phrase will be submitted to search. If the suggestion is a link, the browser will navigate to that page.
Home
All topics
Your reservations
Cancellations
Major Disruptive Events Policy
Community policy
Major Disruptive Events Policy
In this article
Overview
What events are covered
What happens if a reservation is impacted by a covered Event
What is not covered
How this policy affects hosts
Other things to be aware of
Overview

In general, cancellations and refunds for Airbnb reservations are governed by the listing’s cancellation policy. In the rare circumstances that large-scale events prevent or legally prohibit completion of a reservation, the Major Disruptive Events Policy (the “Policy”) may apply. When this Policy applies, guests can cancel their reservation and receive a refund, travel credit, and/or other consideration regardless of the reservation’s cancellation policy, and hosts can cancel without fees or other adverse consequences, although their listing’s calendar will be blocked for the dates of the canceled reservation.

This Policy applies to reservations for homes, services, and experiences and is applicable to reservations that are ongoing or that have a check-in on or after the effective date, except as otherwise notified by Airbnb to users. The Major Disruptive Events Policy is not an insurance policy.

What events are covered

The following events are covered under this Policy if they impact your reservation location, occur after the time of booking, and prevent or legally prohibit completion of a future or ongoing reservation (referred to in this Policy as “Events”):

Declared public health emergencies and epidemics. Government-declared epidemics, pandemics, and public health emergencies. This does not include diseases that are endemic (for example, the flu) or commonly associated with an area (for example, malaria in Thailand). COVID-19 is not covered under this Major Disruptive Events Policy.

Government travel restrictions. Mandatory travel restrictions imposed by a governmental agency, such as an evacuation order or shelter-in-place order. This does not include non-binding travel advisories and similar government guidance.

Military actions and other hostilities. Acts of war, hostilities, invasions, civil war, terrorism, explosions, bombings, rebellions, riots, and insurrection.

Large-scale outages of essential utilities. Prolonged outages of essential utilities, such as heat, water, and electricity, impacting the vast majority of homes in a given location.

Unforeseeable natural disasters and severe weather events. Unforeseeable natural disasters, like earthquakes and tsunamis, and unforeseeable severe weather events, like tornadoes. This does not include events that are foreseeable for a given location, as described further below.

What happens if a reservation is impacted by a covered Event

When a large-scale event occurs, we assess the situation to determine whether the Major Disruptive Events Policy applies. If it does, we activate the Policy for the impacted area and timeframe where we anticipate that the Event will prevent or legally prohibit completion of reservations. Reservations outside of the defined area and timeframe may not be eligible, though hosts may still be able to cancel without adverse consequences if they are unable to host. We continuously monitor these situations and adjust coverage as needed to reflect changing conditions. If you believe this Policy applies to your reservation, please contact us to inquire about eligibility.

What is not covered

We understand that other circumstances outside of your control may disrupt your plans. In any situations not listed above, your reservation remains subject to the host’s cancellation policy for the listing.

Examples of common events not covered by this policy include:

Events that impact a guest or their ability to travel, but not the reservation location
Unexpected injury or illness
Government obligations like jury duty or court appearances
Non-binding travel advisories or other government guidance that fall short of a travel ban or prohibition
Cancellation or rescheduling of an event for which the reservation was made
Transportation disruptions such as airline insolvency, flight cancellations, transportation strikes, and road closures due to maintenance
Weather or natural conditions that are common enough to be foreseeable in a given location, such as hurricanes in Florida during hurricane season or winter weather in the northern hemisphere during winter months—unless the event triggers a covered Event that prevents completion of the reservation, such as government-issued mandatory travel restrictions

For reservations not covered by this Policy, we encourage guests and hosts to find a mutually acceptable arrangement, such as a full or partial refund or an alteration of the booking dates. Note that any refunds outside of the reservation’s cancellation policy are at the host’s discretion. Airbnb does not take part in or guarantee such refunds.

How this policy affects hosts

If a reservation is covered by the Major Disruptive Events Policy, hosts can cancel without fees or other adverse consequences. If a host cancels under this policy, their listing’s calendar will be blocked for the dates of the canceled reservation. If a reservation is canceled under this Policy, the host does not receive a payout for the canceled dates of the reservation, or, if the payout has already been made, the refunded amount will be withheld from the next payout(s).

Regardless of whether a reservation is covered by this Policy, hosts can cancel for certain valid reasons, such as major damage to a listing, without fees or other adverse consequences. Hosts are obligated to cancel a reservation if their listing is uninhabitable or is inconsistent with what the guest booked. Failure to do so may result in listing suspension, cancellation of existing reservations, and refunds to guests until the listing is habitable and consistent with the listing description. This also violates our Ground rules for hosts, and can lead to consequences up to and including account removal.

Other things to be aware of

This Policy does not limit your rights under local regulations, and any decisions made by Airbnb under this Policy do not affect your statutory rights.

Did this article help?
Yes
No
Related articles
How-to • Gast
Canceling a trip due to a Major Disruptive Event
If you need to cancel because a large-scale event at your destination prevents completion of your reservation, we can help.
Community policy • Home host
Host Cancellation Policy for homes
Because cancellations can disrupt guests' plans and impact confidence in the Airbnb community, there are penalties applied for Host cancellations.
How-to • Guest
Find the cancellation policy for any home, service, or experience
Here’s where to find the cancellation policy for any home, service, or experience.
Get help with your reservations, account, and more.
Log in or sign up
Site Footer
Support
Help Center
AirCover
Anti-discrimination
Disability support
Cancellation options
Report neighborhood concern
Hosting
Airbnb your home
AirCover for Hosts
Hosting resources
Community forum
Hosting responsibly
Airbnb-friendly apartments
Join a free Hosting class
Find a co‑host
Airbnb
2025 Summer Release
Newsroom
New features
Careers
Investors
Gift cards
Airbnb.org emergency stays
Footer section
© 2025 Airbnb, Inc.·Terms·Sitemap·Privacy·Your Privacy Choices
English (US)
€
EUR",2025-07-08T11:00:12.823Z,
service-host,About hosting,Travel admin,https://www.airbnb.com/help/all-topics?locale=en&_set_bev_on_new_domain=1751960147_EAZWI5NzYyNzVjZj,Content loaded in current page context,1,Cancellation options,"Cancellation options: Skip to content
Help Center
– home page
Search
Suggestions will show after typing in the search input. Use the up and down arrows to review. Use enter to select. If the selection is a phrase, that phrase will be submitted to search. If the suggestion is a link, the browser will navigate to that page.
Home
All topics
Your reservations
Cancellations
Major Disruptive Events Policy
Community policy
Major Disruptive Events Policy
In this article
Overview
What events are covered
What happens if a reservation is impacted by a covered Event
What is not covered
How this policy affects hosts
Other things to be aware of
Overview

In general, cancellations and refunds for Airbnb reservations are governed by the listing’s cancellation policy. In the rare circumstances that large-scale events prevent or legally prohibit completion of a reservation, the Major Disruptive Events Policy (the “Policy”) may apply. When this Policy applies, guests can cancel their reservation and receive a refund, travel credit, and/or other consideration regardless of the reservation’s cancellation policy, and hosts can cancel without fees or other adverse consequences, although their listing’s calendar will be blocked for the dates of the canceled reservation.

This Policy applies to reservations for homes, services, and experiences and is applicable to reservations that are ongoing or that have a check-in on or after the effective date, except as otherwise notified by Airbnb to users. The Major Disruptive Events Policy is not an insurance policy.

What events are covered

The following events are covered under this Policy if they impact your reservation location, occur after the time of booking, and prevent or legally prohibit completion of a future or ongoing reservation (referred to in this Policy as “Events”):

Declared public health emergencies and epidemics. Government-declared epidemics, pandemics, and public health emergencies. This does not include diseases that are endemic (for example, the flu) or commonly associated with an area (for example, malaria in Thailand). COVID-19 is not covered under this Major Disruptive Events Policy.

Government travel restrictions. Mandatory travel restrictions imposed by a governmental agency, such as an evacuation order or shelter-in-place order. This does not include non-binding travel advisories and similar government guidance.

Military actions and other hostilities. Acts of war, hostilities, invasions, civil war, terrorism, explosions, bombings, rebellions, riots, and insurrection.

Large-scale outages of essential utilities. Prolonged outages of essential utilities, such as heat, water, and electricity, impacting the vast majority of homes in a given location.

Unforeseeable natural disasters and severe weather events. Unforeseeable natural disasters, like earthquakes and tsunamis, and unforeseeable severe weather events, like tornadoes. This does not include events that are foreseeable for a given location, as described further below.

What happens if a reservation is impacted by a covered Event

When a large-scale event occurs, we assess the situation to determine whether the Major Disruptive Events Policy applies. If it does, we activate the Policy for the impacted area and timeframe where we anticipate that the Event will prevent or legally prohibit completion of reservations. Reservations outside of the defined area and timeframe may not be eligible, though hosts may still be able to cancel without adverse consequences if they are unable to host. We continuously monitor these situations and adjust coverage as needed to reflect changing conditions. If you believe this Policy applies to your reservation, please contact us to inquire about eligibility.

What is not covered

We understand that other circumstances outside of your control may disrupt your plans. In any situations not listed above, your reservation remains subject to the host’s cancellation policy for the listing.

Examples of common events not covered by this policy include:

Events that impact a guest or their ability to travel, but not the reservation location
Unexpected injury or illness
Government obligations like jury duty or court appearances
Non-binding travel advisories or other government guidance that fall short of a travel ban or prohibition
Cancellation or rescheduling of an event for which the reservation was made
Transportation disruptions such as airline insolvency, flight cancellations, transportation strikes, and road closures due to maintenance
Weather or natural conditions that are common enough to be foreseeable in a given location, such as hurricanes in Florida during hurricane season or winter weather in the northern hemisphere during winter months—unless the event triggers a covered Event that prevents completion of the reservation, such as government-issued mandatory travel restrictions

For reservations not covered by this Policy, we encourage guests and hosts to find a mutually acceptable arrangement, such as a full or partial refund or an alteration of the booking dates. Note that any refunds outside of the reservation’s cancellation policy are at the host’s discretion. Airbnb does not take part in or guarantee such refunds.

How this policy affects hosts

If a reservation is covered by the Major Disruptive Events Policy, hosts can cancel without fees or other adverse consequences. If a host cancels under this policy, their listing’s calendar will be blocked for the dates of the canceled reservation. If a reservation is canceled under this Policy, the host does not receive a payout for the canceled dates of the reservation, or, if the payout has already been made, the refunded amount will be withheld from the next payout(s).

Regardless of whether a reservation is covered by this Policy, hosts can cancel for certain valid reasons, such as major damage to a listing, without fees or other adverse consequences. Hosts are obligated to cancel a reservation if their listing is uninhabitable or is inconsistent with what the guest booked. Failure to do so may result in listing suspension, cancellation of existing reservations, and refunds to guests until the listing is habitable and consistent with the listing description. This also violates our Ground rules for hosts, and can lead to consequences up to and including account removal.

Other things to be aware of

This Policy does not limit your rights under local regulations, and any decisions made by Airbnb under this Policy do not affect your statutory rights.

Did this article help?
Yes
No
Related articles
How-to • Gast
Canceling a trip due to a Major Disruptive Event
If you need to cancel because a large-scale event at your destination prevents completion of your reservation, we can help.
Community policy • Home host
Host Cancellation Policy for homes
Because cancellations can disrupt guests' plans and impact confidence in the Airbnb community, there are penalties applied for Host cancellations.
How-to • Guest
Find the cancellation policy for any home, service, or experience
Here’s where to find the cancellation policy for any home, service, or experience.
Get help with your reservations, account, and more.
Log in or sign up
Site Footer
Support
Help Center
AirCover
Anti-discrimination
Disability support
Cancellation options
Report neighborhood concern
Hosting
Airbnb your home
AirCover for Hosts
Hosting resources
Community forum
Hosting responsibly
Airbnb-friendly apartments
Join a free Hosting class
Find a co‑host
Airbnb
2025 Summer Release
Newsroom
New features
Careers
Investors
Gift cards
Airbnb.org emergency stays
Footer section
© 2025 Airbnb, Inc.·Terms·Sitemap·Privacy·Your Privacy Choices
English (US)
€
EUR",2025-07-08T11:00:25.920Z,
service-host,About hosting,Service hosting basics,https://www.airbnb.com/help/topic/1659,"Skip to content
Help Center
– home page
Search
Suggestions will show after typing in the search input. Use the up and down arrows to review. Use enter to select. If the selection is a phrase, that phrase will be submitted to search. If the suggestion is a link, the browser will navigate to that page.
Home
All topics
About hosting
Service hosting basics
Service hosting basics
How-to • Service host
Sign up to provide a service on Airbnb
If you want to provide a service on Airbnb, make sure to meet our standards and ground rules before creating a listing. Let’s get started.
Community policy • Experience host
Airbnb Services and Experiences standards and requirements
Find details on the standards and requirements that Airbnb Services and Experiences hosts must meet.
How-to • Anfitrión
Airbnb service fees for services and experiences
To ensure we can continue to offer benefits like 24/7 customer support, we charge experience and service hosts a service fee.
Community policy • Home host
Can I choose to only host people of my own gender?
It depends. You may make a listing available to only guests of your gender when you share living spaces with them.
Community policy • Experience host
Host Ground Rules and Hosting Safety for Services and Experiences
Services and experiences must be high quality and safe, and hosts must deliver the service or experience that they promised to guests.
Related topics
Preparing to host a service
Protection and insurance
Service categories and guidelines
Site Footer
Support
Help Center
AirCover
Anti-discrimination
Disability support
Cancellation options
Report neighborhood concern
Hosting
Airbnb your home
AirCover for Hosts
Hosting resources
Community forum
Hosting responsibly
Airbnb-friendly apartments
Join a free Hosting class
Find a co‑host
Airbnb
2025 Summer Release
Newsroom
New features
Careers
Investors
Gift cards
Airbnb.org emergency stays
Footer section
© 2025 Airbnb, Inc.·Terms·Sitemap·Privacy·Your Privacy Choices
English (US)
€
EUR",3,Sign up to provide a service on Airbnb | Airbnb Services and Experiences standards and requirements | Airbnb service fees for services and experiences,"Sign up to provide a service on Airbnb: Skip to content
Help Center
– home page
Search
Suggestions will show after typing in the search input. Use the up and down arrows to review. Use enter to select. If the selection is a phrase, that phrase will be submitted to search. If the suggestion is a link, the browser will navigate to that page.
Home
All topics
About hosting
Service hosting basics
Sign up to provide a service on Airbnb
How-to • Service host
Sign up to provide a service on Airbnb

Ready to provide a service to guests around the world? Exciting! First, you’ll need to create a free account, meet our standards and requirements, and make sure to follow the ground rules before applying. Ready? Log in to Airbnb, and let’s get started.

Create a service listing
Desktop
iOS app
Android app
Mobile browser
Create a service listing on desktop
Click Menu and click Become a host
Click A service and click Next
Choose which service you’ll provide and click Next
Follow the steps to create a service listing
Review requirements and terms and click Next
Click Submit for review
What happens after you submit your service

Once a listing is submitted, it’ll go through a quality review process to make sure it meets our standards, which may take up to 2 weeks. You’ll receive an email confirmation of the status of your listing, which also may include a request for more information. You also may be asked to make changes to your listing before it is approved for publishing.

Complete identity verification

Before you can publish your listing, you must successfully verify your identity. Only hosts who have completed identity verification are eligible to have their listing published.

Host licenses and insurance requirements

Depending on your service and the location where it’s being performed, you may be required to provide proof of valid licenses and insurance. Read more about Airbnb’s licensing and insurance requirements.

Did this article help?
Yes
No
Related articles
How-to • Domaćin
Airbnb service fees for services and experiences
To ensure we can continue to offer benefits like 24/7 customer support, we charge experience and service hosts a service fee.
How-to • Gost
Add a service to your reservation
Airbnb Services connects you with providers who can bring their expertise to your booked home—or to their location.
Rules
Airbnb Service and Experience host licensing and insurance requirements
In order to become an Airbnb Service or Experience host, you must possess valid license(s) and insurance. Hosts may also be required to show proof of licensing and/or insurance as part of their submission.
Get help with your reservations, account, and more.
Log in or sign up
Site Footer
Support
Help Center
AirCover
Anti-discrimination
Disability support
Cancellation options
Report neighborhood concern
Hosting
Airbnb your home
AirCover for Hosts
Hosting resources
Community forum
Hosting responsibly
Airbnb-friendly apartments
Join a free Hosting class
Find a co‑host
Airbnb
2025 Summer Release
Newsroom
New features
Careers
Investors
Gift cards
Airbnb.org emergency stays
Footer section
© 2025 Airbnb, Inc.·Terms·Sitemap·Privacy·Your Privacy Choices
English (US)
€
EUR | Airbnb Services and Experiences standards and requirements: Skip to content
Help Center
– home page
Search
Suggestions will show after typing in the search input. Use the up and down arrows to review. Use enter to select. If the selection is a phrase, that phrase will be submitted to search. If the suggestion is a link, the browser will navigate to that page.
Home
All topics
About hosting
Preparing to host a service
Airbnb Services and Experiences standards and requirements
Community policy • Experience host
Airbnb Services and Experiences standards and requirements

Airbnb Service and Experience hosts, including experience co-hosts who host reservations, are expected to satisfy applicable standards and requirements before their listing is published, and must continue to uphold them after their listing goes live. Airbnb will determine in its sole discretion whether a service or experience meets the standards and requirements, and meeting these requirements is not a guarantee that you will be approved and published.

All hosts and co-hosts must also comply with Airbnb’s Terms of Service, the Additional Terms for Service and Experience Hosts, and Community Policies.

Some types of activities are not permitted on Airbnb and others are subject to restrictions. Learn more about prohibited and restricted activities.

In this article
What is needed before a service or experience listing is published
What is needed after a service or experience listing is published
What is needed before a service or experience listing is published

Services and experiences on Airbnb are vetted and to help ensure they meet our standards. In order to host a service or experience on Airbnb, you and your listing must meet the following criteria and requirements.

Host criteria for services and experiences
Identity verification and background check: Hosts must complete our identity verification process and, where applicable, may be required to complete criminal background checks or other vetting.
License or certification: Hosts must maintain valid licenses, insurance, and certifications as appropriate for the activity. Hosts may be required to provide proof of maintaining these credentials and insurance.
Services: Basic standards
Experience: A minimum of 2 years of experience in the relevant category or 5 years for chefs without a culinary degree.
Reputation: Hosts must maintain a high-quality professional reputation, as reflected in things like outstanding guest feedback, with additional consideration given to awards and features in publications, or other forms of recognition.
Portfolio: A portfolio of photos that highlights the host’s professional experience is needed for photography, chefs, catering, prepared meals, personal trainers, hair styling, makeup, and nails.
Services: Listing standards
Photos: You need to submit at least 5 high-quality color photos, including one photo for each offering, that give clear, realistic ideas of the service you provide. For photographers, we need at least 15 photos from your portfolio. For massage and spa listings, you must use photos Airbnb selects.
Title: Use your title to explain what the service is and who’s providing it.
Expertise: Explain why you’re uniquely qualified to host your service. Be direct, succinct, and specific.
Offerings: You need a minimum of 3 offerings (entry, standard, and premium), per listing. For example, an entry level price may be $50 USD or less for a more express or abbreviated service, a premium offering will be your highest price point, and your standard offering may be right in the middle. Each offering needs its own image, which should be easily understood at a small scale as a thumbnail photo. In the description of each offering, we recommend highlighting specific details like ingredients, techniques, equipment, or materials so that guests know what they’re buying.
Experiences: Basic standards
Knowledge: Host has formal training or other relevant background (examples: education, training or apprenticeship, or family background or heritage).
Activity: The activity is connected to what a city is known for and has ties to the local culture, cuisine, or people. The experience should encourage participation and connection with other guests and the host.
Place: The location for the experience must be safe, clean and comfortable, and must include all of the features needed to properly complete the activity. It should be a type of space that is typically used for this activity, and the size of the space should be appropriate for the size of the group.
Experiences: Listing standards
Photos: You must submit at least 5 high-quality color photos with your submission, and should add more when needed to set clear expectations.
Title: It’s recommended to lead with the experience’s main focus in the title and start with an action like “explore,” “discover,” or “taste.”
Description: Complement the title with language that emphasizes the appeal and helps guests understand what awaits. 
Itinerary: Outline the experience’s different sequenced activities from start to finish, so guests know exactly what they’ll do and can decide whether it’s a good fit for them. Include at least one activity, and up to 5, per listing.
What is needed after a service or experience listing is published

In order to continue to host an experience or service on Airbnb, you and your listing must meet the following criteria and requirements on an ongoing basis:

Hosts are expected to honor booked reservations and communicate with guests in a timely fashion prior to the reservation. If they don’t, the Host Cancellation Policy for services and experiences outlines the fees and other consequences that may apply, and guest refunds will be handled in accordance with the Refund Policy for services and experiences.
Hosts must also maintain safe and high-quality services and experiences. Learn more about Airbnb’s Host Ground Rules and Hosting Safety policies for services and experiences.
Airbnb reviews guest feedback, host cancellations, and reports to customer service about the safety and quality of services and experiences. Actions we may take include issuing warnings, suspending or removing listings, or removing host accounts.
Experience hosts are responsible for ensuring that any co-hosts that host reservations meet these standards and requirements as well.
Trust is the cornerstone of our community, and Airbnb verifies the identity of booking guests. It’s recommended that hosts not mix guests from Airbnb and other platforms on the same instance of an experience.
If a host chooses to have an onsite assistant perform support functions during the activity, the host must provide advance notice to guests as detailed in Airbnb’s Host Ground Rules and Hosting Safety policies.

Keep in mind that if you make significant changes to your listing (examples: to location or offerings) after it’s published, it will be vetted again.

Did this article help?
Yes
No
Related articles
Legal terms
Additional Terms for Service and Experience Hosts
Please review our Additional Terms for Service and Experience Hosts.
How-to
Food safety guidelines for Airbnb Services and Experiences
Hosts must keep things clean, separate raw and cooked foods, cook food thoroughly, keep food at safe temperatures, use safe water, and offer quality ingredients.
Rules
Tyrol
If you're thinking about becoming an Airbnb Host, here's some information to help you understand the laws in your city
Get help with your reservations, account, and more.
Log in or sign up
Site Footer
Support
Help Center
AirCover
Anti-discrimination
Disability support
Cancellation options
Report neighborhood concern
Hosting
Airbnb your home
AirCover for Hosts
Hosting resources
Community forum
Hosting responsibly
Airbnb-friendly apartments
Join a free Hosting class
Find a co‑host
Airbnb
2025 Summer Release
Newsroom
New features
Careers
Investors
Gift cards
Airbnb.org emergency stays
Footer section
© 2025 Airbnb, Inc.·Terms·Sitemap·Privacy·Your Privacy Choices
English (US)
€
EUR | Airbnb service fees for services and experiences: Skip to content
Help Center
– home page
Search
Suggestions will show after typing in the search input. Use the up and down arrows to review. Use enter to select. If the selection is a phrase, that phrase will be submitted to search. If the suggestion is a link, the browser will navigate to that page.
Home
All topics
About hosting
Experience hosting basics
Airbnb service fees for services and experiences
How-to • Gastgeber:in
Airbnb service fees for services and experiences

To ensure we can continue to offer benefits like 24/7 customer support we charge experience and service hosts a service fee. 

For services, we typically charge a hosts 15% fee, with a minimum fee of $6 USD (or the local currency equivalent), which may vary based on the daily exchange rate. For experiences we typically charge hosts a 20% service fee. This is based on the price of the service or experience and it's automatically deducted from your payout.


Did this article help?
Yes
No
Related articles
How-to • Experience host
Pause your experience
Discover how to pause experiences from your listings tab.
Rules • Experience host
Taxes that Airbnb experience or service hosts may be subject to in the United States
Learn about some of the laws and registration requirements that may apply to your experiences or services on Airbnb in the United States.
How-to • Experience host
Setting a price for your Airbnb Experience
As the host, you set the price for your experience. You can change it for upcoming dates that no one has reserved yet, or offer a customized price.
Get help with your reservations, account, and more.
Log in or sign up
Site Footer
Support
Help Center
AirCover
Anti-discrimination
Disability support
Cancellation options
Report neighborhood concern
Hosting
Airbnb your home
AirCover for Hosts
Hosting resources
Community forum
Hosting responsibly
Airbnb-friendly apartments
Join a free Hosting class
Find a co‑host
Airbnb
2025 Summer Release
Newsroom
New features
Careers
Investors
Gift cards
Airbnb.org emergency stays
Footer section
© 2025 Airbnb, Inc.·Terms·Sitemap·Privacy·Your Privacy Choices
English (US)
€
EUR",2025-07-08T11:00:45.585Z,
service-host,About hosting,Preparing to host a service,https://www.airbnb.com/help/topic/1673,"Skip to content
Help Center
– home page
Search
Suggestions will show after typing in the search input. Use the up and down arrows to review. Use enter to select. If the selection is a phrase, that phrase will be submitted to search. If the suggestion is a link, the browser will navigate to that page.
Home
All topics
About hosting
Preparing to host a service
Preparing to host a service
Community policy • Experience host
Airbnb Services and Experiences standards and requirements
Find details on the standards and requirements that Airbnb Services and Experiences hosts must meet.
How-to • Experience host
Age guidelines for Airbnb services and experiences
If it's a strenuous activity, has adult content, or it’s at a venue with age restrictions, it’s not appropriate for children.
How-to • Home host
Guest contracts
If you require guests to sign a contract, you must disclose the actual contract terms to them prior to booking.
Community policy • เจ้าของที่พัก
Expectations for services and experiences involving cosmetic and wellness activities
Cosmetic and wellness activities include activities such as massages, manicure/pedicure services, hairstyling, fitness classes, yoga, hikes, and sports.
Community policy • เจ้าของที่พัก
Expectations for services and experiences involving food and alcohol
Hosts are responsible for ensuring they provide safe and high-quality services and experiences involving food and alcohol.
Community policy • เจ้าของที่พัก
Expectations for services and experiences involving family activities
Hosts are responsible for ensuring they provide safe and high-quality services and experiences to families, including children.
Community policy • เจ้าของที่พัก
Expectations for services and experiences involving animal activities
Hosts are responsible for ensuring they provide safe and high-quality services and experiences involving animals.
Rules • เจ้าของที่พัก
How Airbnb vets services and experiences
Service and experience listings on Airbnb are vetted to help guests book with confidence. This may include verifying identity, reviewing license documents when required, and assessing qualifications of hosts (including co-hosts).
Rules • ผู้เข้าพัก/ผู้เข้าร่วม
How Airbnb Services and Experiences are vetted for quality
Services and experiences on Airbnb are vetted for quality to help guests book with confidence.
Related topics
Preparing to host a stay
Preparing to host an experience
Ways to host
Airbnb Luxe
Protection and insurance
Airbnb Plus
Airbnb.org
Experience guidelines and requirements
Hosting regulations and standards
Site Footer
Support
Help Center
AirCover
Anti-discrimination
Disability support
Cancellation options
Report neighborhood concern
Hosting
Airbnb your home
AirCover for Hosts
Hosting resources
Community forum
Hosting responsibly
Airbnb-friendly apartments
Join a free Hosting class
Find a co‑host
Airbnb
2025 Summer Release
Newsroom
New features
Careers
Investors
Gift cards
Airbnb.org emergency stays
Footer section
© 2025 Airbnb, Inc.·Terms·Sitemap·Privacy·Your Privacy Choices
English (US)
€
EUR",3,Airbnb Services and Experiences standards and requirements | Age guidelines for Airbnb services and experiences | Guest contracts,"Airbnb Services and Experiences standards and requirements: Skip to content
Help Center
– home page
Search
Suggestions will show after typing in the search input. Use the up and down arrows to review. Use enter to select. If the selection is a phrase, that phrase will be submitted to search. If the suggestion is a link, the browser will navigate to that page.
Home
All topics
About hosting
Preparing to host a service
Airbnb Services and Experiences standards and requirements
Community policy • Experience host
Airbnb Services and Experiences standards and requirements

Airbnb Service and Experience hosts, including experience co-hosts who host reservations, are expected to satisfy applicable standards and requirements before their listing is published, and must continue to uphold them after their listing goes live. Airbnb will determine in its sole discretion whether a service or experience meets the standards and requirements, and meeting these requirements is not a guarantee that you will be approved and published.

All hosts and co-hosts must also comply with Airbnb’s Terms of Service, the Additional Terms for Service and Experience Hosts, and Community Policies.

Some types of activities are not permitted on Airbnb and others are subject to restrictions. Learn more about prohibited and restricted activities.

In this article
What is needed before a service or experience listing is published
What is needed after a service or experience listing is published
What is needed before a service or experience listing is published

Services and experiences on Airbnb are vetted and to help ensure they meet our standards. In order to host a service or experience on Airbnb, you and your listing must meet the following criteria and requirements.

Host criteria for services and experiences
Identity verification and background check: Hosts must complete our identity verification process and, where applicable, may be required to complete criminal background checks or other vetting.
License or certification: Hosts must maintain valid licenses, insurance, and certifications as appropriate for the activity. Hosts may be required to provide proof of maintaining these credentials and insurance.
Services: Basic standards
Experience: A minimum of 2 years of experience in the relevant category or 5 years for chefs without a culinary degree.
Reputation: Hosts must maintain a high-quality professional reputation, as reflected in things like outstanding guest feedback, with additional consideration given to awards and features in publications, or other forms of recognition.
Portfolio: A portfolio of photos that highlights the host’s professional experience is needed for photography, chefs, catering, prepared meals, personal trainers, hair styling, makeup, and nails.
Services: Listing standards
Photos: You need to submit at least 5 high-quality color photos, including one photo for each offering, that give clear, realistic ideas of the service you provide. For photographers, we need at least 15 photos from your portfolio. For massage and spa listings, you must use photos Airbnb selects.
Title: Use your title to explain what the service is and who’s providing it.
Expertise: Explain why you’re uniquely qualified to host your service. Be direct, succinct, and specific.
Offerings: You need a minimum of 3 offerings (entry, standard, and premium), per listing. For example, an entry level price may be $50 USD or less for a more express or abbreviated service, a premium offering will be your highest price point, and your standard offering may be right in the middle. Each offering needs its own image, which should be easily understood at a small scale as a thumbnail photo. In the description of each offering, we recommend highlighting specific details like ingredients, techniques, equipment, or materials so that guests know what they’re buying.
Experiences: Basic standards
Knowledge: Host has formal training or other relevant background (examples: education, training or apprenticeship, or family background or heritage).
Activity: The activity is connected to what a city is known for and has ties to the local culture, cuisine, or people. The experience should encourage participation and connection with other guests and the host.
Place: The location for the experience must be safe, clean and comfortable, and must include all of the features needed to properly complete the activity. It should be a type of space that is typically used for this activity, and the size of the space should be appropriate for the size of the group.
Experiences: Listing standards
Photos: You must submit at least 5 high-quality color photos with your submission, and should add more when needed to set clear expectations.
Title: It’s recommended to lead with the experience’s main focus in the title and start with an action like “explore,” “discover,” or “taste.”
Description: Complement the title with language that emphasizes the appeal and helps guests understand what awaits. 
Itinerary: Outline the experience’s different sequenced activities from start to finish, so guests know exactly what they’ll do and can decide whether it’s a good fit for them. Include at least one activity, and up to 5, per listing.
What is needed after a service or experience listing is published

In order to continue to host an experience or service on Airbnb, you and your listing must meet the following criteria and requirements on an ongoing basis:

Hosts are expected to honor booked reservations and communicate with guests in a timely fashion prior to the reservation. If they don’t, the Host Cancellation Policy for services and experiences outlines the fees and other consequences that may apply, and guest refunds will be handled in accordance with the Refund Policy for services and experiences.
Hosts must also maintain safe and high-quality services and experiences. Learn more about Airbnb’s Host Ground Rules and Hosting Safety policies for services and experiences.
Airbnb reviews guest feedback, host cancellations, and reports to customer service about the safety and quality of services and experiences. Actions we may take include issuing warnings, suspending or removing listings, or removing host accounts.
Experience hosts are responsible for ensuring that any co-hosts that host reservations meet these standards and requirements as well.
Trust is the cornerstone of our community, and Airbnb verifies the identity of booking guests. It’s recommended that hosts not mix guests from Airbnb and other platforms on the same instance of an experience.
If a host chooses to have an onsite assistant perform support functions during the activity, the host must provide advance notice to guests as detailed in Airbnb’s Host Ground Rules and Hosting Safety policies.

Keep in mind that if you make significant changes to your listing (examples: to location or offerings) after it’s published, it will be vetted again.

Did this article help?
Yes
No
Related articles
Legal terms
Additional Terms for Service and Experience Hosts
Please review our Additional Terms for Service and Experience Hosts.
How-to
Food safety guidelines for Airbnb Services and Experiences
Hosts must keep things clean, separate raw and cooked foods, cook food thoroughly, keep food at safe temperatures, use safe water, and offer quality ingredients.
Rules
Tyrol
If you're thinking about becoming an Airbnb Host, here's some information to help you understand the laws in your city
Get help with your reservations, account, and more.
Log in or sign up
Site Footer
Support
Help Center
AirCover
Anti-discrimination
Disability support
Cancellation options
Report neighborhood concern
Hosting
Airbnb your home
AirCover for Hosts
Hosting resources
Community forum
Hosting responsibly
Airbnb-friendly apartments
Join a free Hosting class
Find a co‑host
Airbnb
2025 Summer Release
Newsroom
New features
Careers
Investors
Gift cards
Airbnb.org emergency stays
Footer section
© 2025 Airbnb, Inc.·Terms·Sitemap·Privacy·Your Privacy Choices
English (US)
€
EUR | Age guidelines for Airbnb services and experiences: Skip to content
Help Center
– home page
Search
Suggestions will show after typing in the search input. Use the up and down arrows to review. Use enter to select. If the selection is a phrase, that phrase will be submitted to search. If the suggestion is a link, the browser will navigate to that page.
Home
All topics
About hosting
Preparing to host a service
Age guidelines for Airbnb services and experiences
How-to • Experience host
Age guidelines for Airbnb services and experiences

For experiences, hosts are allowed to set age minimums, up to 21 or as required by applicable law or regulation, as long as those requirements are universally applied to all guests and not applied after booking

For services, hosts are allowed to set age minimums in their listing description, up to 18 or as required by applicable law or regulation, as long as those requirements are universally applied to all guests and not applied after booking

Here are some questions to consider when deciding whether to set an age restriction:

Is the age restriction consistent with applicable law?
Will younger guests be able to physically participate?
Is there any adult content presented by you or someone else, such as swearing or sexual references?
Will you be going to a venue that has age restrictions?
Will you or anyone else be serving alcohol?

For more information about how to host a safe and high quality service or experience involving family activities, see our expectations for services and experiences involving family activities.

Edit the age requirement for your service or experience
Desktop
iOS app
Android app
Mobile browser
Edit the age requirement on desktop
Click Listings and select the listing you want to edit
Under Listing editor, click Guest requirements
Click Minimum age and make your selection
Click Save

For experiences that allow guests under 18: Although only people 18 or over can make reservations, a child’s parent or legal guardian can book additional spots for children who meet your minimum age requirement. If guests book an experience on behalf of a minor, they represent that they are the legal guardian of that minor.

Services may only be booked by guests who are 18 or over.

Some hosts choose to allow children under the age of 2 to be present free of cost. That option is up to your discretion

Communicate ahead of time

Did a guest just book your Experience for their family? Help them plan by messaging them with considerations and tips to help the younger travelers enjoy the activity.


Did this article help?
Yes
No
Related articles
Community policy • Guest
Age requirements
You must be at least 18 to book a reservation or host your place on Airbnb.
Rules • Home host
Is placing restrictions based on a guest's age or familial status prohibited by law?
Housing laws are complex and are applied differently in many cases. You can read Airbnb's Nondiscrimination Policy and consult an attorney for advice.
How-to • Experience host
Can I set requirements for guests to attend my experience?
You can set details like required age, certification, and skill levels.
Get help with your reservations, account, and more.
Log in or sign up
Site Footer
Support
Help Center
AirCover
Anti-discrimination
Disability support
Cancellation options
Report neighborhood concern
Hosting
Airbnb your home
AirCover for Hosts
Hosting resources
Community forum
Hosting responsibly
Airbnb-friendly apartments
Join a free Hosting class
Find a co‑host
Airbnb
2025 Summer Release
Newsroom
New features
Careers
Investors
Gift cards
Airbnb.org emergency stays
Footer section
© 2025 Airbnb, Inc.·Terms·Sitemap·Privacy·Your Privacy Choices
English (US)
€
EUR | Guest contracts: Skip to content
Help Center
– home page
Search
Suggestions will show after typing in the search input. Use the up and down arrows to review. Use enter to select. If the selection is a phrase, that phrase will be submitted to search. If the suggestion is a link, the browser will navigate to that page.
Home
All topics
About hosting
Preparing to host a service
Guest contracts
How-to • Home host
Guest contracts

As a host, you can ask guests to sign a contract before staying at your place or booking a service or experience. However, you must disclose the actual contract terms in your listing description. In addition, you must include the full terms in your message thread with the guest.

If you fail to disclose the actual terms of the contract prior to booking, a guest can decline to sign it after making a booking request and ask you to cancel the reservation for a full refund. Keep in mind, Airbnb can’t help enforce any special policies in your contract.

Did this article help?
Yes
No
Related articles
How-to • Guest
If a host asks you to sign a contract
Some hosts require a rental agreement to secure a reservation but they must disclose this requirement and its terms prior to booking.
Legal terms
Airbnb Luxe Guest Booking Agreement
Please read our Airbnb Luxe Guest Booking Agreement.
Legal terms
Hotel Supplier Terms of Service
Please read our Hotel Supplier Terms of Service.
Get help with your reservations, account, and more.
Log in or sign up
Site Footer
Support
Help Center
AirCover
Anti-discrimination
Disability support
Cancellation options
Report neighborhood concern
Hosting
Airbnb your home
AirCover for Hosts
Hosting resources
Community forum
Hosting responsibly
Airbnb-friendly apartments
Join a free Hosting class
Find a co‑host
Airbnb
2025 Summer Release
Newsroom
New features
Careers
Investors
Gift cards
Airbnb.org emergency stays
Footer section
© 2025 Airbnb, Inc.·Terms·Sitemap·Privacy·Your Privacy Choices
English (US)
€
EUR",2025-07-08T11:01:04.352Z,
service-host,About hosting,Protection and insurance,https://www.airbnb.com/help/topic/1676,"Skip to content
Help Center
– home page
Search
Suggestions will show after typing in the search input. Use the up and down arrows to review. Use enter to select. If the selection is a phrase, that phrase will be submitted to search. If the suggestion is a link, the browser will navigate to that page.
Home
All topics
About hosting
Protection and insurance
Protection and insurance
Guide • Home host
Getting protected through AirCover for Hosts
AirCover for Hosts is top-to-bottom protection for Airbnb Hosts.
How-to • Experience host
Experiences & Services liability insurance
Experiences & Services liability insurance is a key component of AirCover for hosts, which is top-to-bottom protection for Airbnb hosts.
How-to
How the Resolution Center helps you
The Resolution Center lets you request or send money for things related to your home stay, service, or experience.
Rules
Airbnb Service and Experience host licensing and insurance requirements
In order to become an Airbnb Service or Experience host, you must possess valid license(s) and insurance. Hosts may also be required to show proof of licensing and/or insurance as part of their submission.
Legal terms • Experience host
Experiences & Services Liability Insurance Program Summary
Details on this key component of AirCover for hosts, which is top-to-bottom protection for Airbnb hosts.
Related topics
Service hosting basics
Preparing to host a service
Service categories and guidelines
Site Footer
Support
Help Center
AirCover
Anti-discrimination
Disability support
Cancellation options
Report neighborhood concern
Hosting
Airbnb your home
AirCover for Hosts
Hosting resources
Community forum
Hosting responsibly
Airbnb-friendly apartments
Join a free Hosting class
Find a co‑host
Airbnb
2025 Summer Release
Newsroom
New features
Careers
Investors
Gift cards
Airbnb.org emergency stays
Footer section
© 2025 Airbnb, Inc.·Terms·Sitemap·Privacy·Your Privacy Choices
English (US)
€
EUR",3,Getting protected through AirCover for Hosts | Experiences & Services liability insurance | How the Resolution Center helps you,"Getting protected through AirCover for Hosts: Skip to content
Help Center
– home page
Search
Suggestions will show after typing in the search input. Use the up and down arrows to review. Use enter to select. If the selection is a phrase, that phrase will be submitted to search. If the suggestion is a link, the browser will navigate to that page.
Home
All topics
About hosting
Protection and insurance
Getting protected through AirCover for Hosts
Guide • Home host
Getting protected through AirCover for Hosts

Sometimes accidents happen, which is why there’s AirCover for Hosts.

AirCover for Hosts is top-to-bottom protection for Hosts. It includes guest identity verification, reservation screening, $3M Host damage protection, $1M Host liability insurance, and a 24-hour safety line. It also includes $1M Experiences & Services liability insurance.

Requesting reimbursement


Damage protection covers you if a guest damages your place or belongings during an Airbnb stay. You’re reimbursed for certain damages a guest causes to your home or belongings if they don’t pay for the repairs needed. Damage protection also covers for the cost of specialized cleaning services in certain cases, like removing stains left by guests (or their invitees) or pet accidents, or for removing smoke odor.

Start a reimbursement request

Host liability insurance protects you in the unlikely event that you’re found legally responsible for a guest being hurt or their property being damaged or stolen during an Airbnb stay at your place.

Start a liability claim

AirCover for Hosts programs

Host damage protection
Get details about what’s eligible and how to request reimbursement.

Host liability insurance
Learn what’s covered and how to file a claim if a guest gets hurt during a stay.

Experiences & Services liability insurance
Learn what’s covered and how to file a claim if a guest gets hurt during an Experience or Service.

AirCover for Hosts and your personal insurance

While AirCover for Hosts protects you while you’re hosting an Airbnb stay, Experience, or Service, it’s not a substitute for personal insurance. You may also be required by law to maintain certain auto insurance, which would not be satisfied by AirCover for Hosts. Since everyone’s situation is different you should talk to your insurer to see how, or if, your policy overlaps with AirCover for Hosts.


Host damage protection, Host liability insurance, and Experiences & Services liability insurance don’t cover Hosts who offer stays through Airbnb Travel, LLC, or Hosts who offer stays or Experiences in Japan—where, Japan Host Insurance, and Japan Experience Protection Insurance apply. Host damage protection isn’t related to Host liability insurance. For Hosts who offered stays or experiences in mainland China, the China Host Protection Plan applies. For Hosts whose country of residence or establishment is outside of Australia, these Host Damage Protection Terms apply. For Hosts whose country of residence or establishment is within Australia, Host damage protection is subject to the Host Damage Protection Terms for Australian Users. For listings in Washington state, Airbnb’s contractual obligations under Host damage protection are covered by an insurance policy purchased by Airbnb. Keep in mind that all coverage limits are shown in USD.

Host liability insurance and Experiences & Services liability insurance are underwritten by third party insurers. If you’re hosting in the UK, the Host liability insurance policy and Experiences & Services liability insurance policy are underwritten by Zurich Insurance Company Ltd. and are arranged and concluded at no additional cost for UK Hosts by Airbnb UK Services Limited – an appointed representative of Aon UK Limited, authorized and regulated by the Financial Conduct Authority. Aon’s FCA register number is 310451. You can check this on the Financial Services Register by visiting the FCA’s website or contacting the FCA on 0800 111 6768. The Host liability and Experiences & Services liability policies within Aircover for Hosts are regulated by the Financial Conduct Authority; the remaining products and services are not regulated products arranged by Airbnb UK Services Limited. FP.AFF.418.LC

In the EU, these policies have been arranged and concluded at no additional cost for the benefit of EU Hosts by Airbnb Marketing Services SLU, an external collaborator of Aon Iberia Correduría de Seguros y Reaseguros, SAU, which is authorised and regulated by Autoridad de Control de la Dirección General de Seguros y Fondos de Pensiones, registered by the serial number of J0170. Aon Iberia Correduría de Seguros y Reaseguros SAU is acting as intermediary for the EU, participating in the distribution of insurance in EU countries under the freedom of services regime to provide services under the Spanish Insurance Distribution Law, the Insurance Distribution Directive, and other legal or regulatory provisions. Without prejudice to the authority of the Host country where insurance distribution services are provided, the member state responsible for the supervision of Aon is the Kingdom of Spain and the Supervisory Authority, the General Directorate of Insurance and Pension Funds, at Paseo de la Castellana 44, 28046 – Madrid.

Did this article help?
Yes
No
Related articles
How-to • Home host
Host damage protection
Host damage protection, a part of AirCover for Hosts, provides Hosts with $3 million in coverage in the rare event your place or belongings are damaged by a guest during an Airbnb stay.
How-to • Gastgeber:in
Host liability insurance
Host liability insurance is a key component of AirCover for hosts, which is top-to-bottom protection for Airbnb hosts.
Legal terms
Host Damage Protection Terms
Please review our Host Damage Protection Terms.
Get help with your reservations, account, and more.
Log in or sign up
Site Footer
Support
Help Center
AirCover
Anti-discrimination
Disability support
Cancellation options
Report neighborhood concern
Hosting
Airbnb your home
AirCover for Hosts
Hosting resources
Community forum
Hosting responsibly
Airbnb-friendly apartments
Join a free Hosting class
Find a co‑host
Airbnb
2025 Summer Release
Newsroom
New features
Careers
Investors
Gift cards
Airbnb.org emergency stays
Footer section
© 2025 Airbnb, Inc.·Terms·Sitemap·Privacy·Your Privacy Choices
English (US)
€
EUR | Experiences & Services liability insurance: Skip to content
Help Center
– home page
Search
Suggestions will show after typing in the search input. Use the up and down arrows to review. Use enter to select. If the selection is a phrase, that phrase will be submitted to search. If the suggestion is a link, the browser will navigate to that page.
Home
All topics
About hosting
Protection and insurance
Experiences & Services liability insurance
How-to • Experience host
Experiences & Services liability insurance

Experiences & Services liability insurance (“ELI Program”), a part of AirCover for Hosts, provides Hosts with $1 million in coverage in the rare event you are found legally responsible for a guest getting hurt or their belongings being damaged or stolen during an Airbnb Experience or Service. People who help you host, like Co-Hosts, are also included, so you can feel confident hosting on Airbnb.

Airbnb requires that all Experience and Service Hosts maintain liability insurance appropriate for their business. Based on the type of Experience or Service you want to host, you may be required to provide proof of licensure and/or insurance as part of the submission process. When insurance maintained by an Experience or Service Host applies to a claim, the ELI Program provides coverage to the extent the claim exceeds the Experience or Service Host’s insurance limits.

To learn more about Experiences & Services liability insurance, go to the comprehensive program summary.

Start a liability claim

File a claim if a guest gets hurt or their belongings are damaged or stolen.

Go to intake form

What's covered

Experiences & Services liability insurance covers you if you’re found legally responsible for:

Bodily injury to a guest (or others)
Damage to or theft of property belonging to a guest (or others)

The incident must arise out of the booking of an Airbnb Experience or Service through the Airbnb platform and occur during the Experience or Service, or while you’re preparing for or cleaning up after your Experience or Service, not to exceed a 24 hour period.

Experiences & Services liability insurance doesn't cover:

Damage or injury to a guest resulting from something done intentionally
Damage, loss, or theft to your personal property
Experiences involving aircraft or certain types of extreme activities (like bungee jumping)
Online-related risks such as defamation, theft of electronic data, or infringement of intellectual property rights
Other exclusions apply
The claims process

If you need to file a claim, just fill out our liability insurance intake form. The info will be sent to our trusted third-party insurer, who will assign your claim to a representative. They’ll resolve your claim according to the terms of the insurance policy.

No opt-in required


AirCover for Hosts and its benefits are always included and always free. By simply agreeing to host or continuing to host an Experience or Service, you are automatically covered whenever you host an Airbnb Experience or Service.

If you want to opt out


Email us from the email address associated with your Host account. Be sure to include the exact title of your listing, your full name, and the phone number associated with your Host account.

The email link above is only for opting out.

Please note that Hosts in the UK can’t opt out of this free liability insurance.

To learn more about Experiences liability insurance, go to the comprehensive program summary.

Disclaimer: Experiences & Services liability insurance doesn’t cover Hosts who offer experiences in Japan. For Hosts who offered experiences in mainland China, the China Host Protection Plan applies. Keep in mind that all coverage limits are shown in USD, and that there are other terms, conditions, and exclusions. If you’re hosting in the UK, the Experiences & Services liability insurance policy is underwritten by Zurich Insurance Company Ltd., and is arranged and concluded at no additional cost for UK Hosts by Airbnb UK Services Limited—an appointed representative of Aon UK Limited, authorized and regulated by the Financial Conduct Authority. Aon’s FCA register number is 310451. You can check this on the Financial Services Register by visiting the FCA’s website or contacting the FCA on 0800 111 6768. FP.AFF.416.LC If you’re hosting in the EU, you can access the full details of the insurance intermediary here.
Note: This article is part of Getting protected through AirCover for Hosts, a guide about damage and liability coverage.
Did this article help?
Yes
No
Related articles
Legal terms • Host
Host Liability Insurance Program Summary
Details on this key component of AirCover for hosts, which is top-to-bottom protection for Airbnb hosts.
How-to • Host
Host liability insurance
Host liability insurance is a key component of AirCover for hosts, which is top-to-bottom protection for Airbnb hosts.
Community policy • Experience host
Airbnb Services and Experiences standards and requirements
Find details on the standards and requirements that Airbnb Services and Experiences hosts must meet.
Get help with your reservations, account, and more.
Log in or sign up
Site Footer
Support
Help Center
AirCover
Anti-discrimination
Disability support
Cancellation options
Report neighborhood concern
Hosting
Airbnb your home
AirCover for Hosts
Hosting resources
Community forum
Hosting responsibly
Airbnb-friendly apartments
Join a free Hosting class
Find a co‑host
Airbnb
2025 Summer Release
Newsroom
New features
Careers
Investors
Gift cards
Airbnb.org emergency stays
Footer section
© 2025 Airbnb, Inc.·Terms·Sitemap·Privacy·Your Privacy Choices
English (US)
€
EUR | How the Resolution Center helps you: Skip to content
Help Center
– home page
Search
Suggestions will show after typing in the search input. Use the up and down arrows to review. Use enter to select. If the selection is a phrase, that phrase will be submitted to search. If the suggestion is a link, the browser will navigate to that page.
Home
All topics
About hosting
Protection and insurance
How the Resolution Center helps you
How-to
How the Resolution Center helps you

Need to send or request money for things related to your home stay, service, or experience? No problem! Go to the Resolution Center to open a refund or payment request.

In this article
Sending or requesting money in the Resolution Center
What you can use the Resolution Center for
What the Resolution Center can’t be used for
Where to find your Resolution Center requests
If a host and guest can't reach an agreement
Getting reimbursed for damage
Sending or requesting money in the Resolution Center

You may need to add a payment method before sending or requesting money through the Resolution Center.

You have up to 60 days after your reservation’s checkout date or the end of the service or experience to submit a Resolution Center request.

What you can use the Resolution Center for

Refunds

Refunds agreed upon by both host and guests
Requests from guests for refunds

Optional fees

For example:

Host offering paid transportation service to their home, business, or experience location 
Guest access to elected amenities or upgrades

Security deposits

Security deposits can only be charged by select software-connected hosts and must be properly disclosed in the appropriate fee field, so that it is disclosed to guests at checkout.
What the Resolution Center can’t be used for

Reservation alteration

You can’t use the Resolution Center to collect payment for additional costs or provide refunds for modifications to nights, guest count, or pet count. You must use Change reservation for reservation alterations.

Mandatory fees and security deposits

All mandatory fees must be disclosed in the appropriate fee field or in the nightly price if there is no applicable fee field. Including these fees in the listing description at the time of booking is insufficient. Limited exceptions exist:

Select software-connected hosts may collect payment for disclosed mandatory fees and security deposits separately in the Resolution Center. These mandatory fees include:
Utilities (water, heat, electricity, air conditioning)
Resort fees
Linen fees
Management fees
HOA fees
Cleaning fees
Security deposits

In locations where Airbnb does not collect taxes or where hosts are legally required to collect them directly from guests, hosts must disclose taxes in the listing description.

Hotel stays

The Resolution Center may not be available for use with some hotel stays. Hotels may also collect payment off of the Airbnb platform for optional fees (ex: parking) where it is in the course of normal business practices.

Where to find your Resolution Center requests

If a host or guest requests money for extra services or a refund, you’ll find their request in your email associated with your Airbnb account or in the Resolution Center.

If a host and guest can't reach an agreement

Every now and then, hosts and guests aren’t able to make it work. If you haven’t come to an agreement, you’ll see the option to ask Airbnb to help you mediate.

Issues must be reported to Airbnb within 72 hours of discovery to be eligible under our rebooking and refund policy for homes or our refund policy for services and experiences. From there, a dedicated team member will review the info provided by everyone and ask questions (if necessary) before making a final decision.

Getting reimbursed for damage

Sometimes accidents happen, which is why there’s AirCover for Hosts. 

AirCover for Hosts is top-to-bottom protection for hosts. It includes $3 million in Host damage protection, in addition to $1 million liability insurance, guest identity verification, reservation screening and a 24-hour safety line. It’s always included and always free whenever you host.

If a guest causes damage to your place or belongings during an Airbnb stay, you can file a reimbursement request through our Resolution Centre. You’re reimbursed for certain damage caused by guests to your home and belongings if the guest does not pay for the damage. Learn about the process.

Host damage protection isn’t an insurance policy. Host damage protection and Experiences & Services liability insurance don’t cover Hosts who offer stays through Airbnb Travel, LLC or Hosts who offer Stays or Experiences in Japan – where Japan Host Insurance and Japan Experience Protection Insurance apply. For listings in Washington state, Airbnb’s contractual obligations under Host damage protection are covered by an insurance policy purchased by Airbnb. For hosts whose country of residence or establishment is outside of Australia, these Host Damage Protection Terms apply. For Hosts whose country of residence or establishment is within Australia, Host damage protection is subject to the Host Damage Protection Terms for Australian Users. Keep in mind that all coverage limits are shown in USD.

Host liability insurance and Experiences & Services liability insurance are underwritten by third-party insurers. If you’re hosting in the UK, the Host liability insurance policy and Experiences & Services liability insurance policy are underwritten by Zurich Insurance Company Ltd and are arranged and concluded at no additional cost for UK Hosts by Airbnb UK Services Limited – an appointed representative of Aon UK Limited, authorised and regulated by the Financial Conduct Authority. Aon’s FCA register number is 310451. You can check this on the Financial Services Register by visiting the FCA’s website or contacting the FCA on 0800 111 6768. The Host liability and Experiences & Services liability policies within AirCover for Hosts are regulated by the Financial Conduct Authority; the remaining products and services are not regulated products arranged by Airbnb UK Services Limited. FP.AFF.476.LC

In the EU, these policies have been arranged and concluded at no additional cost for the benefit of EU Hosts by Airbnb Marketing Services SLU, an external collaborator of Aon Iberia Correduría de Seguros y Reaseguros, SAU, which is authorised and regulated by Autoridad de Control de la Dirección General de Seguros y Fondos de Pensiones, registered by the serial number of J0170. Aon Iberia Correduría de Seguros y Reaseguros SAU is acting as intermediary for the EU, participating in the distribution of insurance in EU countries under the freedom of services regime to provide services under the Spanish Insurance Distribution Law, the Insurance Distribution Directive, and other legal or regulatory provisions. Without prejudice to the authority of the Host country where insurance distribution services are provided, the member state responsible for the supervision of Aon is the Kingdom of Spain and the Supervisory Authority, the General Directorate of Insurance and Pension Funds, at Paseo de la Castellana 44, 28046 – Madrid.

Did this article help?
Yes
No
Related articles
How-to • Huésped
If a host asks for more money
All pricing information is included when you book a home, service, or experience—but there are a few situations where you may owe more after paying.
Guide • Guest
Help with post-trip issues
Your trip is over, but there are a few things to wrap up (maybe you left something at the place, or your Host charged you for something extra).
How-to • Guest
After your trip: Handling disagreements
If your disagreement is money-related, you can use our Resolution Center to request or send money for things related to your Airbnb trip.
Get help with your reservations, account, and more.
Log in or sign up
Site Footer
Support
Help Center
AirCover
Anti-discrimination
Disability support
Cancellation options
Report neighborhood concern
Hosting
Airbnb your home
AirCover for Hosts
Hosting resources
Community forum
Hosting responsibly
Airbnb-friendly apartments
Join a free Hosting class
Find a co‑host
Airbnb
2025 Summer Release
Newsroom
New features
Careers
Investors
Gift cards
Airbnb.org emergency stays
Footer section
© 2025 Airbnb, Inc.·Terms·Sitemap·Privacy·Your Privacy Choices
English (US)
€
EUR",2025-07-08T11:01:23.301Z,
service-host,About hosting,Service categories and guidelines,https://www.airbnb.com/help/topic/1677,"Skip to content
Help Center
– home page
Search
Suggestions will show after typing in the search input. Use the up and down arrows to review. Use enter to select. If the selection is a phrase, that phrase will be submitted to search. If the suggestion is a link, the browser will navigate to that page.
Home
All topics
About hosting
Service categories and guidelines
Service categories and guidelines
Rules • Service host
Beauty-related services
When you provide a beauty service on Airbnb, it’s important to familiarize yourself with the local laws and registration requirements.
Rules • Service host
Photography-related services
When you provide a photography service on Airbnb, it’s important to familiarize yourself with the local laws and registration requirements.
Rules • Service host
Massage and spa treatment related services
When you provide a massage or spa treatment service on Airbnb, it’s important to familiarize yourself with the local laws and registration requirements.
Rules • Service host
Personal training-related services
When you provide a fitness or personal training service on Airbnb, it’s important to familiarize yourself with the local laws and registration requirements.
Related topics
Service hosting basics
Preparing to host a service
Protection and insurance
Site Footer
Support
Help Center
AirCover
Anti-discrimination
Disability support
Cancellation options
Report neighborhood concern
Hosting
Airbnb your home
AirCover for Hosts
Hosting resources
Community forum
Hosting responsibly
Airbnb-friendly apartments
Join a free Hosting class
Find a co‑host
Airbnb
2025 Summer Release
Newsroom
New features
Careers
Investors
Gift cards
Airbnb.org emergency stays
Footer section
© 2025 Airbnb, Inc.·Terms·Sitemap·Privacy·Your Privacy Choices
English (US)
€
EUR",3,Beauty-related services | Photography-related services | Massage and spa treatment related services,"Beauty-related services: Skip to content
Help Center
– home page
Search
Suggestions will show after typing in the search input. Use the up and down arrows to review. Use enter to select. If the selection is a phrase, that phrase will be submitted to search. If the suggestion is a link, the browser will navigate to that page.
Home
All topics
About hosting
Service categories and guidelines
Beauty-related services
Rules • Service host
Beauty-related services

If you are providing a service on Airbnb, it’s important to be familiar with the laws and registration requirements that may apply to your service listing.*

It’s important to note that different countries, states, and cities have different licensing requirements and rules. It’s your responsibility as someone providing a service on Airbnb to make sure you comply with local laws and regulations.

NOTE: If you are unsure about how local laws or this information may apply to you or your services and experiences, check with official sources or seek legal advice.

In this article
Basic principles for any beauty-related services
If you want to provide beauty services to guests outside of your salon
Additional things to think about when providing a beauty service
Basic principles for any beauty-related services

Many countries have qualification or licensing requirements for beauty practitioners, including those engaged in services for hair, makeup and nails. You may need to obtain or have a relevant cosmetology, esthetician, barber, nail technician or related licenses to provide a service for a guest. In addition to these qualifications, it’s a good idea to keep both your health and safety, and your guests’, top of mind. For example, it’s a good idea to:

Familiarize yourself with official sources or seek legal advice to understand the requirements for providing professional esthetician, cosmetology and related service

Ask your guests in advance about any specific looks or goals they may have in mind, to best provide a service that will cater to your guest’s needs
If you want to provide beauty services to guests outside of your salon

If you want to provide beauty services outside of a traditional brick and mortar salon, (such as in a guest’s home), find out if you need any additional requirements or regulations under your local laws.

NOTE: In some jurisdictions, in-home services are not permitted by local laws, or separate licensing may be required to provide a beauty or aesthetic service outside a salon. In other jurisdictions, you may also be permitted to operate your service from a mobile establishment or mobile salon. Check your local requirements for any additional licensing requirements for these types of establishments.

Additional things to think about when providing a beauty service


You’ll need to check with your local authorities to be certain you’re meeting all local requirements before you provide a service.

In some jurisdictions, it may be necessary to obtain a general business licence in order to be able to provide beauty services to members of the public. Below are some examples (note this is not a comprehensive list):

Check with your local zoning board or planning authority to find out whether any local rules limit the ways in which the property for your service or experience may be used
Find out what tax rules may apply to your activity, and check whether you are legally required to obtain special insurance cover

If you are unsure about anything relating to your service, check with your local licensing board directly, or speak to a lawyer, to discuss and confirm your service complies with local laws including health, tax, and insurance requirements.

*Airbnb isn’t responsible for the reliability or correctness of the information contained in any links to third party sites (including any links to legislation and regulations) Airbnb also doesn’t have control over the conduct of those who provide a service on Airbnb, and disclaims all liability.

Failure of hosts or co-hosts to satisfy their responsibilities may result in suspension of activity or removal from the Airbnb website.

Did this article help?
Yes
No
Get help with your reservations, account, and more.
Log in or sign up
Site Footer
Support
Help Center
AirCover
Anti-discrimination
Disability support
Cancellation options
Report neighborhood concern
Hosting
Airbnb your home
AirCover for Hosts
Hosting resources
Community forum
Hosting responsibly
Airbnb-friendly apartments
Join a free Hosting class
Find a co‑host
Airbnb
2025 Summer Release
Newsroom
New features
Careers
Investors
Gift cards
Airbnb.org emergency stays
Footer section
© 2025 Airbnb, Inc.·Terms·Sitemap·Privacy·Your Privacy Choices
English (US)
€
EUR | Photography-related services: Skip to content
Help Center
– home page
Search
Suggestions will show after typing in the search input. Use the up and down arrows to review. Use enter to select. If the selection is a phrase, that phrase will be submitted to search. If the suggestion is a link, the browser will navigate to that page.
Home
All topics
About hosting
Service categories and guidelines
Photography-related services
Rules • Service host
Photography-related services

If you’re providing a service on Airbnb, it’s important to be familiar with the laws and registration requirements that may apply to your service listing.*

It’s important to note that different countries, states, and cities have different licensing requirements and rules. It’s your responsibility as someone providing a service on Airbnb to make sure you comply with local laws and regulations.

NOTE: If you are unsure about how local laws or this information may apply to you or your services and experiences, check with official sources or seek legal advice.

In this article
Basic principles for photography-related services
Licenses and permits for photography services on public areas or monuments
Insurance requirements for your photography service
Basic principles for photography-related services

How you handle your service and listing is up to you, but we encourage you to:

Ask your guests about their goals of the photography session, including any special occasions, types of photos they’re seeking, and location preferences;
Explain what guests should expect from your photography session, including the duration and any limitations affected by the selected location or time of day;
Consider pricing your photography session based on group or duration, rather than number of guests;
Let your guests know when they may expect the final product, and how they will receive it;
Inform guests on your listing page if you have any additional agreements they will need to sign, like a release regarding rights to the photos; and
Provide a copy of any additional agreement upon request.
Licenses and permits for photography services on public areas or monuments

Under your local, city, state, provincial or national laws, you may need a license or permit to offer a service or sell goods to customers on public lands. Each park or public land has its own rules on what activities are allowed within the space. The types of activities permitted in public areas may depend on the land location, size, terrain, and resources. We encourage you to confirm with an appropriate park official that your service is allowed on the specific public land. If a permit is required, the type of permit you’ll need may vary based on what your service involves. In addition, certain services may trigger additional licensing requirements. It’s possible that multiple government or public entities have jurisdiction over a public space.

Permit and license requirements.The processes and requirements for obtaining permits and licenses vary. Park managers and the heads of local, regional, and national entities controlling a public space have wide discretion regarding what’s required to receive an individual permit.
Fees and taxes. You’ll likely need to pay a fee for your permit, and the fee amounts may vary. Depending on what your service involves, additional fees may apply for using the public space. It’s your responsibility to ensure that all applicable fees and taxes related to your service are paid.
Insurance requirements for your photography service

Most services on public lands require some type of insurance. However, the insurance requirements and who should be listed on the policy can vary by type of activity, permit type, and the governing entity. Be sure to confirm insurance requirements directly with the issuer of your permit.

If you’re unsure about anything relating to your service, check with your local public lands authority directly, or speak to a lawyer, to discuss and confirm your service complies with local laws including safety, tax, and insurance requirements.

*Airbnb isn’t responsible for the reliability or correctness of the information contained in any links to third party sites (including any links to legislation and regulations). Airbnb also doesn’t have control over the conduct of those who provide a service on Airbnb, and disclaims all liability.

Failure of hosts or co-hosts to satisfy their responsibilities may result in suspension of activity or removal from the Airbnb website.

Did this article help?
Yes
No
Get help with your reservations, account, and more.
Log in or sign up
Site Footer
Support
Help Center
AirCover
Anti-discrimination
Disability support
Cancellation options
Report neighborhood concern
Hosting
Airbnb your home
AirCover for Hosts
Hosting resources
Community forum
Hosting responsibly
Airbnb-friendly apartments
Join a free Hosting class
Find a co‑host
Airbnb
2025 Summer Release
Newsroom
New features
Careers
Investors
Gift cards
Airbnb.org emergency stays
Footer section
© 2025 Airbnb, Inc.·Terms·Sitemap·Privacy·Your Privacy Choices
English (US)
€
EUR | Massage and spa treatment related services: Skip to content
Help Center
– home page
Search
Suggestions will show after typing in the search input. Use the up and down arrows to review. Use enter to select. If the selection is a phrase, that phrase will be submitted to search. If the suggestion is a link, the browser will navigate to that page.
Home
All topics
About hosting
Service categories and guidelines
Massage and spa treatment related services
Rules • Service host
Massage and spa treatment related services

If you are providing a service on Airbnb, it’s important to be familiar with the laws and registration requirements that may apply to your service listing.*

It’s important to note that different countries, states, and cities have different licensing requirements and rules. It’s your responsibility as someone providing a service on Airbnb to make sure you comply with local laws and regulations.

NOTE: If you are unsure about how local laws or this information may apply to you or your services and experiences, check with official sources or seek legal advice.

In this article
Basic principles for any massage or spa treatment related services
If you want to provide massage or spa treatments to guests outside of your salon or studio
Additional things to think about when providing massage or spa treatments
Basic principles for any massage or spa treatment related services

Many countries have certification or licensing requirements for a therapist to provide massage or spa treatment services. Because these services involve close engagement with a guest, it’s pertinent to keep both your health and safety, and your guests’, top of mind. For example, it’s a good idea to:

Familiarize yourself with official sources or seek legal advice to understand the rules that apply to providing massage or spa and wellness related services to a guest
Ask your guests in advance about any preferences or considerations, to ensure their comfort and safety during the service
Certain types of massages and spa services are not permitted, such as:
Medical massages or spa treatments aimed at treatment of specific health conditions diagnosed by a doctor
Massages advertising sexual activity
Use of needles or laser treatments in massage or spa related services
Non-surgical fat reduction treatments
Chemical peels and dermal fillers
If you want to provide massage or spa treatments to guests outside of your salon or studio

If you want to provide massage or spa treatments outside of a salon or studio, (such as in the guest’s home), find out if this triggers additional regulations or requirements under your local laws.

NOTE: Some jurisdictions may prohibit you from providing these types of services outside of a licensed business establishment, or require you to obtain specific outcall permits or permissions to carry out such activities. Check your local city, state, or national (if applicable) requirements for restrictions on where these services may be performed.

Additional things to think about when providing massage or spa treatments

You’ll need to check with your local authorities to be certain you’re meeting all local requirements before you provide a service.

In some jurisdictions, it may be necessary to obtain a general business licence in order to be able to provide spa treatments or massage services to members of the public. Below are some examples (note this is not a comprehensive list):

Check with your local zoning board or planning authority to find out whether any local rules limit the ways in which the property for your service or experience may be used
Find out what tax rules may apply to your activity, and check whether you’re legally required to obtain special insurance cover

If you’re unsure about anything relating to your service, check with your local licensing board directly, or speak to a lawyer, to discuss and confirm your service complies with local laws including health, tax, and insurance requirements.

*Airbnb isn’t responsible for the reliability or correctness of the information contained in any links to third party sites (including any links to legislation and regulations). Airbnb also doesn’t have control over the conduct of those who provide a service on Airbnb, and disclaims all liability.

Failure of hosts or co-hosts to satisfy their responsibilities may result in suspension of activity or removal from the Airbnb website.

Did this article help?
Yes
No
Get help with your reservations, account, and more.
Log in or sign up
Site Footer
Support
Help Center
AirCover
Anti-discrimination
Disability support
Cancellation options
Report neighborhood concern
Hosting
Airbnb your home
AirCover for Hosts
Hosting resources
Community forum
Hosting responsibly
Airbnb-friendly apartments
Join a free Hosting class
Find a co‑host
Airbnb
2025 Summer Release
Newsroom
New features
Careers
Investors
Gift cards
Airbnb.org emergency stays
Footer section
© 2025 Airbnb, Inc.·Terms·Sitemap·Privacy·Your Privacy Choices
English (US)
€
EUR",2025-07-08T11:01:42.209Z,
service-host,About hosting,Calendar and bookings,https://www.airbnb.com/help/topic/1666,"Skip to content
Help Center
– home page
Search
Suggestions will show after typing in the search input. Use the up and down arrows to review. Use enter to select. If the selection is a phrase, that phrase will be submitted to search. If the suggestion is a link, the browser will navigate to that page.
Home
All topics
Managing your service
Calendar and bookings
Calendar and bookings
How-to
Sync your Airbnb Experiences and Services with your Google Calendar
Add your Airbnb Experiences and Services to your Google calendar from your desktop or mobile browser.
How-to • Host
How booking works for hosts of services and experiences
When a guest books a service or experience, you’ll receive their information and we’ll let them know all the details about their reservation.
How-to • Host
When guests request to reschedule a service or experience
Guests can request to book your service or experience any date or time not listed on your calendar or ask to reschedule a reservation they have already made.
How-to • Host
What guest details hosts can expect prior to booking
Find out what details you'll be able to review when a potential guest sends you a request.
How-to
Manage your availability for services
Service hosts can set their availability and customize how much advance notice and preparation time they need for each of their offerings.
Related topics
Updating your service page
Pricing your service
Marketing and promoting your service
Site Footer
Support
Help Center
AirCover
Anti-discrimination
Disability support
Cancellation options
Report neighborhood concern
Hosting
Airbnb your home
AirCover for Hosts
Hosting resources
Community forum
Hosting responsibly
Airbnb-friendly apartments
Join a free Hosting class
Find a co‑host
Airbnb
2025 Summer Release
Newsroom
New features
Careers
Investors
Gift cards
Airbnb.org emergency stays
Footer section
© 2025 Airbnb, Inc.·Terms·Sitemap·Privacy·Your Privacy Choices
English (US)
€
EUR",3,Sync your Airbnb Experiences and Services with your Google Calendar | How booking works for hosts of services and experiences | When guests request to reschedule a service or experience,"Sync your Airbnb Experiences and Services with your Google Calendar: Skip to content
Help Center
– home page
Search
Suggestions will show after typing in the search input. Use the up and down arrows to review. Use enter to select. If the selection is a phrase, that phrase will be submitted to search. If the suggestion is a link, the browser will navigate to that page.
Home
All topics
Managing your experience
Calendar and bookings
Sync your Airbnb Experiences and Services with your Google Calendar
How-to
Sync your Airbnb Experiences and Services with your Google Calendar

Add your Airbnb Experiences and Services to your Google Calendar from your desktop or mobile browser.

In this article
Sync your Airbnb calendar with your Google Calendar
Syncing all Airbnb Experiences and Services
Sync your Airbnb calendar with your Google Calendar

Your Google Calendar displays your Airbnb calendar under Other calendars.

Desktop
iOS app
Android app
Mobile browser
Sync your services and experiences with your Google Calendar on desktop
Click Calendar and then click Connect
Click Continue
Choose your Google Calendar and click Connect calendars
Syncing all Airbnb Experiences and Services

You have options to sync all experiences and services as one calendar, select a few experiences and services as one calendar, or sync each experience or service as one calendar. These options are helpful if:

You have a co-host for some of your experiences, and want to sync these as one calendar to share with them
You have multiple instances for each experience and service, and want to sync them one-by-one, allowing you to toggle between calendars in your personal calendar

Events on your Google Calendar will be synced to your experiences and services listings as blocked times, and booked reservations will be synced to your Google Calendar.

Did this article help?
Yes
No
Related articles
How-to • Home host
How can I hold dates for a guest?
Sometimes hosts want to make dates on their calendar available so that only a certain guest can book. To do this, your guest can request to book or send an inquiry.
How-to • Home host
Sync your home host calendar to other websites
If you host your home on other websites, you can link all of your hosting calendars to prevent multiple guests from booking the same dates.
How-to • Home host
What are my choices to sync listings through software?
You can change your sync settings through your PMS/CM software or using Airbnb.
Get help with your reservations, account, and more.
Log in or sign up
Site Footer
Support
Help Center
AirCover
Anti-discrimination
Disability support
Cancellation options
Report neighborhood concern
Hosting
Airbnb your home
AirCover for Hosts
Hosting resources
Community forum
Hosting responsibly
Airbnb-friendly apartments
Join a free Hosting class
Find a co‑host
Airbnb
2025 Summer Release
Newsroom
New features
Careers
Investors
Gift cards
Airbnb.org emergency stays
Footer section
© 2025 Airbnb, Inc.·Terms·Sitemap·Privacy·Your Privacy Choices
English (US)
€
EUR | How booking works for hosts of services and experiences: Skip to content
Help Center
– home page
Search
Suggestions will show after typing in the search input. Use the up and down arrows to review. Use enter to select. If the selection is a phrase, that phrase will be submitted to search. If the suggestion is a link, the browser will navigate to that page.
Home
All topics
Managing your experience
Calendar and bookings
How booking works for hosts of services and experiences
How-to • Domaćin
How booking works for hosts of services and experiences

Hosting services and experiences through Airbnb is a great way to share your skills and meet new people. Once Airbnb has approved your service or experience and you've published it on Airbnb, guests can book available dates.

Guests can check out your listing, ask questions, and decide if your service or experience is right for them. Then they will need to review your requirements before making a reservation.

What happens once they’ve booked

When a guest books, we'll send you an email with their profile and contact information. Guests will receive a confirmation with details about where to meet and when, and what to bring (if applicable).

A group message thread is automatically created between you, the booker, and any additional guests. This thread allows you to stay in touch before, during, and after their reservation.

Need to get in contact with a guest of an experience? You can contact them privately by heading to Details and clicking or tapping the messaging icon next to their name in Who’s going.

You can also give guests a better idea of what to expect by sending them visual attachments.

Primary bookers for groups

If you need the primary booker to verify their ID before attending your service or experience, they’ll have 3 days to do so, or their entire reservation will be automatically canceled.

Did this article help?
Yes
No
Related articles
How-to • Gost
Booking services and experiences
It’s easy to book an Airbnb service or experience. You can choose a specific city and date, or browse through what’s available.
How-to • Guest
Booking requirements for experiences
You must comply with local laws and regulations when you go on an experience. Some activities require different skills or a specific licence.
How-to • Experience host
Choosing great photos for your Airbnb Experience
You’ll need at least 5 great, high-quality photos that capture the essence of your experience. These photos should tell your unique story and they’ll be displayed in a grid on your experience page.
Get help with your reservations, account, and more.
Log in or sign up
Site Footer
Support
Help Center
AirCover
Anti-discrimination
Disability support
Cancellation options
Report neighborhood concern
Hosting
Airbnb your home
AirCover for Hosts
Hosting resources
Community forum
Hosting responsibly
Airbnb-friendly apartments
Join a free Hosting class
Find a co‑host
Airbnb
2025 Summer Release
Newsroom
New features
Careers
Investors
Gift cards
Airbnb.org emergency stays
Footer section
© 2025 Airbnb, Inc.·Terms·Sitemap·Privacy·Your Privacy Choices
English (US)
€
EUR | When guests request to reschedule a service or experience: Skip to content
Help Center
– home page
Search
Suggestions will show after typing in the search input. Use the up and down arrows to review. Use enter to select. If the selection is a phrase, that phrase will be submitted to search. If the suggestion is a link, the browser will navigate to that page.
Home
All topics
Managing your experience
Calendar and bookings
When guests request to reschedule a service or experience
How-to • Host
When guests request to reschedule a service or experience

If guests are within the free cancellation period of their reservation, they can cancel and instantly rebook for any other available time and date on your calendar.

Requests to reschedule a reservation

If a guest is outside your cancellation window, they can send you a request to change their reservation. You can review the reservation details in your message thread where you have 24 hours to accept or decline the request. If you accept it, the booking modification will be completed and you will waive any amount you would have received for a late cancellation. If you reject it and the guest cannot make the original date and time, you will receive any earnings to which you are entitled for a late cancellation.

If you accept a guest’s request to reschedule, it’ll be scheduled on your calendar. If you decline a guest’s request, the original reservation will stay the same.

Review a guest’s request to reschedule a reservation
Desktop
iOS app
Android app
Mobile browser
Reviewing a guest’s request on desktop
Click Messages and go to the message thread with your guest’s request
Click Review
Click Accept or Decline
Click Show details to view the updated reservation
Did this article help?
Yes
No
Related articles
How-to • Guest
Request a custom date or time for a service or experience
Contact the host to request to book a date or time not listed on their calendar. They'll review and accept or deny your request.
How-to • Guest
Search for Airbnb home listings
Use filters, check out maps, and read the descriptions of places to narrow your options to find a good fit for your trip.
How-to • Guest
Change the date or time of your service or experience reservation
When you book a service or experience, you can update the date or time depending on your host’s availability and their cancellation policy.
Get help with your reservations, account, and more.
Log in or sign up
Site Footer
Support
Help Center
AirCover
Anti-discrimination
Disability support
Cancellation options
Report neighborhood concern
Hosting
Airbnb your home
AirCover for Hosts
Hosting resources
Community forum
Hosting responsibly
Airbnb-friendly apartments
Join a free Hosting class
Find a co‑host
Airbnb
2025 Summer Release
Newsroom
New features
Careers
Investors
Gift cards
Airbnb.org emergency stays
Footer section
© 2025 Airbnb, Inc.·Terms·Sitemap·Privacy·Your Privacy Choices
English (US)
€
EUR",2025-07-08T11:02:01.238Z,
service-host,About hosting,Updating your service page,https://www.airbnb.com/help/topic/1667,"Skip to content
Help Center
– home page
Search
Suggestions will show after typing in the search input. Use the up and down arrows to review. Use enter to select. If the selection is a phrase, that phrase will be submitted to search. If the suggestion is a link, the browser will navigate to that page.
Home
All topics
Managing your service
Updating your service page
Updating your service page
How-to • Experience host
Add accessibility features to experience and service listings
Guests with accessibility needs can search for experiences and services based on their individual requirements.
How-to • Service host
Changing your service listing after it’s published
Even after you publish your service listing, you may be able to update a few things. Here’s what you can (and can’t) edit on your service listing.
How-to • Host
Unlist or remove your service or experience listing
You can stop receiving new reservations and remove your listing from search results by either unlisting or removing your service or experience.
How-to • Host
Change your service or experience cancellation policy
Services and experiences have specific cancellation policies based on what they're offering.
How-to • Host
Display your full name as a service or experience host
As a service or experience host, you can choose to display your full name on your listing when you host services and experiences.
How-to • Home host
Edit your listing’s title
You can change the title of your listing whenever you want, so feel free to give it a name that highlights what makes your place special.
Related topics
Calendar and bookings
Pricing your service
Marketing and promoting your service
Site Footer
Support
Help Center
AirCover
Anti-discrimination
Disability support
Cancellation options
Report neighborhood concern
Hosting
Airbnb your home
AirCover for Hosts
Hosting resources
Community forum
Hosting responsibly
Airbnb-friendly apartments
Join a free Hosting class
Find a co‑host
Airbnb
2025 Summer Release
Newsroom
New features
Careers
Investors
Gift cards
Airbnb.org emergency stays
Footer section
© 2025 Airbnb, Inc.·Terms·Sitemap·Privacy·Your Privacy Choices
English (US)
€
EUR",3,Add accessibility features to experience and service listings | Changing your service listing after it’s published | Unlist or remove your service or experience listing,"Add accessibility features to experience and service listings: Skip to content
Help Center
– home page
Search
Suggestions will show after typing in the search input. Use the up and down arrows to review. Use enter to select. If the selection is a phrase, that phrase will be submitted to search. If the suggestion is a link, the browser will navigate to that page.
Home
All topics
Managing your experience
Updating your experience page
Add accessibility features to experience and service listings
How-to • Experience host
Add accessibility features to experience and service listings

It's wonderful when you can welcome even more people to your experience or service. When you add accessibility features to your listing, guests can use these features in their search to find experiences and services that may meet their specific accessibility needs.

How it works

You can edit your experience or service listing to highlight accessibility features that your experience or service offers guests. Learn more about creating a listing that guests can book with confidence.

Edit your experience listing to include accessibility features
Desktop
iOS app
Android app
Mobile browser
Edit your experience listing on desktop
Click Listings and select the experience you want to update
Click Accessibility features and select the feature(s) you offer




Edit your service listing to include accessibility features
Desktop
iOS app
Android app
Mobile browser
Edit your service listing on desktop

Click Listings and select the service you want to update
Click Accessibility features and select the feature(s) you offer

Your features will be displayed in your listing’s Things to Know section and prospective guests can select these features in search.

Because guests rely on accessibility features to determine whether an experience or service is suitable for them, it’s important that you include detailed and complete information about your accessibility features. Some guests may still reach out to you for clarification or to ask about your accessibility features; it’s okay to ask additional questions for your own understanding and share when you’re unsure about something.

Learn more about belonging and inclusion at Airbnb by reading our commitment to accessibility and disability inclusion.

Did this article help?
Yes
No
Related articles
How-to • Home host
Hosting guests with accessibility needs
The most important thing hosts can do is to provide clear and accurate information about your listing, including adding any accessibility features a listing has, and to make sure to communicate with your guests.
Community policy
Accessibility Policy
Our community is built on the principles of inclusion, belonging, and respect, which includes welcoming and supporting people with disabilities.
How-to • Experience host
Choosing great photos for your Airbnb Experience
You’ll need at least 5 great, high-quality photos that capture the essence of your experience. These photos should tell your unique story and they’ll be displayed in a grid on your experience page.
Get help with your reservations, account, and more.
Log in or sign up
Site Footer
Support
Help Center
AirCover
Anti-discrimination
Disability support
Cancellation options
Report neighborhood concern
Hosting
Airbnb your home
AirCover for Hosts
Hosting resources
Community forum
Hosting responsibly
Airbnb-friendly apartments
Join a free Hosting class
Find a co‑host
Airbnb
2025 Summer Release
Newsroom
New features
Careers
Investors
Gift cards
Airbnb.org emergency stays
Footer section
© 2025 Airbnb, Inc.·Terms·Sitemap·Privacy·Your Privacy Choices
English (US)
€
EUR | Changing your service listing after it’s published: Skip to content
Help Center
– home page
Search
Suggestions will show after typing in the search input. Use the up and down arrows to review. Use enter to select. If the selection is a phrase, that phrase will be submitted to search. If the suggestion is a link, the browser will navigate to that page.
Home
All topics
Managing your service
Updating your service page
Changing your service listing after it’s published
How-to • Service host
Changing your service listing after it’s published

Your service has already been published, but maybe you’ve decided you want to edit something on your listing. Good news—you can make some updates to it even after it's been published.

What you can change:
Updates to your title and expertise
Languages
Accessibility features
Qualifications
You need to submit at least 5 high-quality color photos, including one photo for each offering, that give clear, realistic ideas of the service you provide and meet Airbnb’s photo standards and requirements
Adding new offerings, or updating your pricing for existing offerings (any new offerings need to be reviewed by Airbnb)

For photographers, we need at least 15 photos from your portfolio
For massage and spa listings, you must use the photos selected by Airbnb

Even though you can update some parts of your service listing, certain activities may have additional special requirements or restrictions.

If a guest booked a reservation before you changed your listing

If any guests booked a reservation before you changed your listing, you must either provide the offering as described when the guest booked or make sure the guest agrees to any new changes in a message.

For example, if you were a chef with a listing offering only Italian food and wanted to change your listing to offer only French food, but a guest booked when your listing offered Italian food, the guest would still be entitled to Italian food (unless they agreed otherwise).


What you can't change:
The category of your service  
The location of your service  

Note: Airbnb can reject any proposed changes to a service listing or notify you that your listing may be subject to removal if the listing doesn’t meet our standards and requirements.

Did this article help?
Yes
No
Related articles
Community policy • Experience host
Airbnb Services and Experiences standards and requirements
Find details on the standards and requirements that Airbnb Services and Experiences hosts must meet.
Rules • Experience host
Hosting services and experiences in public lands
Laws, rules, permits—here’s some helpful information to get you started learning about hosting your services or experiences on public lands as an Airbnb Experience host.
How-to • Хозяин
Cancellation policies for service and experience listings
Most services and experiences will have a 1-day cancellation policy, but for certain services and experiences, hosts will have the option to choose a 3-day cancellation policy.
Get help with your reservations, account, and more.
Log in or sign up
Site Footer
Support
Help Center
AirCover
Anti-discrimination
Disability support
Cancellation options
Report neighborhood concern
Hosting
Airbnb your home
AirCover for Hosts
Hosting resources
Community forum
Hosting responsibly
Airbnb-friendly apartments
Join a free Hosting class
Find a co‑host
Airbnb
2025 Summer Release
Newsroom
New features
Careers
Investors
Gift cards
Airbnb.org emergency stays
Footer section
© 2025 Airbnb, Inc.·Terms·Sitemap·Privacy·Your Privacy Choices
English (US)
€
EUR | Unlist or remove your service or experience listing: Skip to content
Help Center
– home page
Search
Suggestions will show after typing in the search input. Use the up and down arrows to review. Use enter to select. If the selection is a phrase, that phrase will be submitted to search. If the suggestion is a link, the browser will navigate to that page.
Home
All topics
Managing your experience
Updating your experience page
Unlist or remove your service or experience listing
How-to • Anfitrión
Unlist or remove your service or experience listing

If you want to stop receiving new reservations and remove your service or experience listing from search results, you have options. Choose a way to manage your listing that works for you:

Unlist it indefinitely, and then relist it whenever you're ready
Permanently remove it if you’ll no longer host a home or provide a service (however, all confirmed reservations must be complete)

Even if you unlist, you’ll still need to host your guests or provide a service for any confirmed reservations.

Unlist your service or experience listing
Desktop
iOS app
Android app
Mobile browser
Unlist your service or experience on desktop
Click Listings and select the service or experience you want to unlist
In Listing editor, click Settings 

Click Listing status and select Unlisted
Click Unlist service or Unlist experience
Remove your service or experience listing
Desktop
iOS app
Android app
Mobile browser
Remove your service or experience on desktop
Click Listings and select the service you want to unlist
In Listing editor, click Settings 
Click Remove listing and then click Remove listing
Did this article help?
Yes
No
Related articles
How-to • Service host
Sign up to provide a service on Airbnb
If you want to provide a service on Airbnb, make sure to meet our standards and ground rules before creating a listing. Let’s get started.
How-to • Experience host
Sign up to host an Airbnb Experience
If you want to host an experience on Airbnb, make sure to meet our standards and ground rules before creating a listing. Let’s get started.
Community policy • Experience host
Airbnb Services and Experiences standards and requirements
Find details on the standards and requirements that Airbnb Services and Experiences hosts must meet.
Get help with your reservations, account, and more.
Log in or sign up
Site Footer
Support
Help Center
AirCover
Anti-discrimination
Disability support
Cancellation options
Report neighborhood concern
Hosting
Airbnb your home
AirCover for Hosts
Hosting resources
Community forum
Hosting responsibly
Airbnb-friendly apartments
Join a free Hosting class
Find a co‑host
Airbnb
2025 Summer Release
Newsroom
New features
Careers
Investors
Gift cards
Airbnb.org emergency stays
Footer section
© 2025 Airbnb, Inc.·Terms·Sitemap·Privacy·Your Privacy Choices
English (US)
€
EUR",2025-07-08T11:02:20.164Z,
service-host,About hosting,Pricing your service,https://www.airbnb.com/help/topic/1668,"Skip to content
Help Center
– home page
Search
Suggestions will show after typing in the search input. Use the up and down arrows to review. Use enter to select. If the selection is a phrase, that phrase will be submitted to search. If the suggestion is a link, the browser will navigate to that page.
Home
All topics
Managing your service
Pricing your service
Pricing your service
How-to • Värd
Why does Airbnb charge service fees for services and experiences?
We charge a service fee to help cover the costs of the products, services, and support we provide.
Related topics
Calendar and bookings
Updating your service page
Marketing and promoting your service
Site Footer
Support
Help Center
AirCover
Anti-discrimination
Disability support
Cancellation options
Report neighborhood concern
Hosting
Airbnb your home
AirCover for Hosts
Hosting resources
Community forum
Hosting responsibly
Airbnb-friendly apartments
Join a free Hosting class
Find a co‑host
Airbnb
2025 Summer Release
Newsroom
New features
Careers
Investors
Gift cards
Airbnb.org emergency stays
Footer section
© 2025 Airbnb, Inc.·Terms·Sitemap·Privacy·Your Privacy Choices
English (US)
€
EUR",2,Why does Airbnb charge service fees for services and experiences? | Cancellation options,"Why does Airbnb charge service fees for services and experiences?: Skip to content
Help Center
– home page
Search
Suggestions will show after typing in the search input. Use the up and down arrows to review. Use enter to select. If the selection is a phrase, that phrase will be submitted to search. If the suggestion is a link, the browser will navigate to that page.
Home
All topics
Managing your experience
Pricing your experience
Why does Airbnb charge service fees for services and experiences?
How-to • Host
Why does Airbnb charge service fees for services and experiences?

We charge a service fee to help cover the costs of the products, services, and support we provide. 

For service reservations, we typically charge a 15% fee, with a minimum fee of $6 USD (or the local currency equivalent), which may vary based on the daily exchange rate. For experience reservations, we typically charge a 20% service fee.

In this article
How the amount is calculated
How service fees are paid
Service fee refunds
How the amount is calculated

The amount of the service fee is calculated from the price that hosts set for their service or experience. Guests who are browsing services and experiences are shown the total price that they’ll pay to book. No other service fees are charged to guests at this time.

How service fees are paid

Airbnb automatically withholds service fees from host payouts after a completed booking. Payouts are released after the service or experience has been completed. Hosts are paid their earnings with the service fees already removed. They don’t need to reimburse Airbnb for the service fees.

Service fee refunds

If your guest requests a refund for a booking that had a fee applied, please contact us and we can help you issue the right amount.

Did this article help?
Yes
No
Related articles
How-to • Guest
How pricing works for homes
Learn more about how the total price of a reservation is calculated
Community policy • Home host
Host Cancellation Policy for homes
Because cancellations can disrupt guests' plans and impact confidence in the Airbnb community, there are penalties applied for Host cancellations.
How-to • Guest
Add or remove a payment method
Find out how to manage your payment methods.
Get help with your reservations, account, and more.
Log in or sign up
Site Footer
Support
Help Center
AirCover
Anti-discrimination
Disability support
Cancellation options
Report neighborhood concern
Hosting
Airbnb your home
AirCover for Hosts
Hosting resources
Community forum
Hosting responsibly
Airbnb-friendly apartments
Join a free Hosting class
Find a co‑host
Airbnb
2025 Summer Release
Newsroom
New features
Careers
Investors
Gift cards
Airbnb.org emergency stays
Footer section
© 2025 Airbnb, Inc.·Terms·Sitemap·Privacy·Your Privacy Choices
English (US)
€
EUR | Cancellation options: Skip to content
Help Center
– home page
Search
Suggestions will show after typing in the search input. Use the up and down arrows to review. Use enter to select. If the selection is a phrase, that phrase will be submitted to search. If the suggestion is a link, the browser will navigate to that page.
Home
All topics
Your reservations
Cancellations
Major Disruptive Events Policy
Community policy
Major Disruptive Events Policy
In this article
Overview
What events are covered
What happens if a reservation is impacted by a covered Event
What is not covered
How this policy affects hosts
Other things to be aware of
Overview

In general, cancellations and refunds for Airbnb reservations are governed by the listing’s cancellation policy. In the rare circumstances that large-scale events prevent or legally prohibit completion of a reservation, the Major Disruptive Events Policy (the “Policy”) may apply. When this Policy applies, guests can cancel their reservation and receive a refund, travel credit, and/or other consideration regardless of the reservation’s cancellation policy, and hosts can cancel without fees or other adverse consequences, although their listing’s calendar will be blocked for the dates of the canceled reservation.

This Policy applies to reservations for homes, services, and experiences and is applicable to reservations that are ongoing or that have a check-in on or after the effective date, except as otherwise notified by Airbnb to users. The Major Disruptive Events Policy is not an insurance policy.

What events are covered

The following events are covered under this Policy if they impact your reservation location, occur after the time of booking, and prevent or legally prohibit completion of a future or ongoing reservation (referred to in this Policy as “Events”):

Declared public health emergencies and epidemics. Government-declared epidemics, pandemics, and public health emergencies. This does not include diseases that are endemic (for example, the flu) or commonly associated with an area (for example, malaria in Thailand). COVID-19 is not covered under this Major Disruptive Events Policy.

Government travel restrictions. Mandatory travel restrictions imposed by a governmental agency, such as an evacuation order or shelter-in-place order. This does not include non-binding travel advisories and similar government guidance.

Military actions and other hostilities. Acts of war, hostilities, invasions, civil war, terrorism, explosions, bombings, rebellions, riots, and insurrection.

Large-scale outages of essential utilities. Prolonged outages of essential utilities, such as heat, water, and electricity, impacting the vast majority of homes in a given location.

Unforeseeable natural disasters and severe weather events. Unforeseeable natural disasters, like earthquakes and tsunamis, and unforeseeable severe weather events, like tornadoes. This does not include events that are foreseeable for a given location, as described further below.

What happens if a reservation is impacted by a covered Event

When a large-scale event occurs, we assess the situation to determine whether the Major Disruptive Events Policy applies. If it does, we activate the Policy for the impacted area and timeframe where we anticipate that the Event will prevent or legally prohibit completion of reservations. Reservations outside of the defined area and timeframe may not be eligible, though hosts may still be able to cancel without adverse consequences if they are unable to host. We continuously monitor these situations and adjust coverage as needed to reflect changing conditions. If you believe this Policy applies to your reservation, please contact us to inquire about eligibility.

What is not covered

We understand that other circumstances outside of your control may disrupt your plans. In any situations not listed above, your reservation remains subject to the host’s cancellation policy for the listing.

Examples of common events not covered by this policy include:

Events that impact a guest or their ability to travel, but not the reservation location
Unexpected injury or illness
Government obligations like jury duty or court appearances
Non-binding travel advisories or other government guidance that fall short of a travel ban or prohibition
Cancellation or rescheduling of an event for which the reservation was made
Transportation disruptions such as airline insolvency, flight cancellations, transportation strikes, and road closures due to maintenance
Weather or natural conditions that are common enough to be foreseeable in a given location, such as hurricanes in Florida during hurricane season or winter weather in the northern hemisphere during winter months—unless the event triggers a covered Event that prevents completion of the reservation, such as government-issued mandatory travel restrictions

For reservations not covered by this Policy, we encourage guests and hosts to find a mutually acceptable arrangement, such as a full or partial refund or an alteration of the booking dates. Note that any refunds outside of the reservation’s cancellation policy are at the host’s discretion. Airbnb does not take part in or guarantee such refunds.

How this policy affects hosts

If a reservation is covered by the Major Disruptive Events Policy, hosts can cancel without fees or other adverse consequences. If a host cancels under this policy, their listing’s calendar will be blocked for the dates of the canceled reservation. If a reservation is canceled under this Policy, the host does not receive a payout for the canceled dates of the reservation, or, if the payout has already been made, the refunded amount will be withheld from the next payout(s).

Regardless of whether a reservation is covered by this Policy, hosts can cancel for certain valid reasons, such as major damage to a listing, without fees or other adverse consequences. Hosts are obligated to cancel a reservation if their listing is uninhabitable or is inconsistent with what the guest booked. Failure to do so may result in listing suspension, cancellation of existing reservations, and refunds to guests until the listing is habitable and consistent with the listing description. This also violates our Ground rules for hosts, and can lead to consequences up to and including account removal.

Other things to be aware of

This Policy does not limit your rights under local regulations, and any decisions made by Airbnb under this Policy do not affect your statutory rights.

Did this article help?
Yes
No
Related articles
How-to • Gast
Canceling a trip due to a Major Disruptive Event
If you need to cancel because a large-scale event at your destination prevents completion of your reservation, we can help.
Community policy • Home host
Host Cancellation Policy for homes
Because cancellations can disrupt guests' plans and impact confidence in the Airbnb community, there are penalties applied for Host cancellations.
How-to • Guest
Find the cancellation policy for any home, service, or experience
Here’s where to find the cancellation policy for any home, service, or experience.
Get help with your reservations, account, and more.
Log in or sign up
Site Footer
Support
Help Center
AirCover
Anti-discrimination
Disability support
Cancellation options
Report neighborhood concern
Hosting
Airbnb your home
AirCover for Hosts
Hosting resources
Community forum
Hosting responsibly
Airbnb-friendly apartments
Join a free Hosting class
Find a co‑host
Airbnb
2025 Summer Release
Newsroom
New features
Careers
Investors
Gift cards
Airbnb.org emergency stays
Footer section
© 2025 Airbnb, Inc.·Terms·Sitemap·Privacy·Your Privacy Choices
English (US)
€
EUR",2025-07-08T11:02:36.400Z,
service-host,About hosting,Marketing and promoting your service,https://www.airbnb.com/help/topic/1674,"Skip to content
Help Center
– home page
Search
Suggestions will show after typing in the search input. Use the up and down arrows to review. Use enter to select. If the selection is a phrase, that phrase will be submitted to search. If the suggestion is a link, the browser will navigate to that page.
Home
All topics
Managing your service
Marketing and promoting your service
Marketing and promoting your service
Related topics
Calendar and bookings
Updating your service page
Pricing your service
Site Footer
Support
Help Center
AirCover
Anti-discrimination
Disability support
Cancellation options
Report neighborhood concern
Hosting
Airbnb your home
AirCover for Hosts
Hosting resources
Community forum
Hosting responsibly
Airbnb-friendly apartments
Join a free Hosting class
Find a co‑host
Airbnb
2025 Summer Release
Newsroom
New features
Careers
Investors
Gift cards
Airbnb.org emergency stays
Footer section
© 2025 Airbnb, Inc.·Terms·Sitemap·Privacy·Your Privacy Choices
English (US)
€
EUR",1,Cancellation options,"Cancellation options: Skip to content
Help Center
– home page
Search
Suggestions will show after typing in the search input. Use the up and down arrows to review. Use enter to select. If the selection is a phrase, that phrase will be submitted to search. If the suggestion is a link, the browser will navigate to that page.
Home
All topics
Your reservations
Cancellations
Major Disruptive Events Policy
Community policy
Major Disruptive Events Policy
In this article
Overview
What events are covered
What happens if a reservation is impacted by a covered Event
What is not covered
How this policy affects hosts
Other things to be aware of
Overview

In general, cancellations and refunds for Airbnb reservations are governed by the listing’s cancellation policy. In the rare circumstances that large-scale events prevent or legally prohibit completion of a reservation, the Major Disruptive Events Policy (the “Policy”) may apply. When this Policy applies, guests can cancel their reservation and receive a refund, travel credit, and/or other consideration regardless of the reservation’s cancellation policy, and hosts can cancel without fees or other adverse consequences, although their listing’s calendar will be blocked for the dates of the canceled reservation.

This Policy applies to reservations for homes, services, and experiences and is applicable to reservations that are ongoing or that have a check-in on or after the effective date, except as otherwise notified by Airbnb to users. The Major Disruptive Events Policy is not an insurance policy.

What events are covered

The following events are covered under this Policy if they impact your reservation location, occur after the time of booking, and prevent or legally prohibit completion of a future or ongoing reservation (referred to in this Policy as “Events”):

Declared public health emergencies and epidemics. Government-declared epidemics, pandemics, and public health emergencies. This does not include diseases that are endemic (for example, the flu) or commonly associated with an area (for example, malaria in Thailand). COVID-19 is not covered under this Major Disruptive Events Policy.

Government travel restrictions. Mandatory travel restrictions imposed by a governmental agency, such as an evacuation order or shelter-in-place order. This does not include non-binding travel advisories and similar government guidance.

Military actions and other hostilities. Acts of war, hostilities, invasions, civil war, terrorism, explosions, bombings, rebellions, riots, and insurrection.

Large-scale outages of essential utilities. Prolonged outages of essential utilities, such as heat, water, and electricity, impacting the vast majority of homes in a given location.

Unforeseeable natural disasters and severe weather events. Unforeseeable natural disasters, like earthquakes and tsunamis, and unforeseeable severe weather events, like tornadoes. This does not include events that are foreseeable for a given location, as described further below.

What happens if a reservation is impacted by a covered Event

When a large-scale event occurs, we assess the situation to determine whether the Major Disruptive Events Policy applies. If it does, we activate the Policy for the impacted area and timeframe where we anticipate that the Event will prevent or legally prohibit completion of reservations. Reservations outside of the defined area and timeframe may not be eligible, though hosts may still be able to cancel without adverse consequences if they are unable to host. We continuously monitor these situations and adjust coverage as needed to reflect changing conditions. If you believe this Policy applies to your reservation, please contact us to inquire about eligibility.

What is not covered

We understand that other circumstances outside of your control may disrupt your plans. In any situations not listed above, your reservation remains subject to the host’s cancellation policy for the listing.

Examples of common events not covered by this policy include:

Events that impact a guest or their ability to travel, but not the reservation location
Unexpected injury or illness
Government obligations like jury duty or court appearances
Non-binding travel advisories or other government guidance that fall short of a travel ban or prohibition
Cancellation or rescheduling of an event for which the reservation was made
Transportation disruptions such as airline insolvency, flight cancellations, transportation strikes, and road closures due to maintenance
Weather or natural conditions that are common enough to be foreseeable in a given location, such as hurricanes in Florida during hurricane season or winter weather in the northern hemisphere during winter months—unless the event triggers a covered Event that prevents completion of the reservation, such as government-issued mandatory travel restrictions

For reservations not covered by this Policy, we encourage guests and hosts to find a mutually acceptable arrangement, such as a full or partial refund or an alteration of the booking dates. Note that any refunds outside of the reservation’s cancellation policy are at the host’s discretion. Airbnb does not take part in or guarantee such refunds.

How this policy affects hosts

If a reservation is covered by the Major Disruptive Events Policy, hosts can cancel without fees or other adverse consequences. If a host cancels under this policy, their listing’s calendar will be blocked for the dates of the canceled reservation. If a reservation is canceled under this Policy, the host does not receive a payout for the canceled dates of the reservation, or, if the payout has already been made, the refunded amount will be withheld from the next payout(s).

Regardless of whether a reservation is covered by this Policy, hosts can cancel for certain valid reasons, such as major damage to a listing, without fees or other adverse consequences. Hosts are obligated to cancel a reservation if their listing is uninhabitable or is inconsistent with what the guest booked. Failure to do so may result in listing suspension, cancellation of existing reservations, and refunds to guests until the listing is habitable and consistent with the listing description. This also violates our Ground rules for hosts, and can lead to consequences up to and including account removal.

Other things to be aware of

This Policy does not limit your rights under local regulations, and any decisions made by Airbnb under this Policy do not affect your statutory rights.

Did this article help?
Yes
No
Related articles
How-to • Guest
Canceling a trip due to a Major Disruptive Event
If you need to cancel because a large-scale event at your destination prevents completion of your reservation, we can help.
Community policy • Home host
Host Cancellation Policy for homes
Because cancellations can disrupt guests' plans and impact confidence in the Airbnb community, there are penalties applied for Host cancellations.
How-to • Guest
Find the cancellation policy for any home, service, or experience
Here’s where to find the cancellation policy for any home, service, or experience.
Get help with your reservations, account, and more.
Log in or sign up
Site Footer
Support
Help Center
AirCover
Anti-discrimination
Disability support
Cancellation options
Report neighborhood concern
Hosting
Airbnb your home
AirCover for Hosts
Hosting resources
Community forum
Hosting responsibly
Airbnb-friendly apartments
Join a free Hosting class
Find a co‑host
Airbnb
2025 Summer Release
Newsroom
New features
Careers
Investors
Gift cards
Airbnb.org emergency stays
Footer section
© 2025 Airbnb, Inc.·Terms·Sitemap·Privacy·Your Privacy Choices
English (US)
€
EUR",2025-07-08T11:02:49.292Z,
service-host,About hosting,Changes and Cancellations,https://www.airbnb.com/help/topic/1662,"Skip to content
Help Center
– home page
Search
Suggestions will show after typing in the search input. Use the up and down arrows to review. Use enter to select. If the selection is a phrase, that phrase will be submitted to search. If the suggestion is a link, the browser will navigate to that page.
Home
All topics
Your reservations
Changes and Cancellations
Changes and Cancellations
How-to • Experience host
Host Cancellation Policy for Services and Experiences
This Policy sets out the host’s responsibility to honor confirmed service or experience reservations on Airbnb.
How-to • Anfitrión
Change your service or experience cancellation policy
Services and experiences have specific cancellation policies based on what they're offering.
How-to • Anfitrión
Cancellation policies for service and experience listings
Most services and experiences will have a 1-day cancellation policy, but for certain services and experiences, hosts will have the option to choose a 3-day cancellation policy.
How-to
What guests need to know about a service or experience cancellation policy
Here’s how to find the cancellation policy for your service or experience reservation, whether you simply want to understand more or if you need to cancel.
How-to • Experience host
What to do if bad weather affects the service or experience you're hosting
If weather conditions are unsafe for guests before or during an experience, you may cancel the experience without fees or other consequences.
Community policy
Major Disruptive Events Policy
Find details on how cancellations are handled when unforeseen events beyond your control arise after booking and make it impracticable or illegal to complete your reservation.
Related topics
Refunds and reimbursements
Communicating with guests
Issues with a reservation
Site Footer
Support
Help Center
AirCover
Anti-discrimination
Disability support
Cancellation options
Report neighborhood concern
Hosting
Airbnb your home
AirCover for Hosts
Hosting resources
Community forum
Hosting responsibly
Airbnb-friendly apartments
Join a free Hosting class
Find a co‑host
Airbnb
2025 Summer Release
Newsroom
New features
Careers
Investors
Gift cards
Airbnb.org emergency stays
Footer section
© 2025 Airbnb, Inc.·Terms·Sitemap·Privacy·Your Privacy Choices
English (US)
€
EUR",3,Host Cancellation Policy for Services and Experiences | Change your service or experience cancellation policy | Cancellation policies for service and experience listings,"Host Cancellation Policy for Services and Experiences: Skip to content
Help Center
– home page
Search
Suggestions will show after typing in the search input. Use the up and down arrows to review. Use enter to select. If the selection is a phrase, that phrase will be submitted to search. If the suggestion is a link, the browser will navigate to that page.
Home
All topics
Your reservations
Changes and cancellations
Host Cancellation Policy for Services and Experiences
How-to • Experience host
Host Cancellation Policy for Services and Experiences

Although cancellations by hosts are rare, and some cancellations are beyond a host’s control, cancellations by hosts can disrupt guest plans and undermine confidence in our community.


This Policy sets out the host’s responsibility to honor confirmed service or experience reservations on Airbnb. If a host cancels a confirmed service or experience reservation, or is found to be responsible for a cancellation under this Policy, Airbnb may impose fees and other consequences. The fees and other consequences set out in this Policy are intended to reflect the costs and other impacts of these cancellations on guests, the broader host community, and Airbnb.

We will waive the fees and, in some cases, the other consequences, if the host cancels because of a Major Disruptive Event or certain valid reasons beyond the host’s control.

In this article
Cancellation fees
Other consequences
Situations in which fees may be waived
When a host may be found responsible for a cancellation
Other things to consider
Cancellation fees

If a host cancels a confirmed reservation, or is found to be responsible for a cancellation under this Policy, we may charge a cancellation fee of 20% of the booking value of the canceled service or experience. We’ll notify the host if a fee will be charged before they complete a cancellation.

When calculating cancellation fees, the booking value includes the base rate for the service or experience but excludes taxes or other fees. If the host cancels a reservation that has multiple guest bookings, such as multiple spots booked on a walking tour, then the cancellation fee will be based on the total booking value of all guest reservations booked for the canceled date(s) and time(s).

Cancellation fees are typically withheld from the host’s next payout(s) as provided in the Payments Terms of Service. In addition to the fees and consequences set out in this Policy, the host will not receive a payout for the canceled reservation. If the payout has already been made, then the amount of the payout will be withheld from the host’s next payout(s).

Other consequences

In addition to a cancellation fee, other consequences may apply, such as preventing the host from accepting another reservation on the affected date(s) or time(s) by blocking the calendar for the service or experience listing. Hosts who cancel confirmed bookings without a valid reason, who cancel frequently or are no-shows may experience additional adverse consequences, as explained in our Terms of Service and Host Ground Rules and Hosting Safety for Services and Experiences, such as removal of their service or experience from Airbnb.

Situations in which fees may be waived

We will waive the fees and any adverse consequences set out in this Policy when a host cancels for a valid reason beyond the host’s control that prevents them from honoring their service or experience. In the event a fee or adverse consequences are waived, we may still block the host’s calendar for the affected date(s) and time(s) to prevent rebookings. Some examples of valid reasons include:

Unexpected issues with the host’s health or venue conditions that are outside of the host’s control. This may include if the host has an illness or injury that prevents them from hosting the service or experience, or if the venue for the service or experience is unexpectedly unavailable or unsafe for hosting. If the service or experience takes place outdoors, a host may cancel if the weather prevents them from hosting. Unpleasant weather that does not prevent the service or experience from taking place is not a valid reason for cancellation.
If a guest causes a disruption that prevents the host from hosting or completing the activity. This may include a guest failing to provide accurate or complete information about their reservation (e.g., inaccurate number of guests or inaccurate location), failing to follow stated instructions, or behaving in a manner that violates our community policies.
The guest has several unfavorable reviews or a lack of profile information that concerns the host.
If a service or experience is at an Airbnb stay, and the stay has an issue that prevents hosting. If a guest has booked a service or experience to take place at an Airbnb stay, and an issue at the stay Listing prevents the service and experience from taking place, the host of the service or experience may cancel (e.g., the stay is canceled, or a guest books a chef service at a stay that does not have a working oven).
If the host and guest agree to an alternate date and/or time to hold the service or experience and the host cancels so that the guest can rebook. The host will need to contact us after canceling to let us know, and after we verify that the guest agreed to the change and rebooked, we’ll remove any fees and consequences that were applied.

The host will be required to provide documentation or other evidence to Airbnb to verify that they are cancelling for a valid reason. We will determine whether to waive any fees and other consequences after evaluating the available evidence. In general, the host will not receive a payout for the canceled reservation, even if we waive fees or other consequences. However, if the cancellation is due to a guest-caused disruption or an issue at the Airbnb stay that prevents the service or experience from continuing, the host may retain their payout.

If a problem stems from an API software provider and the host needs to cancel a reservation as a result, the host must provide evidence of the API software provider’s outage or incident for consideration when requesting a fees and consequences waiver.

When a host may be found responsible for a cancellation

A host of a service or experience may be responsible for a cancellation when it occurs because the execution of the service or experience differs substantially from how it was described at the time of booking. In these cases, the host may be subject to the fees and other adverse consequences laid out in this Policy, regardless of who initiates the cancellation. Examples include: failing to start the service or experience within 15 minutes of the stated start time, substituting a host or co-host to provide the service or experience that differs from the host booked by the guest, or failing to provide essential information to guests in a timely manner.

Service and experience hosts may not encourage a guest to cancel their reservation in an attempt to avoid fees and other consequences. If a guest cancels their reservation at the service or experience host’s request, including if the host promised a full or partial refund to induce the guest to cancel, we may find the host responsible for the cancellation under this Policy and may require the host to provide the stated refund to the guest by taking the refund out of the host’s next payout(s).

Other things to consider

If a host cannot honor a reservation—regardless of the reason—it’s the host’s responsibility to cancel in a timely manner to allow guests time to adjust their plans. Providing false statements or materials in connection with this Policy violates our Terms of Service and may result in further consequences, including account termination. This Policy applies to cancellations that occur on or after the effective date. Any right that guests or hosts may have to initiate legal action remains unaffected. Any changes to this Policy will be made in accordance with our Terms of Service. This Policy applies to service and experience listings, but does not apply to home listings.

Did this article help?
Yes
No
Related articles
How-to • Guest
If your host cancels your service or experience
If a host needs to cancel your service or experience, you'll be notified immediately and you'll be refunded in full.
How-to • Experience host
What to do if bad weather affects the service or experience you're hosting
If weather conditions are unsafe for guests before or during an experience, you may cancel the experience without fees or other consequences.
How-to
What guests need to know about a service or experience cancellation policy
Here’s how to find the cancellation policy for your service or experience reservation, whether you simply want to understand more or if you need to cancel.
Get help with your reservations, account, and more.
Log in or sign up
Site Footer
Support
Help Center
AirCover
Anti-discrimination
Disability support
Cancellation options
Report neighborhood concern
Hosting
Airbnb your home
AirCover for Hosts
Hosting resources
Community forum
Hosting responsibly
Airbnb-friendly apartments
Join a free Hosting class
Find a co‑host
Airbnb
2025 Summer Release
Newsroom
New features
Careers
Investors
Gift cards
Airbnb.org emergency stays
Footer section
© 2025 Airbnb, Inc.·Terms·Sitemap·Privacy·Your Privacy Choices
English (US)
€
EUR | Change your service or experience cancellation policy: Skip to content
Help Center
– home page
Search
Suggestions will show after typing in the search input. Use the up and down arrows to review. Use enter to select. If the selection is a phrase, that phrase will be submitted to search. If the suggestion is a link, the browser will navigate to that page.
Home
All topics
Managing your experience
Updating your experience page
Change your service or experience cancellation policy
How-to • Host
Change your service or experience cancellation policy

You can check the cancellation policy for your listing in your Listing editor and change it if the option is available. Note that depending on the type of service or experience you’re providing, additional cancellation policy options may not be available.

In this article
Most services and experiences have a 1-day cancellation policy
Certain services and experiences may have a 3-day cancellation policy
Change your service or experience cancellation policy
What happens to the cancellation policy for existing reservations when you make a change
Cancellation policy options for home hosts
Most services and experiences have a 1-day cancellation policy

This means guests can cancel for a full refund until 1 day (24 hours) before the service or experience start time (at the local time of the service or experience), and you won’t be paid for that booking.

Certain services and experiences may have a 3-day cancellation policy

In addition to the 1-day policy option, some hosts will have the option of choosing a cancellation policy that allows guests to cancel for a full refund until 3 days (72-hours) before the service or experience start time. This policy option is only available to certain hosts depending on their offering.

Change your service or experience cancellation policy
Desktop
iOS app
Android app
Mobile browser
Change your cancellation policy on desktop
Click Listings and select the listing you want to edit
Under Listing editor, click Cancellation policy
If you have an option, make your selection
What happens to the cancellation policy for existing reservations when you make a change

If you have the option to change to your cancellation policy for your service or experience, the changes will only apply to future reservations and won’t affect any pending or confirmed reservations. The cancellation policy that was set when you received a reservation will still apply to that reservation.

Cancellation policy options for home hosts

If you're a home host who wants to learn more about what cancellation policies are available, please refer to changing your home cancellation policy.

Did this article help?
Yes
No
Related articles
How-to • Home host
Change your home cancellation policy
It’s easy to change your cancellation policy once you decide on one that works for you.
How-to • Host
Cancellation policies for service and experience listings
Most services and experiences will have a 1-day cancellation policy, but for certain services and experiences, hosts will have the option to choose a 3-day cancellation policy.
Get help with your reservations, account, and more.
Log in or sign up
Site Footer
Support
Help Center
AirCover
Anti-discrimination
Disability support
Cancellation options
Report neighborhood concern
Hosting
Airbnb your home
AirCover for Hosts
Hosting resources
Community forum
Hosting responsibly
Airbnb-friendly apartments
Join a free Hosting class
Find a co‑host
Airbnb
2025 Summer Release
Newsroom
New features
Careers
Investors
Gift cards
Airbnb.org emergency stays
Footer section
© 2025 Airbnb, Inc.·Terms·Sitemap·Privacy·Your Privacy Choices
English (US)
€
EUR | Cancellation policies for service and experience listings: Skip to content
Help Center
– home page
Search
Suggestions will show after typing in the search input. Use the up and down arrows to review. Use enter to select. If the selection is a phrase, that phrase will be submitted to search. If the suggestion is a link, the browser will navigate to that page.
Home
All topics
Your reservations
Changes and cancellations
Cancellation policies for service and experience listings
How-to • Hostiteľ
Cancellation policies for service and experience listings

Most services and experiences will have a 1-day cancellation policy. This means guests can cancel for a full refund until 1 day (24 hours) before the service or experience start time (at the local time of the service or experience), and the host won’t be paid for that booking.

For certain services and experiences, hosts will have the option to choose a 3-day cancellation policy when setting up or managing their listing. This means guests can cancel for a full refund until 3 days (72 hours) before the service or experience start time (at the local time of the service or experience), and the host won’t be paid for that booking. This policy option is only available to certain hosts depending on the specifications of their service or experience.

Guests can review the host’s cancellation policy when they book a service or experience.

When the listing cancellation policy may be overridden for a guest refund

There are certain circumstances in which a guest might be entitled to a refund notwithstanding the cancellation policy for the service or experience. For example, if a large-scale event at the location of the listing prevents or legally prohibits completion of the reservation, the Major Disruptive Events Policy will apply and a guest may cancel for a full refund. The host won’t get a payout for that booking, notwithstanding the listing cancellation policy.

The listing cancellation policy may be overridden in other situations as well, entitling guests to cancel for a refund. Find out more about when a cancellation policy may be overridden.

Our final decisions relating to cancellations and refunds do not affect other contractual or statutory rights that may be available to you. Any right that guests or hosts may have to initiate legal action remains unaffected.

Did this article help?
Yes
No
Related articles
Guide • Experience host
Changes and cancellations
We’ll help you navigate any cancellations or alterations, and explain what happens when changes are made.
How-to • Hostiteľ
Exception requests for service or experience guest cancellations
If you need to refund a guest for service or experience, you can do so through your message thread.
How-to • Guest
What to do if the place you're staying isn’t clean at check-in
If you find that the place you’re staying in isn’t clean, report the issue to your Host or to Airbnb within 72 hours.
Get help with your reservations, account, and more.
Log in or sign up
Site Footer
Support
Help Center
AirCover
Anti-discrimination
Disability support
Cancellation options
Report neighborhood concern
Hosting
Airbnb your home
AirCover for Hosts
Hosting resources
Community forum
Hosting responsibly
Airbnb-friendly apartments
Join a free Hosting class
Find a co‑host
Airbnb
2025 Summer Release
Newsroom
New features
Careers
Investors
Gift cards
Airbnb.org emergency stays
Footer section
© 2025 Airbnb, Inc.·Terms·Sitemap·Privacy·Your Privacy Choices
English (US)
€
EUR",2025-07-08T11:03:08.208Z,
service-host,About hosting,Refunds and reimbursements,https://www.airbnb.com/help/topic/1663,"Skip to content
Help Center
– home page
Search
Suggestions will show after typing in the search input. Use the up and down arrows to review. Use enter to select. If the selection is a phrase, that phrase will be submitted to search. If the suggestion is a link, the browser will navigate to that page.
Home
All topics
Your reservations
Refunds and reimbursements
Refunds and reimbursements
How-to
How the Resolution Center helps you
The Resolution Center lets you request or send money for things related to your home stay, service, or experience.
How-to
Find your Resolution Center requests
Check on the status of a Resolution Center request you sent, respond to one that you received, or review a past request.
How-to • Host
Request or send money in the Resolution Center
The Resolution Center makes it easy for hosts and guests to request or send money to one another for things related to an Airbnb home, service, or experience.
How-to • Host
Exception requests for service or experience guest cancellations
If you need to refund a guest for service or experience, you can do so through your message thread.
Related topics
Changes and Cancellations
Communicating with guests
Issues with a reservation
Site Footer
Support
Help Center
AirCover
Anti-discrimination
Disability support
Cancellation options
Report neighborhood concern
Hosting
Airbnb your home
AirCover for Hosts
Hosting resources
Community forum
Hosting responsibly
Airbnb-friendly apartments
Join a free Hosting class
Find a co‑host
Airbnb
2025 Summer Release
Newsroom
New features
Careers
Investors
Gift cards
Airbnb.org emergency stays
Footer section
© 2025 Airbnb, Inc.·Terms·Sitemap·Privacy·Your Privacy Choices
English (US)
€
EUR",3,How the Resolution Center helps you | Find your Resolution Center requests | Request or send money in the Resolution Center,"How the Resolution Center helps you: Skip to content
Help Center
– home page
Search
Suggestions will show after typing in the search input. Use the up and down arrows to review. Use enter to select. If the selection is a phrase, that phrase will be submitted to search. If the suggestion is a link, the browser will navigate to that page.
Home
All topics
About hosting
Protection and insurance
How the Resolution Center helps you
How-to
How the Resolution Center helps you

Need to send or request money for things related to your home stay, service, or experience? No problem! Go to the Resolution Center to open a refund or payment request.

In this article
Sending or requesting money in the Resolution Center
What you can use the Resolution Center for
What the Resolution Center can’t be used for
Where to find your Resolution Center requests
If a host and guest can't reach an agreement
Getting reimbursed for damage
Sending or requesting money in the Resolution Center

You may need to add a payment method before sending or requesting money through the Resolution Center.

You have up to 60 days after your reservation’s checkout date or the end of the service or experience to submit a Resolution Center request.

What you can use the Resolution Center for

Refunds

Refunds agreed upon by both host and guests
Requests from guests for refunds

Optional fees

For example:

Host offering paid transportation service to their home, business, or experience location 
Guest access to elected amenities or upgrades

Security deposits

Security deposits can only be charged by select software-connected hosts and must be properly disclosed in the appropriate fee field, so that it is disclosed to guests at checkout.
What the Resolution Center can’t be used for

Reservation alteration

You can’t use the Resolution Center to collect payment for additional costs or provide refunds for modifications to nights, guest count, or pet count. You must use Change reservation for reservation alterations.

Mandatory fees and security deposits

All mandatory fees must be disclosed in the appropriate fee field or in the nightly price if there is no applicable fee field. Including these fees in the listing description at the time of booking is insufficient. Limited exceptions exist:

Select software-connected hosts may collect payment for disclosed mandatory fees and security deposits separately in the Resolution Center. These mandatory fees include:
Utilities (water, heat, electricity, air conditioning)
Resort fees
Linen fees
Management fees
HOA fees
Cleaning fees
Security deposits

In locations where Airbnb does not collect taxes or where hosts are legally required to collect them directly from guests, hosts must disclose taxes in the listing description.

Hotel stays

The Resolution Center may not be available for use with some hotel stays. Hotels may also collect payment off of the Airbnb platform for optional fees (ex: parking) where it is in the course of normal business practices.

Where to find your Resolution Center requests

If a host or guest requests money for extra services or a refund, you’ll find their request in your email associated with your Airbnb account or in the Resolution Center.

If a host and guest can't reach an agreement

Every now and then, hosts and guests aren’t able to make it work. If you haven’t come to an agreement, you’ll see the option to ask Airbnb to help you mediate.

Issues must be reported to Airbnb within 72 hours of discovery to be eligible under our rebooking and refund policy for homes or our refund policy for services and experiences. From there, a dedicated team member will review the info provided by everyone and ask questions (if necessary) before making a final decision.

Getting reimbursed for damage

Sometimes accidents happen, which is why there’s AirCover for Hosts. 

AirCover for Hosts is top-to-bottom protection for hosts. It includes $3 million in Host damage protection, in addition to $1 million liability insurance, guest identity verification, reservation screening and a 24-hour safety line. It’s always included and always free whenever you host.

If a guest causes damage to your place or belongings during an Airbnb stay, you can file a reimbursement request through our Resolution Centre. You’re reimbursed for certain damage caused by guests to your home and belongings if the guest does not pay for the damage. Learn about the process.

Host damage protection isn’t an insurance policy. Host damage protection and Experiences & Services liability insurance don’t cover Hosts who offer stays through Airbnb Travel, LLC or Hosts who offer Stays or Experiences in Japan – where Japan Host Insurance and Japan Experience Protection Insurance apply. For listings in Washington state, Airbnb’s contractual obligations under Host damage protection are covered by an insurance policy purchased by Airbnb. For hosts whose country of residence or establishment is outside of Australia, these Host Damage Protection Terms apply. For Hosts whose country of residence or establishment is within Australia, Host damage protection is subject to the Host Damage Protection Terms for Australian Users. Keep in mind that all coverage limits are shown in USD.

Host liability insurance and Experiences & Services liability insurance are underwritten by third-party insurers. If you’re hosting in the UK, the Host liability insurance policy and Experiences & Services liability insurance policy are underwritten by Zurich Insurance Company Ltd and are arranged and concluded at no additional cost for UK Hosts by Airbnb UK Services Limited – an appointed representative of Aon UK Limited, authorised and regulated by the Financial Conduct Authority. Aon’s FCA register number is 310451. You can check this on the Financial Services Register by visiting the FCA’s website or contacting the FCA on 0800 111 6768. The Host liability and Experiences & Services liability policies within AirCover for Hosts are regulated by the Financial Conduct Authority; the remaining products and services are not regulated products arranged by Airbnb UK Services Limited. FP.AFF.476.LC

In the EU, these policies have been arranged and concluded at no additional cost for the benefit of EU Hosts by Airbnb Marketing Services SLU, an external collaborator of Aon Iberia Correduría de Seguros y Reaseguros, SAU, which is authorised and regulated by Autoridad de Control de la Dirección General de Seguros y Fondos de Pensiones, registered by the serial number of J0170. Aon Iberia Correduría de Seguros y Reaseguros SAU is acting as intermediary for the EU, participating in the distribution of insurance in EU countries under the freedom of services regime to provide services under the Spanish Insurance Distribution Law, the Insurance Distribution Directive, and other legal or regulatory provisions. Without prejudice to the authority of the Host country where insurance distribution services are provided, the member state responsible for the supervision of Aon is the Kingdom of Spain and the Supervisory Authority, the General Directorate of Insurance and Pension Funds, at Paseo de la Castellana 44, 28046 – Madrid.

Did this article help?
Yes
No
Related articles
How-to • Gast
If a host asks for more money
All pricing information is included when you book a home, service, or experience—but there are a few situations where you may owe more after paying.
Guide • Guest
Help with post-trip issues
Your trip is over, but there are a few things to wrap up (maybe you left something at the place, or your Host charged you for something extra).
How-to • Guest
After your trip: Handling disagreements
If your disagreement is money-related, you can use our Resolution Center to request or send money for things related to your Airbnb trip.
Get help with your reservations, account, and more.
Log in or sign up
Site Footer
Support
Help Center
AirCover
Anti-discrimination
Disability support
Cancellation options
Report neighborhood concern
Hosting
Airbnb your home
AirCover for Hosts
Hosting resources
Community forum
Hosting responsibly
Airbnb-friendly apartments
Join a free Hosting class
Find a co‑host
Airbnb
2025 Summer Release
Newsroom
New features
Careers
Investors
Gift cards
Airbnb.org emergency stays
Footer section
© 2025 Airbnb, Inc.·Terms·Sitemap·Privacy·Your Privacy Choices
English (US)
€
EUR | Find your Resolution Center requests: Skip to content
Help Center
– home page
Search
Suggestions will show after typing in the search input. Use the up and down arrows to review. Use enter to select. If the selection is a phrase, that phrase will be submitted to search. If the suggestion is a link, the browser will navigate to that page.
Home
All topics
Your reservations
Guest refunds and reimbursements
Find your Resolution Center requests
How-to
Find your Resolution Center requests

Want to check on the status of a request you sent, respond to one that you received, or review a past request? Learn how to find Resolution Center requests.

Find a request in the Resolution Center
Desktop
iOS app
Android app
Mobile browser
Find a request in the Resolution Center on desktop
Click Resolution Center
Locate the request you want and click anywhere in the row to open it
If you need to submit a new request in the Resolution Center

Find out how to send or request money in the Resolution Center.

Did this article help?
Yes
No
Related articles
How-to • Host
Request or send money in the Resolution Center
The Resolution Center makes it easy for hosts and guests to request or send money to one another for things related to an Airbnb home, service, or experience.
Get help with your reservations, account, and more.
Log in or sign up
Site Footer
Support
Help Center
AirCover
Anti-discrimination
Disability support
Cancellation options
Report neighborhood concern
Hosting
Airbnb your home
AirCover for Hosts
Hosting resources
Community forum
Hosting responsibly
Airbnb-friendly apartments
Join a free Hosting class
Find a co‑host
Airbnb
2025 Summer Release
Newsroom
New features
Careers
Investors
Gift cards
Airbnb.org emergency stays
Footer section
© 2025 Airbnb, Inc.·Terms·Sitemap·Privacy·Your Privacy Choices
English (US)
€
EUR | Request or send money in the Resolution Center: Skip to content
Help Center
– home page
Search
Suggestions will show after typing in the search input. Use the up and down arrows to review. Use enter to select. If the selection is a phrase, that phrase will be submitted to search. If the suggestion is a link, the browser will navigate to that page.
Home
All topics
Payments and pricing
Refunds
Request or send money in the Resolution Center
How-to • Anfitrión
Request or send money in the Resolution Center

A host sending their guest a partial refund for a missing amenity, a guest sending their host a payment for breaking a coffee mug, and much more—the Resolution Center makes it easy to handle money-related requests for an Airbnb home, service, or experience.


In this article
How hosts can use the Resolution Center
Request money from your host or guest in the Resolution Center
Send money to your host or guest in the Resolution Center
If the reservation completion date was more than 60 days ago
If the reservation hasn’t yet started
If the reservation check-in or start time has passed
If the reservation is a hotel stay
How hosts can use the Resolution Center

Just keep in mind that:

You must use Airbnb’s Change reservation tool for reservation alterations. You can’t use the Resolution Center to collect payment for additional costs or provide refunds to nights, guest count, or pet count.
With few exceptions, hosts cannot charge guests for mandatory fees through the Resolution Center. Exceptions include:
Select software-connected hosts that may collect payment for mandatory fees and security deposits separately in the Resolution Center. These fees would be detailed in the listing’s price breakdown at checkout.
In locations where Airbnb does not collect taxes or where hosts are legally required to collect them directly from guests, hosts must disclose taxes in the listing description and may collect them over the Resolution Center.

Learn more about what the Resolution Center can and cannot be used for.

Request money from your host or guest in the Resolution Center
Desktop
iOS app
Android app
Mobile browser
Request money from your host or guest on desktop
Click Resolution Center and then click Request money
Select the reservation and click Choose
Under What is this request for?, choose the reason that best describes why you’re requesting money
Enter the amount you’re requesting
Upload optional attachments and add a note
Click Next and then Request
Send money to your host or guest in the Resolution Center
Desktop
iOS app
Android app
Mobile browser
Send money on desktop
Click Resolution Center and then click Send money
Select the reservation and click Choose
Under What is this payment for?, choose the reason that best describes why you’re sending money
Enter the payment amount and add a note
Click Next
Choose a payment method and then click Confirm and pay
If the reservation completion date was more than 60 days ago

You can only submit a new Resolution Center request up to 60 days after a completed reservation (except for damage-related claims, which need to be filed 14 days within checkout).

You can respond to an existing Resolution Center request—like choosing to pay the full amount, paying a different amount, or declining the request—more than 60 days after checkout, as long as the request was submitted within the 60 days after completion.

If the reservation hasn’t yet started

Hosts can use the Resolution Center to request money from a guest before their confirmed reservation starts, but they can't send money to a guest until the reservation has started or has been canceled. Guests can send money to a host before their reservation starts, but they can’t request money from a host until their reservation has started.

If a guest cancels their reservation before it starts and their host has agreed to a full refund, either the guest or host can initiate it:

The guest can request a full refund from the host in the Resolution Center
The host can contact Airbnb to have our Community Support team refund the guest in full
If the reservation check-in or start time has passed

Hosts and guests can both use the Resolution Center to send or request money from one another after the reservation starts.

If a guest cancels their reservation and it’s past the start date or time, their host can send a full refund to the guest in the Resolution Center.

If the reservation is a hotel stay

The Resolution Center may not be available for use with some hotel stays. In those cases, guests of hotel stays and their hosts will need to resolve any money-related requests directly.

Did this article help?
Yes
No
Related articles
How-to
How the Resolution Center helps you
The Resolution Center lets you request or send money for things related to your home stay, service, or experience.
How-to • Home host
Managing listings with property management software
If the team owner account manages Airbnb listings through property management software, the software can be used to manage listings created by the hosting team.
Get help with your reservations, account, and more.
Log in or sign up
Site Footer
Support
Help Center
AirCover
Anti-discrimination
Disability support
Cancellation options
Report neighborhood concern
Hosting
Airbnb your home
AirCover for Hosts
Hosting resources
Community forum
Hosting responsibly
Airbnb-friendly apartments
Join a free Hosting class
Find a co‑host
Airbnb
2025 Summer Release
Newsroom
New features
Careers
Investors
Gift cards
Airbnb.org emergency stays
Footer section
© 2025 Airbnb, Inc.·Terms·Sitemap·Privacy·Your Privacy Choices
English (US)
€
EUR",2025-07-08T11:03:27.083Z,
service-host,About hosting,Communicating with guests,https://www.airbnb.com/help/topic/1664,"Skip to content
Help Center
– home page
Search
Suggestions will show after typing in the search input. Use the up and down arrows to review. Use enter to select. If the selection is a phrase, that phrase will be submitted to search. If the suggestion is a link, the browser will navigate to that page.
Home
All topics
Your reservations
Communicating with guests
Communicating with guests
How-to
How to read and send messages
You must be logged in to your Airbnb account to read or send messages. You can click or tap on a message thread to read existing messages or send a new one.
How-to • Host
Communicating with guests about their service or experience
Use the message thread to communicate with guests before or after you receive notification of their booking.
How-to • Host
Managing guest messages
Hosts use messaging to connect with guests before, during, and after a home stay, service, or experience.
How-to
Why we review messages on Airbnb
We remove text from messages when our system detects words or numbers that might include contact info.
How-to
Manage all your Airbnb messages
However you travel or host, it’s good to know that all your messages are organized and searchable in one place.
How-to • Host
Create and send quick replies to guests
Hosts can create quick reply templates personalized with details that dynamically complete guest, reservation, and listing details.
How-to
Send photos and videos in a message
Once a reservation for a home, service or experience is confirmed, you can share photos and videos in a message.
Related topics
Changes and Cancellations
Refunds and reimbursements
Issues with a reservation
Site Footer
Support
Help Center
AirCover
Anti-discrimination
Disability support
Cancellation options
Report neighborhood concern
Hosting
Airbnb your home
AirCover for Hosts
Hosting resources
Community forum
Hosting responsibly
Airbnb-friendly apartments
Join a free Hosting class
Find a co‑host
Airbnb
2025 Summer Release
Newsroom
New features
Careers
Investors
Gift cards
Airbnb.org emergency stays
Footer section
© 2025 Airbnb, Inc.·Terms·Sitemap·Privacy·Your Privacy Choices
English (US)
€
EUR",3,How to read and send messages | Communicating with guests about their service or experience | Managing guest messages,"How to read and send messages: Skip to content
Help Center
– home page
Search
Suggestions will show after typing in the search input. Use the up and down arrows to review. Use enter to select. If the selection is a phrase, that phrase will be submitted to search. If the suggestion is a link, the browser will navigate to that page.
Home
All topics
Searching and booking
Messaging
How to read and send messages
How-to
How to read and send messages

It all starts with a message, whether you’re a guest who has a question about a listing or a host who wants to share information about your home, service, or experience. You’ll just need to be logged in to your Airbnb account first to read or send messages in the Airbnb app or website.


In this article
Automatic group threads keep everyone informed
Read and send messages as a host
Read and send messages as a guest
Manage your messages
Threaded replies
Messaging limits
Automatic group threads keep everyone informed

Your Messages will help you keep your communication organized for all your trips. Every reservation automatically creates a group thread where all bookers, co-travelers, hosts and co-hosts can connect.

Just click on a message thread to read an existing message or send a new one. By default, read receipts are enabled for all messages on Airbnb to help keep communication between guests and hosts transparent.

Read and send messages as a host

If you’re a host, just go to your Messages and click on a message thread to read an existing message or send a new one.

If you’re hosting an experience and need to chat with a guest privately, you have that option. Just head to Details and click or tap the messaging icon next to their name under Who’s going.

Read and send messages as a guest

Guests can message a host before a reservation, after a trip is confirmed, or after the trip is completed. They can always find their message threads by going to Messages.

Need to get in contact with the host of an experience? You can contact them privately by heading to Details and tapping or clicking Message host(s).

Manage your messages

You can filter, search, and archive your messages to stay on top of your conversations. Made a mistake? You can edit a message within 15 minutes after sending it, or unsend your message up to 24 hours after it’s sent.

Threaded replies

Guests and hosts can reply directly to specific messages anywhere in the thread, so it’s easier to keep track of responses as conversations grow busier.

Messaging limits

Guests and hosts are limited to 25 messages within any 24-hour period or 10 messages per hour. They’ll see an error message if they’ve reached their message limit.

If a message makes you feel uncomfortable or someone tries to get you to pay outside Airbnb, click or tap the flag or three dots next to the message and select report this message to let us know. 

Did this article help?
Yes
No
Related articles
How-to • Huésped
Contacting hosts
If you want to find out more about a home, service, or experience before booking, you can message the host on Airbnb.
How-to • Travel admin
How messaging works when you use Airbnb for Work
Both the company's travel admin or trip planner and the business traveler will join the message thread with the host.
How-to
Updating your host profile: What I do for work
As a host, sharing more information about yourself, such as your profession, helps the Airbnb community get to know you better.
Get help with your reservations, account, and more.
Log in or sign up
Site Footer
Support
Help Center
AirCover
Anti-discrimination
Disability support
Cancellation options
Report neighborhood concern
Hosting
Airbnb your home
AirCover for Hosts
Hosting resources
Community forum
Hosting responsibly
Airbnb-friendly apartments
Join a free Hosting class
Find a co‑host
Airbnb
2025 Summer Release
Newsroom
New features
Careers
Investors
Gift cards
Airbnb.org emergency stays
Footer section
© 2025 Airbnb, Inc.·Terms·Sitemap·Privacy·Your Privacy Choices
English (US)
€
EUR | Communicating with guests about their service or experience: Skip to content
Help Center
– home page
Search
Suggestions will show after typing in the search input. Use the up and down arrows to review. Use enter to select. If the selection is a phrase, that phrase will be submitted to search. If the suggestion is a link, the browser will navigate to that page.
Home
All topics
Your reservations
Communicating with guests
Communicating with guests about their service or experience
How-to • Gastgeber:in
Communicating with guests about their service or experience

As soon as you publish your service or experience on Airbnb, guests can start booking available dates. Guests may reach out to ask questions about your listing before they make a reservation by using Contact host.

When someone makes a reservation, we’ll send you a confirmation email with details on who’s coming and how many guests to expect. The email will also include a link to message them through our platform.

How message threads help hosts

Every reservation automatically creates a group thread where all bookers, guests, hosts and co-hosts can connect. We recommend sending guests a message after booking—to introduce yourself, answer any questions, and share what they can expect from your service or experience. It's a great way to get to know each other in advance.

If you’re hosting an experience and need to chat with a guest privately, you have that option. Click or tap Details and find them in Who’s going. You can tap Messages  to send a message to an individual guest. This message will be private between you, the guest, and any co-hosts.

Note: Private message threads cannot be created with individual guests of services.

Share a taste of what’s coming with photos and videos

You can send photos and videos to get guests excited about their upcoming service or experience or share memories after the service or experience. All of the photos and videos sent between guests, hosts, and co-hosts can be viewed in the Gallery section of your Details.

Want to improve guest communication? Learn more about managing guest messages.

Did this article help?
Yes
No
Related articles
How-to • Experience host
Choosing great photos for your Airbnb Experience
You’ll need at least 5 great, high-quality photos that capture the essence of your experience. These photos should tell your unique story and they’ll be displayed in a grid on your experience page.
How-to • Gastgeber:in
How booking works for hosts of services and experiences
When a guest books a service or experience, you’ll receive their information and we’ll let them know all the details about their reservation.
Guide • Experience host
Managing your experience
Get important tips and tools to help you manage your reservations and your calendar.
Get help with your reservations, account, and more.
Log in or sign up
Site Footer
Support
Help Center
AirCover
Anti-discrimination
Disability support
Cancellation options
Report neighborhood concern
Hosting
Airbnb your home
AirCover for Hosts
Hosting resources
Community forum
Hosting responsibly
Airbnb-friendly apartments
Join a free Hosting class
Find a co‑host
Airbnb
2025 Summer Release
Newsroom
New features
Careers
Investors
Gift cards
Airbnb.org emergency stays
Footer section
© 2025 Airbnb, Inc.·Terms·Sitemap·Privacy·Your Privacy Choices
English (US)
€
EUR | Managing guest messages: Skip to content
Help Center
– home page
Search
Suggestions will show after typing in the search input. Use the up and down arrows to review. Use enter to select. If the selection is a phrase, that phrase will be submitted to search. If the suggestion is a link, the browser will navigate to that page.
Home
All topics
Your reservations
Messaging with guests
Managing guest messages
How-to • Gastgeber:in
Managing guest messages

Hosting starts with a warm welcome, and your first message with your guests sets the tone for your future conversations. You can use Messages to connect with guests before, during, and after a home stay, service, or experience.

In this article
Connect with everyone in a group message thread
Direct messages for experience hosts
Search messages easily
Filters keep you focused
Managing messages with a team
Connect with everyone in a group message thread
Hosts will be added to a group thread where all bookers, co-hosts, and additional guests can connect once a reservation has been confirmed. Guest information and reservation details are always available by clicking or tapping Details at the top of each specific messaging thread. You’ll be able to differentiate between the booker and co-traveler in the message thread.

Save time with quick replies and scheduled quick replies, which allow you to send personalized messages quickly and automatically.

Direct messages for experience hosts

If you’re hosting an experience and need to chat with a guest privately, you have that option. Click or tap Details and find them in Who’s going. You can tap Messages  to send a message to an individual guest. You can also give guests a better idea of what you provide with photos and videos.

Search messages easily

You can quickly and easily search your messages by specific word, guest name, or confirmation code using the magnifying glass icon at the top of the message thread list. If you can’t remember a person’s name or topic of conversation, just start typing to see possible results in real-time.

Filters keep you focused

Organization starts with the filters. You can apply a quick filter to differentiate the type of thread you want to access. Ex: Hosting, Experiences, Support.

The Starred filter helps you focus on the messages you marked as most important, and the Unread filter displays only unread messages, or messages you’ve marked as unread. You can also filter by listing (if you have more than one) and stage of trip:

Reservation requests
Upcoming reservations
Currently hosting
Past reservations

Your conversations with Airbnb customer support are filtered into the Airbnb Support folder.

Archive filters

It’s easy to archive messages in the Archive folder. Archived messages will return to the All messages folder if a guest sends a new message.

Managing messages with a team

If you host with a team, every team member with guest management permissions will receive the same messages, but they can customize their own messages using the star, read/unread, and archive tools. These team members can also view and interact with support threads for hosting tickets created by their teammates.

Did this article help?
Yes
No
Related articles
How-to • Gast
Buying services and experiences for other people
Find out how to share an Airbnb service or experience with friends.
How-to
How Early Access works
Early Access allows you to explore new features before they’re available to everyone else and to let us know what you think.
How-to • Guest
What guest info is shared with hosts before booking
When requesting to book, a limited version of the guest's profile is shown to the host. The guest's profile photo is not shared until after booking.
Get help with your reservations, account, and more.
Log in or sign up
Site Footer
Support
Help Center
AirCover
Anti-discrimination
Disability support
Cancellation options
Report neighborhood concern
Hosting
Airbnb your home
AirCover for Hosts
Hosting resources
Community forum
Hosting responsibly
Airbnb-friendly apartments
Join a free Hosting class
Find a co‑host
Airbnb
2025 Summer Release
Newsroom
New features
Careers
Investors
Gift cards
Airbnb.org emergency stays
Footer section
© 2025 Airbnb, Inc.·Terms·Sitemap·Privacy·Your Privacy Choices
English (US)
€
EUR",2025-07-08T11:03:46.091Z,
service-host,About hosting,Issues with a reservation,https://www.airbnb.com/help/topic/1665,"Skip to content
Help Center
– home page
Search
Suggestions will show after typing in the search input. Use the up and down arrows to review. Use enter to select. If the selection is a phrase, that phrase will be submitted to search. If the suggestion is a link, the browser will navigate to that page.
Home
All topics
Your reservations
Issues with a reservation
Issues with a reservation
How-to • Experience host
Experiences & Services liability insurance
Experiences & Services liability insurance is a key component of AirCover for hosts, which is top-to-bottom protection for Airbnb hosts.
How-to
For hosts—injuries during an Airbnb Service or Experience
You should get everyone to a safe place and contact local emergency services immediately. After that, report the incident to us.
How-to • Home host
Update your house rules to share which services you allow
Services can be offered in an Airbnb home, out in a place of business, or out in the world. If you’re a home host, you have the option to allow some, all, or none of the categories in your home, and will need to contact us to update your house rules to reflect your choices.
Related topics
Changes and Cancellations
Refunds and reimbursements
Communicating with guests
Site Footer
Support
Help Center
AirCover
Anti-discrimination
Disability support
Cancellation options
Report neighborhood concern
Hosting
Airbnb your home
AirCover for Hosts
Hosting resources
Community forum
Hosting responsibly
Airbnb-friendly apartments
Join a free Hosting class
Find a co‑host
Airbnb
2025 Summer Release
Newsroom
New features
Careers
Investors
Gift cards
Airbnb.org emergency stays
Footer section
© 2025 Airbnb, Inc.·Terms·Sitemap·Privacy·Your Privacy Choices
English (US)
€
EUR",3,Experiences & Services liability insurance | For hosts—injuries during an Airbnb Service or Experience | Update your house rules to share which services you allow,"Experiences & Services liability insurance: Skip to content
Help Center
– home page
Search
Suggestions will show after typing in the search input. Use the up and down arrows to review. Use enter to select. If the selection is a phrase, that phrase will be submitted to search. If the suggestion is a link, the browser will navigate to that page.
Home
All topics
About hosting
Protection and insurance
Experiences & Services liability insurance
How-to • Experience host
Experiences & Services liability insurance

Experiences & Services liability insurance (“ELI Program”), a part of AirCover for Hosts, provides Hosts with $1 million in coverage in the rare event you are found legally responsible for a guest getting hurt or their belongings being damaged or stolen during an Airbnb Experience or Service. People who help you host, like Co-Hosts, are also included, so you can feel confident hosting on Airbnb.

Airbnb requires that all Experience and Service Hosts maintain liability insurance appropriate for their business. Based on the type of Experience or Service you want to host, you may be required to provide proof of licensure and/or insurance as part of the submission process. When insurance maintained by an Experience or Service Host applies to a claim, the ELI Program provides coverage to the extent the claim exceeds the Experience or Service Host’s insurance limits.

To learn more about Experiences & Services liability insurance, go to the comprehensive program summary.

Start a liability claim

File a claim if a guest gets hurt or their belongings are damaged or stolen.

Go to intake form

What's covered

Experiences & Services liability insurance covers you if you’re found legally responsible for:

Bodily injury to a guest (or others)
Damage to or theft of property belonging to a guest (or others)

The incident must arise out of the booking of an Airbnb Experience or Service through the Airbnb platform and occur during the Experience or Service, or while you’re preparing for or cleaning up after your Experience or Service, not to exceed a 24 hour period.

Experiences & Services liability insurance doesn't cover:

Damage or injury to a guest resulting from something done intentionally
Damage, loss, or theft to your personal property
Experiences involving aircraft or certain types of extreme activities (like bungee jumping)
Online-related risks such as defamation, theft of electronic data, or infringement of intellectual property rights
Other exclusions apply
The claims process

If you need to file a claim, just fill out our liability insurance intake form. The info will be sent to our trusted third-party insurer, who will assign your claim to a representative. They’ll resolve your claim according to the terms of the insurance policy.

No opt-in required


AirCover for Hosts and its benefits are always included and always free. By simply agreeing to host or continuing to host an Experience or Service, you are automatically covered whenever you host an Airbnb Experience or Service.

If you want to opt out


Email us from the email address associated with your Host account. Be sure to include the exact title of your listing, your full name, and the phone number associated with your Host account.

The email link above is only for opting out.

Please note that Hosts in the UK can’t opt out of this free liability insurance.

To learn more about Experiences liability insurance, go to the comprehensive program summary.

Disclaimer: Experiences & Services liability insurance doesn’t cover Hosts who offer experiences in Japan. For Hosts who offered experiences in mainland China, the China Host Protection Plan applies. Keep in mind that all coverage limits are shown in USD, and that there are other terms, conditions, and exclusions. If you’re hosting in the UK, the Experiences & Services liability insurance policy is underwritten by Zurich Insurance Company Ltd., and is arranged and concluded at no additional cost for UK Hosts by Airbnb UK Services Limited—an appointed representative of Aon UK Limited, authorized and regulated by the Financial Conduct Authority. Aon’s FCA register number is 310451. You can check this on the Financial Services Register by visiting the FCA’s website or contacting the FCA on 0800 111 6768. FP.AFF.416.LC If you’re hosting in the EU, you can access the full details of the insurance intermediary here.
Note: This article is part of Getting protected through AirCover for Hosts, a guide about damage and liability coverage.
Did this article help?
Yes
No
Related articles
Legal terms • Hostiteľ
Host Liability Insurance Program Summary
Details on this key component of AirCover for hosts, which is top-to-bottom protection for Airbnb hosts.
How-to • Hostiteľ
Host liability insurance
Host liability insurance is a key component of AirCover for hosts, which is top-to-bottom protection for Airbnb hosts.
Community policy • Experience host
Airbnb Services and Experiences standards and requirements
Find details on the standards and requirements that Airbnb Services and Experiences hosts must meet.
Get help with your reservations, account, and more.
Log in or sign up
Site Footer
Support
Help Center
AirCover
Anti-discrimination
Disability support
Cancellation options
Report neighborhood concern
Hosting
Airbnb your home
AirCover for Hosts
Hosting resources
Community forum
Hosting responsibly
Airbnb-friendly apartments
Join a free Hosting class
Find a co‑host
Airbnb
2025 Summer Release
Newsroom
New features
Careers
Investors
Gift cards
Airbnb.org emergency stays
Footer section
© 2025 Airbnb, Inc.·Terms·Sitemap·Privacy·Your Privacy Choices
English (US)
€
EUR | For hosts—injuries during an Airbnb Service or Experience: Skip to content
Help Center
– home page
Search
Suggestions will show after typing in the search input. Use the up and down arrows to review. Use enter to select. If the selection is a phrase, that phrase will be submitted to search. If the suggestion is a link, the browser will navigate to that page.
Home
All topics
Safety
Safety concerns
For hosts—injuries during an Airbnb Service or Experience
How-to
For hosts—injuries during an Airbnb Service or Experience

The safety of our community is a top priority—and we know that, as the host of a service or experience, it’s on your mind too. If someone is injured or requires medical attention during a service or experience, get everyone to a safe place and contact local emergency services immediately.

Once immediate needs are addressed, contact us to report the incident and please let us know if we can help.

Learn more about our hosting safety expectations.

Find in-depth information on safety tips and guidelines for guests and hosts. Check out more safety resources in the USA.

Did this article help?
Yes
No
Related articles
How-to
If you're injured on an Airbnb service or experience
If you’re injured or require medical attention while on an experience, get to a safe place and contact local emergency services immediately.
How-to • Host
Host liability insurance
Host liability insurance is a key component of AirCover for hosts, which is top-to-bottom protection for Airbnb hosts.
Community policy • Experience host
Airbnb Services and Experiences standards and requirements
Find details on the standards and requirements that Airbnb Services and Experiences hosts must meet.
Get help with your reservations, account, and more.
Log in or sign up
Site Footer
Support
Help Center
AirCover
Anti-discrimination
Disability support
Cancellation options
Report neighborhood concern
Hosting
Airbnb your home
AirCover for Hosts
Hosting resources
Community forum
Hosting responsibly
Airbnb-friendly apartments
Join a free Hosting class
Find a co‑host
Airbnb
2025 Summer Release
Newsroom
New features
Careers
Investors
Gift cards
Airbnb.org emergency stays
Footer section
© 2025 Airbnb, Inc.·Terms·Sitemap·Privacy·Your Privacy Choices
English (US)
€
EUR | Update your house rules to share which services you allow: Skip to content
Help Center
– home page
Search
Suggestions will show after typing in the search input. Use the up and down arrows to review. Use enter to select. If the selection is a phrase, that phrase will be submitted to search. If the suggestion is a link, the browser will navigate to that page.
Home
All topics
Your reservations
Issues with a reservation
Update your house rules to share which services you allow
How-to • Home host
Update your house rules to share which services you allow

Airbnb Services make trips more special for guests with incredible offerings—like photography, massages, and spa treatments—that can take place in your home or at your service host's location, at a place of business, or in a public space. Service hosts are experienced, covered under Experience and Services liability insurance, and have completed identity verification. 

As a home host, you can choose which services you’ll allow in your home. Once you decide, contact us to update your house rules so guests know which services are allowed.   

Allowing services at your place

It’s up to you to decide which services can take place in your home. Types of services include:

Chefs: Fully customizable in-home meals from professional chefs
Photography: Personalized photo sessions from experienced photographers 
Catering: Full-service catering with custom menus, decor, and equipment, plus setup and cleanup 
Personal training: Yoga strength training, HIIT, and more, with personal trainers, including renowned fitness professionals and world-champion athletes
Massage: Restorative massages including Swedish, deep tissue, and reflexology from experienced therapists
Spa treatments: Facials, microdermabrasion, body scrubs, and other treatments, provided by professional estheticians
Hair: Professional haircuts, blowouts, and more from experienced stylists 
Makeup: Makeup for every day or special occasions from professional makeup artists
Nails: Manicures and pedicures from experienced nail specialists

If there are any services you’d rather not allow in your listing, contact us so a team member can help you update your house rules.

If you don’t want to allow any services at your place

If you want to tell guests that you don't allow certain services to take place in your home, contact us so a team member can help you update your house rules.

Note: Prepared meals (ready-to-eat meals prepared by professional chefs) are allowed for all home listings since those are delivered and won’t take place in your home.

Did this article help?
Yes
No
Related articles
How-to • Service host
Sign up to provide a service on Airbnb
If you want to provide a service on Airbnb, make sure to meet our standards and ground rules before creating a listing. Let’s get started.
Community policy • Experience host
Airbnb Services and Experiences standards and requirements
Find details on the standards and requirements that Airbnb Services and Experiences hosts must meet.
Rules • Guest
How Airbnb Services and Experiences are vetted for quality
Services and experiences on Airbnb are vetted for quality to help guests book with confidence.
Get help with your reservations, account, and more.
Log in or sign up
Site Footer
Support
Help Center
AirCover
Anti-discrimination
Disability support
Cancellation options
Report neighborhood concern
Hosting
Airbnb your home
AirCover for Hosts
Hosting resources
Community forum
Hosting responsibly
Airbnb-friendly apartments
Join a free Hosting class
Find a co‑host
Airbnb
2025 Summer Release
Newsroom
New features
Careers
Investors
Gift cards
Airbnb.org emergency stays
Footer section
© 2025 Airbnb, Inc.·Terms·Sitemap·Privacy·Your Privacy Choices
English (US)
€
EUR",2025-07-08T11:04:05.123Z,
service-host,About hosting,Payouts,https://www.airbnb.com/help/topic/1651,"Skip to content
Help Center
– home page
Search
Suggestions will show after typing in the search input. Use the up and down arrows to review. Use enter to select. If the selection is a phrase, that phrase will be submitted to search. If the suggestion is a link, the browser will navigate to that page.
Home
All topics
Payouts and taxes
Payouts
Payouts
Fixing payout issues
How-to • Host
Why does Airbnb charge service fees for services and experiences?
We charge a service fee to help cover the costs of the products, services, and support we provide.
How-to • Host
What an adjustment on your earnings means
An adjustment is an amount of money a host owes as a result of a cancellation, reservation change, or violation of our Guest Refund Policy.
How-to • Host
What it means when a payout method is “not available”
If a payout method available in the past is no longer supported, it’s usually because of changes to local laws or regulations for your country or region.
How-to • Host
Requests to update your payout method
It’s our priority to make sure you get paid, and in some cases, we may request that you provide necessary updates for your payout info within a certain timeframe.
How-to
If you've received an extra payout
No need to do anything. The amount you were overpaid will be automatically deducted from your future payout(s).
How-to • Host
How long it takes for payout methods to be verified
After you add a payout method, it takes some time for it to be verified. While it's being verified, its status shows as Pending. Verification time depends on the payout method.
Payment methods
How-to • Host
Add a payout method
You can add or change payout methods in your account settings.
How-to • Host
Choose a default payout method
When you add more than one payout method, you can specify which one you want to be your default.
How-to • Host
Changing your payout method when you have an unpaid Airbnb balance
You can’t change your payout method if you have a pending payout adjustment.
How-to • Host
Split payouts between different payout methods
Once a payout method that you've added is ready, you can split your payouts by listing, percentage, or both using routing rules.
How-to • Host
How to use PayPal for payouts
If PayPal appears as an option for your selected country, you'll be able to connect your existing PayPal account as a payout method.
How-to • Host
Payouts by Fast Pay
Fast Pay is a quick and flexible option for getting your earnings. You can opt in or out anytime, depending on your needs.
How-to • Host
Payouts by Western Union
If Western Union shows as an option for your selected country, you'll be able to use it as a payout method.
How-to • Host
Payouts by international wire transfer
If international wire transfer is available for your country or region, it’ll be shown as an option when you add a payout method.
How-to • Host
Payouts by Payoneer debit card
If Payoneer shows as an option for your selected country, you'll be able to connect your existing Payoneer card as a payout method.
Payout details and preferences
How-to • Host
Find your earnings
You can check the status of your earnings and review detailed information on your earnings from your earnings dashboard.
How-to • Host
Change your payout currency
The currency you’re paid in is based on the country and method you selected when you first added your payout method. You can add other payout methods at any time.
How-to • Host
Set a minimum payout amount
You can cut down on transaction fees charged by your bank or financial service provider by setting a minimum payout amount.
How-to • Host
What it means when a payout method is “not available”
If a payout method available in the past is no longer supported, it’s usually because of changes to local laws or regulations for your country or region.
Related topics
Taxes
Site Footer
Support
Help Center
AirCover
Anti-discrimination
Disability support
Cancellation options
Report neighborhood concern
Hosting
Airbnb your home
AirCover for Hosts
Hosting resources
Community forum
Hosting responsibly
Airbnb-friendly apartments
Join a free Hosting class
Find a co‑host
Airbnb
2025 Summer Release
Newsroom
New features
Careers
Investors
Gift cards
Airbnb.org emergency stays
Footer section
© 2025 Airbnb, Inc.·Terms·Sitemap·Privacy·Your Privacy Choices
English (US)
€
EUR",3,Why does Airbnb charge service fees for services and experiences? | What an adjustment on your earnings means | What it means when a payout method is “not available”,"Why does Airbnb charge service fees for services and experiences?: Skip to content
Help Center
– home page
Search
Suggestions will show after typing in the search input. Use the up and down arrows to review. Use enter to select. If the selection is a phrase, that phrase will be submitted to search. If the suggestion is a link, the browser will navigate to that page.
Home
All topics
Managing your experience
Pricing your experience
Why does Airbnb charge service fees for services and experiences?
How-to • Hôte de logement
Why does Airbnb charge service fees for services and experiences?

We charge a service fee to help cover the costs of the products, services, and support we provide. 

For service reservations, we typically charge a 15% fee, with a minimum fee of $6 USD (or the local currency equivalent), which may vary based on the daily exchange rate. For experience reservations, we typically charge a 20% service fee.

In this article
How the amount is calculated
How service fees are paid
Service fee refunds
How the amount is calculated

The amount of the service fee is calculated from the price that hosts set for their service or experience. Guests who are browsing services and experiences are shown the total price that they’ll pay to book. No other service fees are charged to guests at this time.

How service fees are paid

Airbnb automatically withholds service fees from host payouts after a completed booking. Payouts are released after the service or experience has been completed. Hosts are paid their earnings with the service fees already removed. They don’t need to reimburse Airbnb for the service fees.

Service fee refunds

If your guest requests a refund for a booking that had a fee applied, please contact us and we can help you issue the right amount.

Did this article help?
Yes
No
Related articles
How-to • Guest
How pricing works for homes
Learn more about how the total price of a reservation is calculated
Community policy • Home host
Host Cancellation Policy for homes
Because cancellations can disrupt guests' plans and impact confidence in the Airbnb community, there are penalties applied for Host cancellations.
How-to • Guest
Add or remove a payment method
Find out how to manage your payment methods.
Get help with your reservations, account, and more.
Log in or sign up
Site Footer
Support
Help Center
AirCover
Anti-discrimination
Disability support
Cancellation options
Report neighborhood concern
Hosting
Airbnb your home
AirCover for Hosts
Hosting resources
Community forum
Hosting responsibly
Airbnb-friendly apartments
Join a free Hosting class
Find a co‑host
Airbnb
2025 Summer Release
Newsroom
New features
Careers
Investors
Gift cards
Airbnb.org emergency stays
Footer section
© 2025 Airbnb, Inc.·Terms·Sitemap·Privacy·Your Privacy Choices
English (US)
€
EUR | What an adjustment on your earnings means: Skip to content
Help Center
– home page
Search
Suggestions will show after typing in the search input. Use the up and down arrows to review. Use enter to select. If the selection is a phrase, that phrase will be submitted to search. If the suggestion is a link, the browser will navigate to that page.
Home
All topics
Payouts and taxes
Fixing payout issues
What an adjustment on your earnings means
How-to • Host
What an adjustment on your earnings means

An adjustment is an amount of money a Host owes as a result of a cancellation, reservation change, or violation of our Guest Refund Policy.


Check the status of an adjustment
Desktop
iOS app
Android app
Mobile browser
Check the status of an adjustment on desktop
Click Today > Menu > Earnings
Go to Paid or Upcoming to find your adjustment

Adjustments will be automatically deducted from the next scheduled payout(s). If you have set up any payout routing rules, the adjustment will be split according to the percentages that you set up, on a per-listing basis. Additionally, adjustments may also impact Co-Host payouts.


Did this article help?
Yes
No
Related articles
How-to • Host
Find your earnings
You can check the status of your earnings and review detailed information on your earnings from your earnings dashboard.
How-to • Home host
When guest complaints may require a refund
If you don’t meet one or more of our basic requirements, Airbnb may require you to refund a guest.
How-to • Host
When you'll get your payout
We typically send payouts about 24 hours after a guest checks in for home stays, and after the completion of a service or experience. However, when you'll get your payout can depend on several factors.
Get help with your reservations, account, and more.
Log in or sign up
Site Footer
Support
Help Center
AirCover
Anti-discrimination
Disability support
Cancellation options
Report neighborhood concern
Hosting
Airbnb your home
AirCover for Hosts
Hosting resources
Community forum
Hosting responsibly
Airbnb-friendly apartments
Join a free Hosting class
Find a co‑host
Airbnb
2025 Summer Release
Newsroom
New features
Careers
Investors
Gift cards
Airbnb.org emergency stays
Footer section
© 2025 Airbnb, Inc.·Terms·Sitemap·Privacy·Your Privacy Choices
English (US)
€
EUR | What it means when a payout method is “not available”: Skip to content
Help Center
– home page
Search
Suggestions will show after typing in the search input. Use the up and down arrows to review. Use enter to select. If the selection is a phrase, that phrase will be submitted to search. If the suggestion is a link, the browser will navigate to that page.
Home
All topics
Payouts and taxes
Payout details and preferences
What it means when a payout method is “not available”
How-to • Host
What it means when a payout method is “not available”

When a payout method is not available, this means it can’t receive any additional payouts because it’s no longer supported.


In this article
Why a payout method may be “not available”
How to keep getting payouts
Why a payout method may be “not available”

If a payout method available in the past is no longer supported, it’s usually because of changes to local laws or regulations for your country or region, or simply because we no longer support it.

It’s our priority to make sure you can get paid however you’d like, and in these cases, we hope you’ll be able to use one of the other payout method options supported in your area.

How to keep getting payouts
Review your payout methods by going to Payments & payouts in your account, and add a new payout method, if needed
Choose a new default payout method so that any payouts can be released automatically
Did this article help?
Yes
No
Related articles
How-to • Home host
Hosts in South Africa must submit their Bidvest form annually
Hosts in South Africa must complete an annual Bidvest form to receive Airbnb payouts in South African Rand (ZAR) and avoid additional fees.
How-to • Host
How to know if your payout method is working
You can check if the status next to your payout method is Default, Pending, Error, or there’s no status listed (meaning it’s verified but not your default payout method).
How-to • Travel admin
Manage the frequency of your Airbnb for Work email notifications
You can change how often you receive email notifications for employee requests and reservations from Airbnb for Work.
Get help with your reservations, account, and more.
Log in or sign up
Site Footer
Support
Help Center
AirCover
Anti-discrimination
Disability support
Cancellation options
Report neighborhood concern
Hosting
Airbnb your home
AirCover for Hosts
Hosting resources
Community forum
Hosting responsibly
Airbnb-friendly apartments
Join a free Hosting class
Find a co‑host
Airbnb
2025 Summer Release
Newsroom
New features
Careers
Investors
Gift cards
Airbnb.org emergency stays
Footer section
© 2025 Airbnb, Inc.·Terms·Sitemap·Privacy·Your Privacy Choices
English (US)
€
EUR",2025-07-08T11:04:24.329Z,
service-host,About hosting,Taxes,https://www.airbnb.com/help/topic/1652,"Skip to content
Help Center
– home page
Search
Suggestions will show after typing in the search input. Use the up and down arrows to review. Use enter to select. If the selection is a phrase, that phrase will be submitted to search. If the suggestion is a link, the browser will navigate to that page.
Home
All topics
Payouts and taxes
Taxes
Taxes
How-to • Home host
Manual tax collection
Hosts generally need to collect taxes manually unless automatic tax collection and payment is set up for their jurisdiction.
Related topics
Payouts
Site Footer
Support
Help Center
AirCover
Anti-discrimination
Disability support
Cancellation options
Report neighborhood concern
Hosting
Airbnb your home
AirCover for Hosts
Hosting resources
Community forum
Hosting responsibly
Airbnb-friendly apartments
Join a free Hosting class
Find a co‑host
Airbnb
2025 Summer Release
Newsroom
New features
Careers
Investors
Gift cards
Airbnb.org emergency stays
Footer section
© 2025 Airbnb, Inc.·Terms·Sitemap·Privacy·Your Privacy Choices
English (US)
€
EUR",2,Manual tax collection | Cancellation options,"Manual tax collection: Skip to content
Help Center
– home page
Search
Suggestions will show after typing in the search input. Use the up and down arrows to review. Use enter to select. If the selection is a phrase, that phrase will be submitted to search. If the suggestion is a link, the browser will navigate to that page.
Home
All topics
Payouts and taxes
Taxes
Manual tax collection
How-to • Home host
Manual tax collection

Hosts generally need to collect taxes manually unless automatic tax collection and payment is set up for their jurisdiction. Even if Airbnb automatically collects and pays certain taxes on your behalf, you may still be required to manually collect other taxes on their stay, experience, or service price. For example, Airbnb may collect regional taxes but not local ones in some places.

In this article
Manually collecting taxes on stays
Manually collecting taxes on experiences and services
Understanding other tax obligations
Manually collecting taxes on stays

There are several ways you can manually collect taxes on the stay price from guests:

If you’re using professional hosting tools, you may be able to add taxes for a listing
You can include tax within a special offer
You can collect from guests by using the Resolution Center after check-in

In each case, it's important that you inform guests of the exact tax amount prior to booking. Hosts that need to collect taxes on the stay price in person should only collect it upon arrival. We’re unable to assist with manual collection.

Manually collecting taxes on experiences and services

You can manually collect taxes on the experience or service price from guests by using the Resolution Center after check-in.

In each case, it's important that you inform guests of the exact tax amount prior to booking. Hosts that need to collect taxes on the experience or service price in person should only collect it upon arrival. We’re unable to assist with manual collection.

Understanding other tax obligations

We recommend doing some research to make sure you understand and comply with any local tax rules and obligations that apply to your offering. Check with your local government or a tax professional for information about additional taxes, rules, or regulations that may apply to your situation.

Note: Airbnb provides general information to hosts regarding taxes and informs hosts to educate themselves about and follow their local laws and regulations, as well as to inform their guests of the exact tax amount prior to booking.

Did this article help?
Yes
No
Related articles
Rules • Home host
Areas where tax collection and remittance by Airbnb is available
Airbnb is collecting and remitting taxes on behalf of the host in a number of locations worldwide.
How-to • Home host
Adding taxes to a listing
If you’ve provided us the relevant tax info, you may be eligible to collect taxes directly from guests by using our professional hosting tools.
How-to • Home host
Collecting taxes for bookings
If you’ve provided your business tax ID and relevant tourist tax registration info, you may be eligible to collect taxes directly from guests.
Get help with your reservations, account, and more.
Log in or sign up
Site Footer
Support
Help Center
AirCover
Anti-discrimination
Disability support
Cancellation options
Report neighborhood concern
Hosting
Airbnb your home
AirCover for Hosts
Hosting resources
Community forum
Hosting responsibly
Airbnb-friendly apartments
Join a free Hosting class
Find a co‑host
Airbnb
2025 Summer Release
Newsroom
New features
Careers
Investors
Gift cards
Airbnb.org emergency stays
Footer section
© 2025 Airbnb, Inc.·Terms·Sitemap·Privacy·Your Privacy Choices
English (US)
€
EUR | Cancellation options: Skip to content
Help Center
– home page
Search
Suggestions will show after typing in the search input. Use the up and down arrows to review. Use enter to select. If the selection is a phrase, that phrase will be submitted to search. If the suggestion is a link, the browser will navigate to that page.
Home
All topics
Your reservations
Cancellations
Major Disruptive Events Policy
Community policy
Major Disruptive Events Policy
In this article
Overview
What events are covered
What happens if a reservation is impacted by a covered Event
What is not covered
How this policy affects hosts
Other things to be aware of
Overview

In general, cancellations and refunds for Airbnb reservations are governed by the listing’s cancellation policy. In the rare circumstances that large-scale events prevent or legally prohibit completion of a reservation, the Major Disruptive Events Policy (the “Policy”) may apply. When this Policy applies, guests can cancel their reservation and receive a refund, travel credit, and/or other consideration regardless of the reservation’s cancellation policy, and hosts can cancel without fees or other adverse consequences, although their listing’s calendar will be blocked for the dates of the canceled reservation.

This Policy applies to reservations for homes, services, and experiences and is applicable to reservations that are ongoing or that have a check-in on or after the effective date, except as otherwise notified by Airbnb to users. The Major Disruptive Events Policy is not an insurance policy.

What events are covered

The following events are covered under this Policy if they impact your reservation location, occur after the time of booking, and prevent or legally prohibit completion of a future or ongoing reservation (referred to in this Policy as “Events”):

Declared public health emergencies and epidemics. Government-declared epidemics, pandemics, and public health emergencies. This does not include diseases that are endemic (for example, the flu) or commonly associated with an area (for example, malaria in Thailand). COVID-19 is not covered under this Major Disruptive Events Policy.

Government travel restrictions. Mandatory travel restrictions imposed by a governmental agency, such as an evacuation order or shelter-in-place order. This does not include non-binding travel advisories and similar government guidance.

Military actions and other hostilities. Acts of war, hostilities, invasions, civil war, terrorism, explosions, bombings, rebellions, riots, and insurrection.

Large-scale outages of essential utilities. Prolonged outages of essential utilities, such as heat, water, and electricity, impacting the vast majority of homes in a given location.

Unforeseeable natural disasters and severe weather events. Unforeseeable natural disasters, like earthquakes and tsunamis, and unforeseeable severe weather events, like tornadoes. This does not include events that are foreseeable for a given location, as described further below.

What happens if a reservation is impacted by a covered Event

When a large-scale event occurs, we assess the situation to determine whether the Major Disruptive Events Policy applies. If it does, we activate the Policy for the impacted area and timeframe where we anticipate that the Event will prevent or legally prohibit completion of reservations. Reservations outside of the defined area and timeframe may not be eligible, though hosts may still be able to cancel without adverse consequences if they are unable to host. We continuously monitor these situations and adjust coverage as needed to reflect changing conditions. If you believe this Policy applies to your reservation, please contact us to inquire about eligibility.

What is not covered

We understand that other circumstances outside of your control may disrupt your plans. In any situations not listed above, your reservation remains subject to the host’s cancellation policy for the listing.

Examples of common events not covered by this policy include:

Events that impact a guest or their ability to travel, but not the reservation location
Unexpected injury or illness
Government obligations like jury duty or court appearances
Non-binding travel advisories or other government guidance that fall short of a travel ban or prohibition
Cancellation or rescheduling of an event for which the reservation was made
Transportation disruptions such as airline insolvency, flight cancellations, transportation strikes, and road closures due to maintenance
Weather or natural conditions that are common enough to be foreseeable in a given location, such as hurricanes in Florida during hurricane season or winter weather in the northern hemisphere during winter months—unless the event triggers a covered Event that prevents completion of the reservation, such as government-issued mandatory travel restrictions

For reservations not covered by this Policy, we encourage guests and hosts to find a mutually acceptable arrangement, such as a full or partial refund or an alteration of the booking dates. Note that any refunds outside of the reservation’s cancellation policy are at the host’s discretion. Airbnb does not take part in or guarantee such refunds.

How this policy affects hosts

If a reservation is covered by the Major Disruptive Events Policy, hosts can cancel without fees or other adverse consequences. If a host cancels under this policy, their listing’s calendar will be blocked for the dates of the canceled reservation. If a reservation is canceled under this Policy, the host does not receive a payout for the canceled dates of the reservation, or, if the payout has already been made, the refunded amount will be withheld from the next payout(s).

Regardless of whether a reservation is covered by this Policy, hosts can cancel for certain valid reasons, such as major damage to a listing, without fees or other adverse consequences. Hosts are obligated to cancel a reservation if their listing is uninhabitable or is inconsistent with what the guest booked. Failure to do so may result in listing suspension, cancellation of existing reservations, and refunds to guests until the listing is habitable and consistent with the listing description. This also violates our Ground rules for hosts, and can lead to consequences up to and including account removal.

Other things to be aware of

This Policy does not limit your rights under local regulations, and any decisions made by Airbnb under this Policy do not affect your statutory rights.

Did this article help?
Yes
No
Related articles
How-to • Guest
Canceling a trip due to a Major Disruptive Event
If you need to cancel because a large-scale event at your destination prevents completion of your reservation, we can help.
Community policy • Home host
Host Cancellation Policy for homes
Because cancellations can disrupt guests' plans and impact confidence in the Airbnb community, there are penalties applied for Host cancellations.
How-to • Guest
Find the cancellation policy for any home, service, or experience
Here’s where to find the cancellation policy for any home, service, or experience.
Get help with your reservations, account, and more.
Log in or sign up
Site Footer
Support
Help Center
AirCover
Anti-discrimination
Disability support
Cancellation options
Report neighborhood concern
Hosting
Airbnb your home
AirCover for Hosts
Hosting resources
Community forum
Hosting responsibly
Airbnb-friendly apartments
Join a free Hosting class
Find a co‑host
Airbnb
2025 Summer Release
Newsroom
New features
Careers
Investors
Gift cards
Airbnb.org emergency stays
Footer section
© 2025 Airbnb, Inc.·Terms·Sitemap·Privacy·Your Privacy Choices
English (US)
€
EUR",2025-07-08T11:04:40.706Z,
service-host,About hosting,Getting started,https://www.airbnb.com/help/topic/1375,"Skip to content
Help Center
– home page
Search
Suggestions will show after typing in the search input. Use the up and down arrows to review. Use enter to select. If the selection is a phrase, that phrase will be submitted to search. If the suggestion is a link, the browser will navigate to that page.
Home
All topics
About Airbnb
Getting started
Getting started
How-to
Create an account
Signing up is free—use your email address, phone number, Google account, or Apple ID.
How-to
Log in to your Airbnb account
Trying to log in? Here's how to access your Airbnb account.
How-to
All the ways to host on Airbnb
It's free to sign up to host a place to stay, host an experience like a class, tour, or music event, or provide a service. Learn more about the criteria you need to meet in order to host.
How-to
Create a listing
Start by creating listings in your host profile. It can take up to 72 hours for a new listing to be included in search results.
How-to
Hosting Airbnb Adventures
Every host of an Airbnb Adventure must demonstrate relevant expertise for that particular adventure. Find out how to apply.
How-to
Update the Airbnb app
Using the most recent version of the Airbnb app helps ensure you have a great experience.
Related topics
How Airbnb works
Our community policies
Partnerships
Site Footer
Support
Help Center
AirCover
Anti-discrimination
Disability support
Cancellation options
Report neighborhood concern
Hosting
Airbnb your home
AirCover for Hosts
Hosting resources
Community forum
Hosting responsibly
Airbnb-friendly apartments
Join a free Hosting class
Find a co‑host
Airbnb
2025 Summer Release
Newsroom
New features
Careers
Investors
Gift cards
Airbnb.org emergency stays
Footer section
© 2025 Airbnb, Inc.·Terms·Sitemap·Privacy·Your Privacy Choices
English (US)
€
EUR",3,Create an account | Log in to your Airbnb account | All the ways to host on Airbnb,"Create an account: Skip to content
Help Center
– home page
Search
Suggestions will show after typing in the search input. Use the up and down arrows to review. Use enter to select. If the selection is a phrase, that phrase will be submitted to search. If the suggestion is a link, the browser will navigate to that page.
Home
All topics
Your account and reviews
Creating an account
Create an account
How-to
Create an account

Creating an Airbnb account is free and easy. To sign up, visit Airbnb.com, or download the Airbnb app from the App Store or Google Play.

Multiple ways to sign up for an account

You can sign up for a new account on desktop or mobile browser, or in the Airbnb app by providing any of the following:

An email address and a password
Your phone number
Google or Apple account
Naver account (for South Korea)
What’s required before you list or book a stay

Every Airbnb community member is required to go through our identity verification process. For hosts, we'll collect this when you publish your listing. We’ll collect this for guests when you book. You can begin the verification process here.

If more information is needed, we’ll let you know so you can complete the creation of your account.

What’s required before you can host

You’ll need to verify your identity before you can get started hosting. Every community member is required to go through this process.

If you already have another account

If you have more than one Airbnb account, you unfortunately can’t merge accounts. However, you can delete or deactivate the account you use the least. Learn more about what to do if you have multiple accounts.

Did this article help?
Yes
No
Related articles
Guide
Getting started on Airbnb
Whether you want to book a dream stay away from home, host an Airbnb Experience in your own backyard, or provide a service to make a guest’s trip more memorable, here’s how Airbnb works for you—as a host or a guest.
How-to
Disconnect your social accounts from Airbnb
You can disconnect your social accounts from your Airbnb account at any time.
How-to
Booking requirements for reservations
When booking a home, service, or experience, we need to know some basic information about you.
Get help with your reservations, account, and more.
Log in or sign up
Site Footer
Support
Help Center
AirCover
Anti-discrimination
Disability support
Cancellation options
Report neighborhood concern
Hosting
Airbnb your home
AirCover for Hosts
Hosting resources
Community forum
Hosting responsibly
Airbnb-friendly apartments
Join a free Hosting class
Find a co‑host
Airbnb
2025 Summer Release
Newsroom
New features
Careers
Investors
Gift cards
Airbnb.org emergency stays
Footer section
© 2025 Airbnb, Inc.·Terms·Sitemap·Privacy·Your Privacy Choices
English (US)
€
EUR | Log in to your Airbnb account: Skip to content
Help Center
– home page
Search
Suggestions will show after typing in the search input. Use the up and down arrows to review. Use enter to select. If the selection is a phrase, that phrase will be submitted to search. If the suggestion is a link, the browser will navigate to that page.
Home
All topics
Your account and reviews
Creating an account
Log in to your Airbnb account
How-to
Log in to your Airbnb account

Whether you’re just getting started or simply want a refresher on how to get into your account, we’re here to help you get access.

In this article
If you’re new to Airbnb
Log in to an existing Airbnb account
If you have trouble logging in
Getting to your host or guest account after logging in
If you’re new to Airbnb

We’re glad you’re here. You can start by creating an account. You can also find everything you need to know about getting started.

Log in to an existing Airbnb account

When you created your account, you chose the way that you sign in. It could be via email, phone number, Apple ID, Facebook or Google account, or Naver (South Korea). 

Desktop
iOS app
Android app
Mobile browser
Log in on desktop
Click Account
Select your login method from the options listed
Enter your login details and follow the instructions
If you have trouble logging in

If you’re are experiencing difficulty logging in, try the following options:


Make sure you’re connected to a stable internet connection.
You can use the phone number or email associated with your Airbnb account to log in.
You can always reset your password if you forgot it.

If you’ve logged in to Airbnb with your Facebook credentials in the past, you’ll need to use one of these methods to log in.

Getting to your host or guest account after logging in

You’re automatically taken to your guest account when you log in. If you’re also a host, you can switch between traveling and hosting on airbnb.com and the Airbnb app.

Did this article help?
Yes
No
Related articles
How-to
Reset or change your password
Learn how to reset your password, update your password, or create one for Airbnb if you’ve been logging in a different way.
How-to
Create an account
Signing up is free—use your email address, phone number, Google account, or Apple ID.
How-to
Disconnect your social accounts from Airbnb
You can disconnect your social accounts from your Airbnb account at any time.
Get help with your reservations, account, and more.
Log in or sign up
Site Footer
Support
Help Center
AirCover
Anti-discrimination
Disability support
Cancellation options
Report neighborhood concern
Hosting
Airbnb your home
AirCover for Hosts
Hosting resources
Community forum
Hosting responsibly
Airbnb-friendly apartments
Join a free Hosting class
Find a co‑host
Airbnb
2025 Summer Release
Newsroom
New features
Careers
Investors
Gift cards
Airbnb.org emergency stays
Footer section
© 2025 Airbnb, Inc.·Terms·Sitemap·Privacy·Your Privacy Choices
English (US)
€
EUR | All the ways to host on Airbnb: Skip to content
Help Center
– home page
Search
Suggestions will show after typing in the search input. Use the up and down arrows to review. Use enter to select. If the selection is a phrase, that phrase will be submitted to search. If the suggestion is a link, the browser will navigate to that page.
Home
All topics
About Airbnb
Getting started
All the ways to host on Airbnb
How-to
All the ways to host on Airbnb

Maybe you have a special place to stay, a great idea for an unforgettable experience, or want to provide a service like a catered dinner that could make a guests’ stay more special. Whether you want to host your home, an experience, or provide a service, you can connect to guests around the world—and we’re here to help.

In this article
How to sign up
Host a home
Host an Airbnb Experience
Provide a service on Airbnb
Regulations for hosting
How to sign up

Let’s get started! It’s free to create an account and list a home, experience, or service. Before you begin, get to know our hosting regulations and standards.

Host a home

How you host is up to you. You can list an entire home, or a private room—or perhaps another unique space. You might want to greet your guests on site, or offer self check-in. In order to set yourself up for success, check out Airbnb’s basic requirements to host.

There are different ways to host:

Host your place yourself
Invite a friend or family member to be your co-host
Hire a high-quality, local co-host through the Co-Host Network

You can also offer your Airbnb home for free by joining a community of more than 60,000 hosts providing emergency housing in times of crisis.

Need more help? Learn more about the world of hosting, connect with a Superhost, or join a free hosting class. If you’re ready to host, it’s easy to create your listing.

Host an Airbnb Experience

Airbnb Experiences bring people together—whether it’s classes, tours, concerts, or other activities—all over the world.

If you are ready to share some local expertise, just make sure:

You have formal training or other relevant background, the activity you plan to host is connected to what a city is known for, and the location for your experience is safe, clean, and comfortable
Your experience follows these standards and requirements
You’re in compliance with applicable local laws and regulations
You have completed our identity verification process and, where applicable, criminal background checks
You have required insurance
You have appropriate licenses and certifications for the activity

Here’s how to sign up to host an experience.

Provide a service on Airbnb

Airbnb Services make trips more special for guests with incredible services like private chefs, photography, massage, and spa treatments. Services are vetted and take place either in an Airbnb home, at a place of business, or in public spaces.

If you want to offer your services, you need to:

Have a minimum of 2 years of professional experience in the relevant category or 5 years for chefs without a culinary degree, maintain a high-quality professional reputation, and a portfolio that highlights your professional experience is needed for photography, chefs, catering, prepared meals, personal trainers, hair styling, makeup, and nails
Provide offerings that meet our standards and requirements
Meet our listing standards
Be in compliance with applicable local laws and regulations
Complete our identity verification process and, where applicable, criminal background checks
Have required insurance
Have appropriate licenses and certifications for the activity

Interested in providing a service? Create your listing.

Regulations for hosting

Homes, experiences, and services are offered all around the world, though we’re required to comply with international regulations that restrict the use of our site by residents of certain countries or regions. Because of this, our services are not available in some places, such as Crimea, Iran, Syria, and North Korea. Find out more about legal and regulatory issues for hosting places to stay, and responsible hosting for experiences on Airbnb.

Did this article help?
Yes
No
Related articles
How-to • Home host
Prepare to host your home
From keeping your calendar updated to giving guests soap and snacks, here are some tips to help get your home ready.
How-to • Home host
Hosting guests with accessibility needs
The most important thing hosts can do is to provide clear and accurate information about your listing, including adding any accessibility features a listing has, and to make sure to communicate with your guests.
Rules
Rome, Italy
If you're thinking about becoming an Airbnb Host, here's some information to help you understand the laws in your city.
Get help with your reservations, account, and more.
Log in or sign up
Site Footer
Support
Help Center
AirCover
Anti-discrimination
Disability support
Cancellation options
Report neighborhood concern
Hosting
Airbnb your home
AirCover for Hosts
Hosting resources
Community forum
Hosting responsibly
Airbnb-friendly apartments
Join a free Hosting class
Find a co‑host
Airbnb
2025 Summer Release
Newsroom
New features
Careers
Investors
Gift cards
Airbnb.org emergency stays
Footer section
© 2025 Airbnb, Inc.·Terms·Sitemap·Privacy·Your Privacy Choices
English (US)
€
EUR",2025-07-08T11:04:59.650Z,
service-host,About hosting,How Airbnb works,https://www.airbnb.com/help/topic/1378,"Skip to content
Help Center
– home page
Search
Suggestions will show after typing in the search input. Use the up and down arrows to review. Use enter to select. If the selection is a phrase, that phrase will be submitted to search. If the suggestion is a link, the browser will navigate to that page.
Home
All topics
About Airbnb
How Airbnb works
How Airbnb works
Contact info and feedback; Airbnb basics
Contact info and feedback
How-to
Get help or contact Airbnb Support
Most Hosts and guests are able to quickly resolve issues on their own. Explore ways to get the help you need before, during, or after a trip.
How-to
Share your feedback about Airbnb
Use our form to give feedback about how an Airbnb feature works or to report a bug.
How-to
Contact HotelTonight
For any questions related to HotelTonight reservations, contact the specialized support team, available 24/7.
Airbnb basics
How-to
About Airbnb: What it is and how it works
On Airbnb, you can host a home, experience, or provide a service to guests around the world.
How-to
Understand the Superhost program
Superhost listings include a badge, which hosts earn by going above and beyond to meet certain criteria.
How-to
About Airbnb for Work
Book and manage work trips for your employees, and use our tools to help manage business travel.
How-to
The Airbnb Community Center
Hosts can connect with each other, share stories, get advice, and keep current about Airbnb news and policies.
How-to
About Airbnb.org
Airbnb.org is an independent, publicly-supported nonprofit organization that partners with nonprofits to provide people with emergency housing in times of crisis.
How-to
About Airbnb Adventures
Adventures are small-group, multi-day trips to off-the-beaten-path places that are led by local experts.
How-to
Our Living Wage Pledge
US hosts who agree to pay their cleaners fairly can commit to Airbnb's Living Wage Pledge.
Related topics
Getting started
Our community policies
Partnerships
Site Footer
Support
Help Center
AirCover
Anti-discrimination
Disability support
Cancellation options
Report neighborhood concern
Hosting
Airbnb your home
AirCover for Hosts
Hosting resources
Community forum
Hosting responsibly
Airbnb-friendly apartments
Join a free Hosting class
Find a co‑host
Airbnb
2025 Summer Release
Newsroom
New features
Careers
Investors
Gift cards
Airbnb.org emergency stays
Footer section
© 2025 Airbnb, Inc.·Terms·Sitemap·Privacy·Your Privacy Choices
English (US)
€
EUR",3,Get help or contact Airbnb Support | Share your feedback about Airbnb | Contact HotelTonight,"Get help or contact Airbnb Support: Skip to content
Help Center
– home page
Search
Suggestions will show after typing in the search input. Use the up and down arrows to review. Use enter to select. If the selection is a phrase, that phrase will be submitted to search. If the suggestion is a link, the browser will navigate to that page.
Home
All topics
About Airbnb
How Airbnb works
Contact info and feedback
Get help or contact Airbnb Support
How-to
Get help or contact Airbnb Support

Whether you’re a Host or guest, find help before, during, or after a stay.

In this article
Contact your Host or guest
Explore the Help Center
Visit the Resolution Center
Contact Airbnb Customer Service
Contact your Host or guest

Sending a message is usually the quickest and easiest way to resolve an issue with your listing or reservation. Or you could try calling them.

Explore the Help Center

Visit the Help Center to find answers to common questions, including information about:

Refunds
Reviews
Payments
Cancellations
Visit the Resolution Center

If you need to securely send or request money for something that wasn’t included in a listing, visit the Resolution Center. We can also get involved if you need help working out the details with your Host or guest.

Contact Airbnb Customer Service

Need a little more help or have a complaint? Contact us by email, chat, or phone at 1-844-234-2500.

Did this article help?
Yes
No
Related articles
Guide • Guest
AirCover for guests
Every home booking comes with AirCover for guests. If there’s a serious issue with your Airbnb that your host can't resolve, we’ll help you find a similar place, depending on availability at comparable pricing, or give you a full or partial refund.
How-to
Neighborhood Support
Find out how you can report a party, noise complaint, or neighborhood concern.
How-to • Guest
If you have a problem or issue during your reservation
If anything unexpected comes up during your stay, message your host to discuss a solution first. It’s likely that they’ll be able to help you fix the issue. If your host can’t help or you’d like to request a refund, we’re here to support you.
Get help with your reservations, account, and more.
Log in or sign up
Site Footer
Support
Help Center
AirCover
Anti-discrimination
Disability support
Cancellation options
Report neighborhood concern
Hosting
Airbnb your home
AirCover for Hosts
Hosting resources
Community forum
Hosting responsibly
Airbnb-friendly apartments
Join a free Hosting class
Find a co‑host
Airbnb
2025 Summer Release
Newsroom
New features
Careers
Investors
Gift cards
Airbnb.org emergency stays
Footer section
© 2025 Airbnb, Inc.·Terms·Sitemap·Privacy·Your Privacy Choices
English (US)
€
EUR | Share your feedback about Airbnb: Skip to content
Help Center
– home page
Search
Suggestions will show after typing in the search input. Use the up and down arrows to review. Use enter to select. If the selection is a phrase, that phrase will be submitted to search. If the suggestion is a link, the browser will navigate to that page.
Home
All topics
About Airbnb
How Airbnb works
Contact info and feedback
Share your feedback about Airbnb
How-to
Share your feedback about Airbnb

We love to know how we’re doing. Give feedback about an Airbnb feature, report a bug, and more. 

If you have a question about something else, find help or contact Airbnb.

Did this article help?
Yes
No
Related articles
How-to
Get help or contact Airbnb Support
Most Hosts and guests are able to quickly resolve issues on their own. Explore ways to get the help you need before, during, or after a trip.
How-to • Home host
How discounts are applied
There are different kinds of discounts and promotions available for your listing, but only one offer can be applied per reservation.
How-to • Home host
How reservation changes affect your payout
When a guest submits a change request, it’s treated as a new booking, and the price is calculated at your current nightly rate.
Get help with your reservations, account, and more.
Log in or sign up
Site Footer
Support
Help Center
AirCover
Anti-discrimination
Disability support
Cancellation options
Report neighborhood concern
Hosting
Airbnb your home
AirCover for Hosts
Hosting resources
Community forum
Hosting responsibly
Airbnb-friendly apartments
Join a free Hosting class
Find a co‑host
Airbnb
2025 Summer Release
Newsroom
New features
Careers
Investors
Gift cards
Airbnb.org emergency stays
Footer section
© 2025 Airbnb, Inc.·Terms·Sitemap·Privacy·Your Privacy Choices
English (US)
€
EUR | Contact HotelTonight: Skip to content
Help Center
– home page
Search
Suggestions will show after typing in the search input. Use the up and down arrows to review. Use enter to select. If the selection is a phrase, that phrase will be submitted to search. If the suggestion is a link, the browser will navigate to that page.
Home
All topics
About Airbnb
How Airbnb works
Contact info and feedback
Contact HotelTonight
How-to
Contact HotelTonight

HotelTonight is part of the Airbnb team and offers on-demand booking for boutique and independent hotels. Working together is a win-win! Guests get even more choices and it’s easier for the best hotels to connect with new people.

Ready to make a reservation? Visit HotelTonight or download the app.

Have a question? The support team is available 24/7 at +1 833-338-0302 or online.

Did this article help?
Yes
No
Get help with your reservations, account, and more.
Log in or sign up
Site Footer
Support
Help Center
AirCover
Anti-discrimination
Disability support
Cancellation options
Report neighborhood concern
Hosting
Airbnb your home
AirCover for Hosts
Hosting resources
Community forum
Hosting responsibly
Airbnb-friendly apartments
Join a free Hosting class
Find a co‑host
Airbnb
2025 Summer Release
Newsroom
New features
Careers
Investors
Gift cards
Airbnb.org emergency stays
Footer section
© 2025 Airbnb, Inc.·Terms·Sitemap·Privacy·Your Privacy Choices
English (US)
€
EUR",2025-07-08T11:05:16.470Z,
service-host,About hosting,Our community policies,https://www.airbnb.com/help/feature/1,"Our community policies

What to expect, and what will be expected of you, as a member of the Airbnb community.",1,Cancellation options,"Cancellation options: Skip to content
Help Center
– home page
Search
Suggestions will show after typing in the search input. Use the up and down arrows to review. Use enter to select. If the selection is a phrase, that phrase will be submitted to search. If the suggestion is a link, the browser will navigate to that page.
Home
All topics
Your reservations
Cancellations
Major Disruptive Events Policy
Community policy
Major Disruptive Events Policy
In this article
Overview
What events are covered
What happens if a reservation is impacted by a covered Event
What is not covered
How this policy affects hosts
Other things to be aware of
Overview

In general, cancellations and refunds for Airbnb reservations are governed by the listing’s cancellation policy. In the rare circumstances that large-scale events prevent or legally prohibit completion of a reservation, the Major Disruptive Events Policy (the “Policy”) may apply. When this Policy applies, guests can cancel their reservation and receive a refund, travel credit, and/or other consideration regardless of the reservation’s cancellation policy, and hosts can cancel without fees or other adverse consequences, although their listing’s calendar will be blocked for the dates of the canceled reservation.

This Policy applies to reservations for homes, services, and experiences and is applicable to reservations that are ongoing or that have a check-in on or after the effective date, except as otherwise notified by Airbnb to users. The Major Disruptive Events Policy is not an insurance policy.

What events are covered

The following events are covered under this Policy if they impact your reservation location, occur after the time of booking, and prevent or legally prohibit completion of a future or ongoing reservation (referred to in this Policy as “Events”):

Declared public health emergencies and epidemics. Government-declared epidemics, pandemics, and public health emergencies. This does not include diseases that are endemic (for example, the flu) or commonly associated with an area (for example, malaria in Thailand). COVID-19 is not covered under this Major Disruptive Events Policy.

Government travel restrictions. Mandatory travel restrictions imposed by a governmental agency, such as an evacuation order or shelter-in-place order. This does not include non-binding travel advisories and similar government guidance.

Military actions and other hostilities. Acts of war, hostilities, invasions, civil war, terrorism, explosions, bombings, rebellions, riots, and insurrection.

Large-scale outages of essential utilities. Prolonged outages of essential utilities, such as heat, water, and electricity, impacting the vast majority of homes in a given location.

Unforeseeable natural disasters and severe weather events. Unforeseeable natural disasters, like earthquakes and tsunamis, and unforeseeable severe weather events, like tornadoes. This does not include events that are foreseeable for a given location, as described further below.

What happens if a reservation is impacted by a covered Event

When a large-scale event occurs, we assess the situation to determine whether the Major Disruptive Events Policy applies. If it does, we activate the Policy for the impacted area and timeframe where we anticipate that the Event will prevent or legally prohibit completion of reservations. Reservations outside of the defined area and timeframe may not be eligible, though hosts may still be able to cancel without adverse consequences if they are unable to host. We continuously monitor these situations and adjust coverage as needed to reflect changing conditions. If you believe this Policy applies to your reservation, please contact us to inquire about eligibility.

What is not covered

We understand that other circumstances outside of your control may disrupt your plans. In any situations not listed above, your reservation remains subject to the host’s cancellation policy for the listing.

Examples of common events not covered by this policy include:

Events that impact a guest or their ability to travel, but not the reservation location
Unexpected injury or illness
Government obligations like jury duty or court appearances
Non-binding travel advisories or other government guidance that fall short of a travel ban or prohibition
Cancellation or rescheduling of an event for which the reservation was made
Transportation disruptions such as airline insolvency, flight cancellations, transportation strikes, and road closures due to maintenance
Weather or natural conditions that are common enough to be foreseeable in a given location, such as hurricanes in Florida during hurricane season or winter weather in the northern hemisphere during winter months—unless the event triggers a covered Event that prevents completion of the reservation, such as government-issued mandatory travel restrictions

For reservations not covered by this Policy, we encourage guests and hosts to find a mutually acceptable arrangement, such as a full or partial refund or an alteration of the booking dates. Note that any refunds outside of the reservation’s cancellation policy are at the host’s discretion. Airbnb does not take part in or guarantee such refunds.

How this policy affects hosts

If a reservation is covered by the Major Disruptive Events Policy, hosts can cancel without fees or other adverse consequences. If a host cancels under this policy, their listing’s calendar will be blocked for the dates of the canceled reservation. If a reservation is canceled under this Policy, the host does not receive a payout for the canceled dates of the reservation, or, if the payout has already been made, the refunded amount will be withheld from the next payout(s).

Regardless of whether a reservation is covered by this Policy, hosts can cancel for certain valid reasons, such as major damage to a listing, without fees or other adverse consequences. Hosts are obligated to cancel a reservation if their listing is uninhabitable or is inconsistent with what the guest booked. Failure to do so may result in listing suspension, cancellation of existing reservations, and refunds to guests until the listing is habitable and consistent with the listing description. This also violates our Ground rules for hosts, and can lead to consequences up to and including account removal.

Other things to be aware of

This Policy does not limit your rights under local regulations, and any decisions made by Airbnb under this Policy do not affect your statutory rights.

Did this article help?
Yes
No
Related articles
How-to • Viajero
Canceling a trip due to a Major Disruptive Event
If you need to cancel because a large-scale event at your destination prevents completion of your reservation, we can help.
Community policy • Home host
Host Cancellation Policy for homes
Because cancellations can disrupt guests' plans and impact confidence in the Airbnb community, there are penalties applied for Host cancellations.
How-to • Guest
Find the cancellation policy for any home, service, or experience
Here’s where to find the cancellation policy for any home, service, or experience.
Get help with your reservations, account, and more.
Log in or sign up
Site Footer
Support
Help Center
AirCover
Anti-discrimination
Disability support
Cancellation options
Report neighborhood concern
Hosting
Airbnb your home
AirCover for Hosts
Hosting resources
Community forum
Hosting responsibly
Airbnb-friendly apartments
Join a free Hosting class
Find a co‑host
Airbnb
2025 Summer Release
Newsroom
New features
Careers
Investors
Gift cards
Airbnb.org emergency stays
Footer section
© 2025 Airbnb, Inc.·Terms·Sitemap·Privacy·Your Privacy Choices
English (US)
€
EUR",2025-07-08T11:05:32.761Z,
service-host,About hosting,Partnerships,https://www.airbnb.com/help/topic/1381,"Skip to content
Help Center
– home page
Search
Suggestions will show after typing in the search input. Use the up and down arrows to review. Use enter to select. If the selection is a phrase, that phrase will be submitted to search. If the suggestion is a link, the browser will navigate to that page.
Home
All topics
About Airbnb
Partnerships
Partnerships
About Airbnb partners
How-to
How is Airbnb partnering with the American Red Cross and the IFRC?
From emergency plans to kitchen safety tips, our partners offer our community valuable information and resources.
How-to
How is Airbnb partnering with the Pan American Health Organization?
Airbnb has partnered with PAHO, the world’s oldest international public health organization, to provide our community with food safety resources.
How-to
How can the Airbnb community help with water conservation in Cape Town?
Airbnb is committed to promoting local and sustainable travel, and we encourage our community to conserve water during the drought whenever possible.
Animal welfare
How-to
What are the animal welfare guidelines for Airbnb Services and Experiences?
Airbnb hosts commit that their services or experiences ensure the highest quality of life for any animals involved, using the guiding principles of animal welfare.
How-to
How does Airbnb support animal welfare for services and experiences?
Our hosts adhere to our guidelines, which were created in consultation with World Animal Protection, an organization committed to improving the lives of animals.
How-to
How can I recognize a true animal sanctuary?
Find guidelines, developed in partnership with World Animal Protection, to help you determine if the sanctuary you want to visit is a genuine one that puts the animals' welfare first.
How-to
How can I recognize experiences with wild animals that don’t follow animal welfare guidelines?
Find questions to consider, developed in partnership with World Animal Protection, before taking part in activities with wild animals.
How-to
Why is it harmful to wildlife to keep marine mammals in captivity?
Find more info, developed in partnership with World Animal Protection, about marine mammals in captivity.
How-to
How do you know if an attraction or activity can harm an animal?
For Airbnb Experiences and Adventures that include animals, find the animal welfare guidelines developed in partnership with World Animal Protection.
How-to
How can I recognize elephant-friendly venues?
Find the animal welfare guidelines specific for elephants, developed in partnership with World Animal Protection.
Related topics
Getting started
How Airbnb works
Our community policies
Site Footer
Support
Help Center
AirCover
Anti-discrimination
Disability support
Cancellation options
Report neighborhood concern
Hosting
Airbnb your home
AirCover for Hosts
Hosting resources
Community forum
Hosting responsibly
Airbnb-friendly apartments
Join a free Hosting class
Find a co‑host
Airbnb
2025 Summer Release
Newsroom
New features
Careers
Investors
Gift cards
Airbnb.org emergency stays
Footer section
© 2025 Airbnb, Inc.·Terms·Sitemap·Privacy·Your Privacy Choices
English (US)
€
EUR",3,How is Airbnb partnering with the American Red Cross and the IFRC? | How is Airbnb partnering with the Pan American Health Organization? | How can the Airbnb community help with water conservation in Cape Town?,"How is Airbnb partnering with the American Red Cross and the IFRC?: Skip to content
Help Center
– home page
Search
Suggestions will show after typing in the search input. Use the up and down arrows to review. Use enter to select. If the selection is a phrase, that phrase will be submitted to search. If the suggestion is a link, the browser will navigate to that page.
Home
All topics
About Airbnb
Partnerships
About Airbnb partners
How is Airbnb partnering with the American Red Cross and the IFRC?
How-to
How is Airbnb partnering with the American Red Cross and the IFRC?

Airbnb has partnered with the American Red Cross and the International Federation of the Red Cross Red Crescent (IFRC) to provide our community with general safety resources.

These resources, applicable in 191 countries, were developed by the Red Cross Red Crescent’s Global Disaster Preparedness Center, which is an international reference center created to build a global community for disaster preparedness innovation and learning. Some of these resources include:

Making an emergency plan
General first aid tips
Host preparedness for physical activities
Guest preparedness for physical activities
Kitchen safety tips for hosting an Airbnb Experience
Kitchen safety tips for attending an Airbnb Experience
Preventing fires when hosting an Airbnb Experience
Preventing fires when attending an Airbnb Experience

In an emergency situation, contact local police or emergency services immediately.

Partner disclaimers

Courtesy of the American Red Cross and the International Federation of the Red Cross and Red Crescent Societies. ©2019 The American National Red Cross. ALL RIGHTS RESERVED.

The American Red Cross and the International Federation of the Red Cross Red Crescent name and emblem are used with its permission, which in no way constitutes an endorsement, express or implied, of any product, service, company, opinion, or political position. The American Red Cross logo is a registered trademark owned by The American National Red Cross. For more information about the American Red Cross, visit redcross.org.


Did this article help?
Yes
No
Related articles
How-to
About Airbnb.org
Airbnb.org is an independent, publicly-supported nonprofit organization that partners with nonprofits to provide people with emergency housing in times of crisis.
How-to • Home host
Receiving an Airbnb.org emergency stay request
Airbnb.org helps nonprofit organizations offer a temporary place to stay to people in need.
How-to • Home host
Sign up to host emergency stays through Airbnb.org
You can sign up to offer emergency stays to people in times of crisis by visiting Airbnb.org and clicking Offer Your Space.
Get help with your reservations, account, and more.
Log in or sign up
Site Footer
Support
Help Center
AirCover
Anti-discrimination
Disability support
Cancellation options
Report neighborhood concern
Hosting
Airbnb your home
AirCover for Hosts
Hosting resources
Community forum
Hosting responsibly
Airbnb-friendly apartments
Join a free Hosting class
Find a co‑host
Airbnb
2025 Summer Release
Newsroom
New features
Careers
Investors
Gift cards
Airbnb.org emergency stays
Footer section
© 2025 Airbnb, Inc.·Terms·Sitemap·Privacy·Your Privacy Choices
English (US)
€
EUR | How is Airbnb partnering with the Pan American Health Organization?: Skip to content
Help Center
– home page
Search
Suggestions will show after typing in the search input. Use the up and down arrows to review. Use enter to select. If the selection is a phrase, that phrase will be submitted to search. If the suggestion is a link, the browser will navigate to that page.
Home
All topics
About Airbnb
Partnerships
About Airbnb partners
How is Airbnb partnering with the Pan American Health Organization?
How-to
How is Airbnb partnering with the Pan American Health Organization?

Airbnb is collaborating with the Pan American Health Organization (PAHO) to provide our community with food safety resources. PAHO is world’s oldest international public health Organization. It serves as the Regional Office for the Americas of the World Health Organization and the specialized agency for health of the Organization of American States. PAHO’s mission is to lead strategic collaborative efforts among all of the countries in the Western Hemisphere and other partners to promote equity in health, to combat disease, and to improve the lives of the people of the Americas.

As part of its food safety program, PAHO supports technical cooperation between countries to strengthen their national systems to promote safe food and water, mitigating the risks of foodborne diseases.

The resources Airbnb has developed for food safety include:

For hosts:
Safety guidelines for experiences that involve cooking
Food allergies
Dietary restrictions or preferences
For guests:
Food allergies
Dietary restrictions or preferences
Did this article help?
Yes
No
Related articles
How-to • Experience host
What should I know about food allergies as a host of an Airbnb Experience?
Communication, planning ahead, as well as how you prep, cook, and perform cleanup are all important elements of keeping guests with food allergies safe.
Rules • Guest
Dietary restrictions on Airbnb Experiences
Hosts can often find ways to accommodate a variety of dietary restrictions so everyone gets the most out of the experience. Check with the Host to find out.
How-to • Experience host
What should I know about dietary restrictions as a host of an Airbnb Service or Experience involving food?
As a host, it’s important to be aware of the different dietary restrictions you might encounter to properly accommodate your guests’ needs.
Get help with your reservations, account, and more.
Log in or sign up
Site Footer
Support
Help Center
AirCover
Anti-discrimination
Disability support
Cancellation options
Report neighborhood concern
Hosting
Airbnb your home
AirCover for Hosts
Hosting resources
Community forum
Hosting responsibly
Airbnb-friendly apartments
Join a free Hosting class
Find a co‑host
Airbnb
2025 Summer Release
Newsroom
New features
Careers
Investors
Gift cards
Airbnb.org emergency stays
Footer section
© 2025 Airbnb, Inc.·Terms·Sitemap·Privacy·Your Privacy Choices
English (US)
€
EUR | How can the Airbnb community help with water conservation in Cape Town?: Skip to content
Help Center
– home page
Search
Suggestions will show after typing in the search input. Use the up and down arrows to review. Use enter to select. If the selection is a phrase, that phrase will be submitted to search. If the suggestion is a link, the browser will navigate to that page.
Home
All topics
About Airbnb
Partnerships
About Airbnb partners
How can the Airbnb community help with water conservation in Cape Town?
How-to
How can the Airbnb community help with water conservation in Cape Town?

We are continuously monitoring the water situation in Cape Town and have been in contact with hosts and guests, as well as with local officials, about the latest developments. Airbnb is committed to promoting local and sustainable travel, and we are encouraging our community to act responsibly during this drought and conserve water whenever possible.

Cape Town has worked hard to save water and increase their dam levels, but we ask that you still make every effort to use water sparingly. For water restrictions explained, visit the City of Cape Town website. You can find helpful information on Cape Town’s guidance for visitors and Wesgro’s FAQs.

If you are also interested in supporting local water-saving initiatives, you can visit FlowOffset to find out more about how to counteract your water consumption.

Additional info for hosts
How do I ask my guests to join us in our commitment to use water sparingly?

It’s a good idea to connect with your guest as soon as possible to let them know that you can still host, details about the water restrictions, and any changes they should expect as a result. This could include information like when and how often laundry is done, or if there are restrictions in the use of the swimming pool (if you have one). Also, you can let them know that you’re available to answer any questions about their stay. Many hosts tell us that when guests understand the situation, they are willing to do their part to use water responsibly.

Can I charge an additional fee for water?

Charging for water is a regulated activity and it is against the law to charge guests separate fees for water. For more info about the sale of water, you can visit Cape Town’s Water Restrictions.

Are there exceptions to the water restrictions?

It may be possible to apply for an increase in domestic water. You can find out more on the City of Cape Town website or by contacting the the City of Cape Town Metropolitan Municipality at +27-0860-103-089 or email water@capetown.gov.za.

Did this article help?
Yes
No
Get help with your reservations, account, and more.
Log in or sign up
Site Footer
Support
Help Center
AirCover
Anti-discrimination
Disability support
Cancellation options
Report neighborhood concern
Hosting
Airbnb your home
AirCover for Hosts
Hosting resources
Community forum
Hosting responsibly
Airbnb-friendly apartments
Join a free Hosting class
Find a co‑host
Airbnb
2025 Summer Release
Newsroom
New features
Careers
Investors
Gift cards
Airbnb.org emergency stays
Footer section
© 2025 Airbnb, Inc.·Terms·Sitemap·Privacy·Your Privacy Choices
English (US)
€
EUR",2025-07-08T11:05:52.054Z,
service-host,About hosting,Creating an account,https://www.airbnb.com/help/topic/1383,"Skip to content
Help Center
– home page
Search
Suggestions will show after typing in the search input. Use the up and down arrows to review. Use enter to select. If the selection is a phrase, that phrase will be submitted to search. If the suggestion is a link, the browser will navigate to that page.
Home
All topics
Your account and reviews
Creating an account
Creating an account
How-to
Create an account
Signing up is free—use your email address, phone number, Google account, or Apple ID.
How-to
Log in to your Airbnb account
Trying to log in? Here's how to access your Airbnb account.
How-to
Switching between hosting and traveling
Many Airbnb hosts also book places and experiences through Airbnb as a guest. How do you switch your account between hosting and traveling?
How-to
Which internet browsers work best on Airbnb?
Our site works best on the current version of Google Chrome, Mozilla Firefox, Microsoft Edge, or Opera.
How-to
How do I use Sign in with Apple on Airbnb?
Instead of entering a password, this feature lets you use Face ID or Touch ID to log in. It’s only available for new accounts.
Legal terms
As a mainland China resident, what do I need to know to sign up for an Airbnb account?
Learn more about Airbnb’s service and privacy policies in China.
How-to
Disconnect your social accounts from Airbnb
You can disconnect your social accounts from your Airbnb account at any time.
How-to
Login to Airbnb accounts through Facebook is no longer supported
If you’ve logged in to your Airbnb account with your Facebook account in the past, find out how you can log in without Facebook.
Related topics
Managing your account
ID and verification
Account security
Reviews
Site Footer
Support
Help Center
AirCover
Anti-discrimination
Disability support
Cancellation options
Report neighborhood concern
Hosting
Airbnb your home
AirCover for Hosts
Hosting resources
Community forum
Hosting responsibly
Airbnb-friendly apartments
Join a free Hosting class
Find a co‑host
Airbnb
2025 Summer Release
Newsroom
New features
Careers
Investors
Gift cards
Airbnb.org emergency stays
Footer section
© 2025 Airbnb, Inc.·Terms·Sitemap·Privacy·Your Privacy Choices
English (US)
€
EUR",3,Create an account | Log in to your Airbnb account | Switching between hosting and traveling,"Create an account: Skip to content
Help Center
– home page
Search
Suggestions will show after typing in the search input. Use the up and down arrows to review. Use enter to select. If the selection is a phrase, that phrase will be submitted to search. If the suggestion is a link, the browser will navigate to that page.
Home
All topics
Your account and reviews
Creating an account
Create an account
How-to
Create an account

Creating an Airbnb account is free and easy. To sign up, visit Airbnb.com, or download the Airbnb app from the App Store or Google Play.

Multiple ways to sign up for an account

You can sign up for a new account on desktop or mobile browser, or in the Airbnb app by providing any of the following:

An email address and a password
Your phone number
Google or Apple account
Naver account (for South Korea)
What’s required before you list or book a stay

Every Airbnb community member is required to go through our identity verification process. For hosts, we'll collect this when you publish your listing. We’ll collect this for guests when you book. You can begin the verification process here.

If more information is needed, we’ll let you know so you can complete the creation of your account.

What’s required before you can host

You’ll need to verify your identity before you can get started hosting. Every community member is required to go through this process.

If you already have another account

If you have more than one Airbnb account, you unfortunately can’t merge accounts. However, you can delete or deactivate the account you use the least. Learn more about what to do if you have multiple accounts.

Did this article help?
Yes
No
Related articles
Guide
Getting started on Airbnb
Whether you want to book a dream stay away from home, host an Airbnb Experience in your own backyard, or provide a service to make a guest’s trip more memorable, here’s how Airbnb works for you—as a host or a guest.
How-to
Disconnect your social accounts from Airbnb
You can disconnect your social accounts from your Airbnb account at any time.
How-to
Booking requirements for reservations
When booking a home, service, or experience, we need to know some basic information about you.
Get help with your reservations, account, and more.
Log in or sign up
Site Footer
Support
Help Center
AirCover
Anti-discrimination
Disability support
Cancellation options
Report neighborhood concern
Hosting
Airbnb your home
AirCover for Hosts
Hosting resources
Community forum
Hosting responsibly
Airbnb-friendly apartments
Join a free Hosting class
Find a co‑host
Airbnb
2025 Summer Release
Newsroom
New features
Careers
Investors
Gift cards
Airbnb.org emergency stays
Footer section
© 2025 Airbnb, Inc.·Terms·Sitemap·Privacy·Your Privacy Choices
English (US)
€
EUR | Log in to your Airbnb account: Skip to content
Help Center
– home page
Search
Suggestions will show after typing in the search input. Use the up and down arrows to review. Use enter to select. If the selection is a phrase, that phrase will be submitted to search. If the suggestion is a link, the browser will navigate to that page.
Home
All topics
Your account and reviews
Creating an account
Log in to your Airbnb account
How-to
Log in to your Airbnb account

Whether you’re just getting started or simply want a refresher on how to get into your account, we’re here to help you get access.

In this article
If you’re new to Airbnb
Log in to an existing Airbnb account
If you have trouble logging in
Getting to your host or guest account after logging in
If you’re new to Airbnb

We’re glad you’re here. You can start by creating an account. You can also find everything you need to know about getting started.

Log in to an existing Airbnb account

When you created your account, you chose the way that you sign in. It could be via email, phone number, Apple ID, Facebook or Google account, or Naver (South Korea). 

Desktop
iOS app
Android app
Mobile browser
Log in on desktop
Click Account
Select your login method from the options listed
Enter your login details and follow the instructions
If you have trouble logging in

If you’re are experiencing difficulty logging in, try the following options:


Make sure you’re connected to a stable internet connection.
You can use the phone number or email associated with your Airbnb account to log in.
You can always reset your password if you forgot it.

If you’ve logged in to Airbnb with your Facebook credentials in the past, you’ll need to use one of these methods to log in.

Getting to your host or guest account after logging in

You’re automatically taken to your guest account when you log in. If you’re also a host, you can switch between traveling and hosting on airbnb.com and the Airbnb app.

Did this article help?
Yes
No
Related articles
How-to
Reset or change your password
Learn how to reset your password, update your password, or create one for Airbnb if you’ve been logging in a different way.
How-to
Create an account
Signing up is free—use your email address, phone number, Google account, or Apple ID.
How-to
Disconnect your social accounts from Airbnb
You can disconnect your social accounts from your Airbnb account at any time.
Get help with your reservations, account, and more.
Log in or sign up
Site Footer
Support
Help Center
AirCover
Anti-discrimination
Disability support
Cancellation options
Report neighborhood concern
Hosting
Airbnb your home
AirCover for Hosts
Hosting resources
Community forum
Hosting responsibly
Airbnb-friendly apartments
Join a free Hosting class
Find a co‑host
Airbnb
2025 Summer Release
Newsroom
New features
Careers
Investors
Gift cards
Airbnb.org emergency stays
Footer section
© 2025 Airbnb, Inc.·Terms·Sitemap·Privacy·Your Privacy Choices
English (US)
€
EUR | Switching between hosting and traveling: Skip to content
Help Center
– home page
Search
Suggestions will show after typing in the search input. Use the up and down arrows to review. Use enter to select. If the selection is a phrase, that phrase will be submitted to search. If the suggestion is a link, the browser will navigate to that page.
Home
All topics
Your account and reviews
Creating an account
Switching between hosting and traveling
How-to
Switching between hosting and traveling

Many hosts also book places and experiences through Airbnb as a guest. How do you switch your account between hosting and traveling and back again?

Switching from traveling to hosting

Your account must be set to hosting to manage reservations at your properties and communicate with your guests.

Using the Airbnb app: Tap Profile 

Using a browser: Next to your profile photo, click or tap Switch to hosting.

Switching from hosting to traveling

To manage your own travel and experiences, your account must be set to traveling.

Using the Airbnb app: Tap Menu.

Using a browser: Click or tap your profile photo, then in the menu click or tap Switch to traveling.

Did this article help?
Yes
No
Get help with your reservations, account, and more.
Log in or sign up
Site Footer
Support
Help Center
AirCover
Anti-discrimination
Disability support
Cancellation options
Report neighborhood concern
Hosting
Airbnb your home
AirCover for Hosts
Hosting resources
Community forum
Hosting responsibly
Airbnb-friendly apartments
Join a free Hosting class
Find a co‑host
Airbnb
2025 Summer Release
Newsroom
New features
Careers
Investors
Gift cards
Airbnb.org emergency stays
Footer section
© 2025 Airbnb, Inc.·Terms·Sitemap·Privacy·Your Privacy Choices
English (US)
€
EUR",2025-07-08T11:06:10.983Z,
service-host,About hosting,Managing your account,https://www.airbnb.com/help/topic/1388,"Skip to content
Help Center
– home page
Search
Suggestions will show after typing in the search input. Use the up and down arrows to review. Use enter to select. If the selection is a phrase, that phrase will be submitted to search. If the suggestion is a link, the browser will navigate to that page.
Home
All topics
Your account and reviews
Managing your account
Managing your account
Editing your account details
How-to
Add or change your profile photo
Add or change a recognizable profile photo to help establish credibility and authenticity.
How-to
Reset or change your password
Learn how to reset your password, update your password, or create one for Airbnb if you’ve been logging in a different way.
How-to
Quick access to all your essential account settings
You can edit your account settings, as well as some information on your public profile, from your Account section.
How-to
Merging multiple accounts
You can’t merge accounts, so you will need to choose one and deactivate the other.
How-to
Change your name in your profile
While we’ll need your legal name for some stuff, we’re happy to make you feel welcomed by using your preferred first name on your public Airbnb profile.
How-to
Change your email address
You can change or add an email address to your profile.
How-to
Edit phone numbers on your account
Find out how to change or add phone numbers on your account.
How-to
Disconnect your social accounts from Airbnb
You can disconnect your social accounts from your Airbnb account at any time.
How-to
Login to Airbnb accounts through Facebook is no longer supported
If you’ve logged in to your Airbnb account with your Facebook account in the past, find out how you can log in without Facebook.
How-to
Add an emergency contact
You can add up to 4 contacts. Go to your profile to add or make updates.
How-to
Changing the language on Airbnb
For desktop and browsers, select your preferred language in your account’s global preferences section. For your phone, check under system settings.
How-to
Change your public profile location
You can change the location that shows publicly in your profile. Your country of residence is determined automatically.
How-to
Updating your host profile: What I do for work
As a host, sharing more information about yourself, such as your profession, helps the Airbnb community get to know you better.
How-to • Domaćin
Add your business details
Find out how to add your business details.
Managing your profile
How-to
Overview of your profile
You can use your profile to help hosts and guests get to know you better as a person. It helps build trust with hosts you might want to stay with, or guests who are interested in staying at your place.
How-to
Where your profile information may appear
Information shown on your profile can be viewed by others in the Airbnb community.
How-to
What info is shown on your profile
Your profile contains information that introduces you to others on Airbnb.
How-to
Add optional info to your profile
Airbnb automatically adds some basic info to your profile, but you have the opportunity to edit your profile to add some personality to help hosts and guests get to know you.
How-to • Home host
How your host profile for rooms works
Your host profile is a great way for guests to get to know you, what you’re into, how you host, and what makes staying at your place special.
How-to • Guest
Show where you've been with travel stamps on your profile
Add travel stamps to your profile to show others where you’ve been as a guest on Airbnb.
How-to • Gost
Find and share your past trips
Review your collection of travel stamps and share the listings from your past trips.
Deactivating or deleting
How-to
Deactivating or deleting your account
You can temporarily deactivate your account and reactivate it later, or you can permanently delete it.
How-to
How to exercise your data subject rights
Read about privacy and data protection and the ways you can manage your data, from how we communicate to data portability.
How-to
Exercising data subject rights as a user from mainland China
Read about privacy and data protection and the ways you can manage your data, from how we communicate to data portability.
How-to
Can Airbnb deactivate my account?
Yes. Learn why and when Airbnb may limit, suspend, or deactivate your account.
How-to
What does it mean if Airbnb closes my home host account?
Find out what you can and can’t do if your host account is closed.
Notifications
How-to
Managing your notifications
Manage email, text, phone, or push notifications in your account's notification settings.
How-to
Missing email notifications
You might miss an email notification if your account has an incorrect email address or outdated notification settings.
Business travel
How-to
Join your company’s Airbnb for Work account
Join your employer's Airbnb for Work account to streamline your business travel.
How-to
Link or unlink your work email address with your personal Airbnb account
You can add or delete your work email in your profile.
Referrals
How-to
Refer a friend to join Airbnb and get rewarded
When your friends use your referral link to join Airbnb, you and your friends can earn rewards. Available in select countries: China, Italy, Japan, and Mexico.
How-to
Booking a trip with travel credit from referrals
Qualified travel credits are automatically added to your account. Your travel credit will show on the checkout page when you pay for your next reservation.
How-to
Find your Airbnb sign up referral coupon
Your referral coupon should automatically show on the checkout page when you pay for your first qualifying reservation.
How-to
Superhost Ambassadors
Superhost Ambassadors are Superhosts who help people all over the world discover the benefits of hosting.
Related topics
Creating an account
ID and verification
Account security
Reviews
Site Footer
Support
Help Center
AirCover
Anti-discrimination
Disability support
Cancellation options
Report neighborhood concern
Hosting
Airbnb your home
AirCover for Hosts
Hosting resources
Community forum
Hosting responsibly
Airbnb-friendly apartments
Join a free Hosting class
Find a co‑host
Airbnb
2025 Summer Release
Newsroom
New features
Careers
Investors
Gift cards
Airbnb.org emergency stays
Footer section
© 2025 Airbnb, Inc.·Terms·Sitemap·Privacy·Your Privacy Choices
English (US)
€
EUR",3,Add or change your profile photo | Reset or change your password | Quick access to all your essential account settings,"Add or change your profile photo: Skip to content
Help Center
– home page
Search
Suggestions will show after typing in the search input. Use the up and down arrows to review. Use enter to select. If the selection is a phrase, that phrase will be submitted to search. If the suggestion is a link, the browser will navigate to that page.
Home
All topics
Your account and reviews
Managing your account
Editing your account details
Add or change your profile photo
How-to
Add or change your profile photo

Whether you're a guest who reserved the perfect stay, experience or service, or a host welcoming guests, a clear and recognizable profile photo can help establish credibility and authenticity.

In this article
Edit your profile photo
Guided photo capture helps you get your best profile photo
When photos are shared with hosts
Edit your profile photo
Desktop
iOS app
Android app
Mobile browser
Edit your photo on desktop
Click Profile > Edit profile
Under your profile photo, click Edit
Choose a photo and click Submit
Guided photo capture helps you get your best profile photo

When selecting a profile photo, our guided photo capture experience will locate your face and give you AI-powered tips to help ensure it’s clear and visible.

Tips may include:

Centering your head in the frame with auto-zoom
Zooming in on yourself if your photo has multiple people in it
Suggesting that you provide a photo where your face is facing the camera
Letting you know if your photo is too blurry to use
Recommending against adding a photo without you in it—like photos of landscapes or animals

These tips are optional—you can bypass the recommendations and add the photo of your choice, just make sure it meets the standards of our content policy.

Note: Additional photo requirements apply for co-hosts to be displayed on the Co-Host Network.

When photos are shared with hosts

While host photos are always visible on Airbnb, guest profile photos aren’t shown until after the host has accepted the reservation. Additionally, while a profile photo is recommended for all Airbnb users, it’s not mandatory for guests.


Did this article help?
Yes
No
Related articles
How-to • Host
What guest details hosts can expect prior to booking
Find out what details you'll be able to review when a potential guest sends you a request.
Community policy
Airbnb's Content Policy
Read about the content that is not allowed on Airbnb, and how the Content Policy works.
How-to • Home host
Co-Host Network: An introduction
The Co-Host Network is available in select countries worldwide to hosts (or soon to be hosts) who are looking for hosting support.
Get help with your reservations, account, and more.
Log in or sign up
Site Footer
Support
Help Center
AirCover
Anti-discrimination
Disability support
Cancellation options
Report neighborhood concern
Hosting
Airbnb your home
AirCover for Hosts
Hosting resources
Community forum
Hosting responsibly
Airbnb-friendly apartments
Join a free Hosting class
Find a co‑host
Airbnb
2025 Summer Release
Newsroom
New features
Careers
Investors
Gift cards
Airbnb.org emergency stays
Footer section
© 2025 Airbnb, Inc.·Terms·Sitemap·Privacy·Your Privacy Choices
English (US)
€
EUR | Reset or change your password: Skip to content
Help Center
– home page
Search
Suggestions will show after typing in the search input. Use the up and down arrows to review. Use enter to select. If the selection is a phrase, that phrase will be submitted to search. If the suggestion is a link, the browser will navigate to that page.
Home
All topics
Your account and reviews
Managing your account
Editing your account details
Reset or change your password
How-to
Reset or change your password

Having trouble logging in? Forgot your password? We’ve all been there. Find out how to reset or change your password.

In this article
Reset your password
Creating a password if you don’t already have one
What to do if you don’t receive a password reset link
How to change your current password
Reset your password
Desktop
iOS app
Android app
Mobile browser
Reset your password on desktop
Click Forgot password
Enter the email associated with your account
Click Send reset link 

You'll be emailed a link to reset your password.




Creating a password if you don’t already have one

If you created an Airbnb account by connecting to Facebook, Google, Apple, or using your phone number, you weren’t required to create a password.

If you’d like to create a password to log in directly, simply log out of your account and follow the steps for resetting your password. Even though you don’t yet have a password, going through the reset process will create a temporary password that allows you to create a permanent one.

What to do if you don’t receive a password reset link

If you’ve requested the reset link more than once, make sure you’re using the right email address. If you’re not sure which email address you used, try searching your email inbox for previous Airbnb messages. If you don’t find any, you may need to try another email address.

You may also need to disable your email service’s link preview (ex: Outlook) or mail-scanner feature, which could cause the link to expire before you open it.

How to change your current password
Desktop
iOS app
Android app
Mobile browser
Change your password on desktop
Click Menu > Account settings > Login & security

Next to Password, click Update
Enter your current password
Enter and confirm your new password
Click Update password
Did this article help?
Yes
No
Related articles
How-to
Change your email address
You can change or add an email address to your profile.
How-to
Link or unlink your work email address with your personal Airbnb account
You can add or delete your work email in your profile.
How-to • Guest
What should I do if my coupon code isn’t working?
There are a number of reasons a coupon code might not work, for instance, it could have expired or already been used.
Get help with your reservations, account, and more.
Log in or sign up
Site Footer
Support
Help Center
AirCover
Anti-discrimination
Disability support
Cancellation options
Report neighborhood concern
Hosting
Airbnb your home
AirCover for Hosts
Hosting resources
Community forum
Hosting responsibly
Airbnb-friendly apartments
Join a free Hosting class
Find a co‑host
Airbnb
2025 Summer Release
Newsroom
New features
Careers
Investors
Gift cards
Airbnb.org emergency stays
Footer section
© 2025 Airbnb, Inc.·Terms·Sitemap·Privacy·Your Privacy Choices
English (US)
€
EUR | Quick access to all your essential account settings: Skip to content
Help Center
– home page
Search
Suggestions will show after typing in the search input. Use the up and down arrows to review. Use enter to select. If the selection is a phrase, that phrase will be submitted to search. If the suggestion is a link, the browser will navigate to that page.
Home
All topics
Your account and reviews
Managing your account
Editing your account details
Quick access to all your essential account settings
How-to
Quick access to all your essential account settings

Once you’re logged in to Airbnb, your Account settings is a convenient place to access any personal settings and preferences, from editing your email address to choosing your default language.

Personal information: View or edit your personal details, including your legal name, preferred name, phone number, email address, physical address, emergency contact, and identity verification status
Login and security: Update your password and secure your account with two-factor authentication, view device history, and approve shared access to your account
Privacy and sharing: Turn read receipts on or off, allow search engines to include your listing in results, update review settings, request your personal data, opt-into anti-discrimination research, choose what information is shared with third parties, and delete your account
Notifications: Choose notification preferences for your account, including offers and updates, and how you want to be contacted
Payments and payouts: Add payment methods, review your payments, view credits and coupons, add or change a payout method, and view your earnings dashboard
Translation: Select whether you want reviews, descriptions, and messages automatically translated into the language you’ve set to view Airbnb in
Taxes: Manage taxpayer information and your tax documents
Professional hosting tools: Manage several properties in one place
Accessibility: Choose whether you prefer infinite scroll, add zoom and pan controls to maps
Did this article help?
Yes
No
Related articles
Guide • Guest
Setting up your Airbnb account
You’ve logged in, but you need to edit your account. Where do you go? Here’s how to update your profile, manage notification settings, and more so you can book a home, experience, or service on Airbnb.
How-to
Overview of your profile
You can use your profile to help hosts and guests get to know you better as a person. It helps build trust with hosts you might want to stay with, or guests who are interested in staying at your place.
How-to
Change your email address
You can change or add an email address to your profile.
Get help with your reservations, account, and more.
Log in or sign up
Site Footer
Support
Help Center
AirCover
Anti-discrimination
Disability support
Cancellation options
Report neighborhood concern
Hosting
Airbnb your home
AirCover for Hosts
Hosting resources
Community forum
Hosting responsibly
Airbnb-friendly apartments
Join a free Hosting class
Find a co‑host
Airbnb
2025 Summer Release
Newsroom
New features
Careers
Investors
Gift cards
Airbnb.org emergency stays
Footer section
© 2025 Airbnb, Inc.·Terms·Sitemap·Privacy·Your Privacy Choices
English (US)
€
EUR",2025-07-08T11:06:32.622Z,
service-host,About hosting,ID and verification,https://www.airbnb.com/help/topic/1389,"Skip to content
Help Center
– home page
Search
Suggestions will show after typing in the search input. Use the up and down arrows to review. Use enter to select. If the selection is a phrase, that phrase will be submitted to search. If the suggestion is a link, the browser will navigate to that page.
Home
All topics
Your account and reviews
ID and verification
ID and verification
How-to
Verifying your identity on Airbnb
At Airbnb, trust is the cornerstone of our community—where millions of people across the world place trust in each other as they travel or host services, experiences, or homes.
How-to
Booking requirements for reservations
When booking a home, service, or experience, we need to know some basic information about you.
How-to
Verify your phone number
Once you’ve added your phone number to your account, guests, hosts, and Airbnb can contact you about your reservation.
How-to
Benefits of an Airbnb profile
Your profile is how you introduce yourself on Airbnb, and it represents you to others in our community, which can help build trust.
How-to
Background checks
We may conduct background checks on US-based users and India-based hosts. Find out more about how and when we do this.
How-to
Ways your ID info may be used
Sometimes, where permitted by applicable law, we may use personal info from a government ID to run background checks against public records for criminal convictions.
How-to
Photo matching
You may be asked to share a photo of your government ID and selfie in the identity verification process.
How-to
Submit an ID for verification
Often, your legal name and address and/or other personal information are enough for us to verify your identity. We may also ask you to provide a copy of your government ID that includes a photo of you.
Legal terms
Limitations of background checks
Because our background checks are limited, you shouldn’t rely on them as a guarantee that the user has no criminal background or other red flags.
How-to
Implications of background checks
Learn about how the background checks we perform can impact your account.
Rules
Safety tips for interacting with others
Learn how to help improve your safety when interacting with other Hosts and guests.
Rules
ID verification in China
To reduce fraud, Airbnb provides a localized ID verification process, specially designed for Chinese Hosts and guests.
How-to • Guest
Can't add phone number to your account
Having trouble verifying your phone number? Here are some tips you can try.
How-to
Facial recognition for identity verification
Get more info on our identity verification process, a series of steps we take to help ensure users are genuine.
Related topics
Creating an account
Managing your account
Account security
Reviews
Site Footer
Support
Help Center
AirCover
Anti-discrimination
Disability support
Cancellation options
Report neighborhood concern
Hosting
Airbnb your home
AirCover for Hosts
Hosting resources
Community forum
Hosting responsibly
Airbnb-friendly apartments
Join a free Hosting class
Find a co‑host
Airbnb
2025 Summer Release
Newsroom
New features
Careers
Investors
Gift cards
Airbnb.org emergency stays
Footer section
© 2025 Airbnb, Inc.·Terms·Sitemap·Privacy·Your Privacy Choices
English (US)
€
EUR",3,Verifying your identity on Airbnb | Booking requirements for reservations | Verify your phone number,"Verifying your identity on Airbnb: Skip to content
Help Center
– home page
Search
Suggestions will show after typing in the search input. Use the up and down arrows to review. Use enter to select. If the selection is a phrase, that phrase will be submitted to search. If the suggestion is a link, the browser will navigate to that page.
Home
All topics
Your account and reviews
ID and verification
Verifying your identity on Airbnb
How-to
Verifying your identity on Airbnb

At Airbnb, trust is the cornerstone of our community—where millions of people across the world place trust in each other as they travel or host services, experiences, or homes.


In this article
Building trust with each other
Why we verify identity
How identity verification works
What info we ask for
When we ask to verify
How long the process takes
Tips if you’re having trouble
Where we display your identity verified badge
Losing your identity verification badge
Identity info your host can ask for
How we share and manage your data
Building trust with each other

A key part of building this trust is verifying the identity of our users. Our identity verification process is a series of steps we take to help ensure users within our community are genuine so that everyone can feel more confident using Airbnb. Every host, new co-host, and booking guest must be identity verified to use our platform.

While no process is perfect, this aims to minimize fraudulent behavior, promote safety, and enable meaningful, real world interactions within our community.

Note: Our identity verification process checks a person's information against trusted third-party sources or a government ID. The process has safeguards, but doesn't guarantee that someone is who they say they are.

Why we verify identity

Verifying the identity of guests and hosts helps us to:

Promote trust between guests and hosts
Uphold Airbnb’s community guidelines
Reduce fraudulent behavior
Perform background checks when permitted by law
Respond to, support and investigate safety and security issues
Comply with applicable laws and regulations, including payments and tax laws
How identity verification works

We require primary hosts, new co-hosts, and booking guests to complete identity verification for all stays, services, and experiences on Airbnb.

Verifying your identity means verifying certain personal information, such as your legal name, address, phone number or other contact details using trusted third-party sources or your government ID. In some cases, we can do this without any additional info needed from you. In other cases, we may need to ask for more information, as described below.

Some users may be able to choose to use facial recognition technology—also known as facial recognition— as part of completing identity verification.

Identity verification methods may also differ across regions. For example, South Korean users may also use third-party certificates for identity verification.

Don’t worry—any identity information you provide to verify your identity won’t be shared with any hosts or guests on Airbnb, and will be handled according to our Privacy Policy.


What info we ask for
Legal name, address, and/or other personal information: In some cases, personal info is all we need to verify your identity—but this depends on a few factors, including the country you’re located in or if we detect anomalies on our platform. We’ll collect your legal name during sign up or verification, but you can always add a preferred first name that shows to hosts and guests.
Photo of your government ID: If we can’t verify you with the information above, or if a certain verification method isn’t available or effective in your country, we may ask you to provide a photo of your government ID. This could be a driving license, passport or national identity card. You can learn more about the types of IDs permitted—as well as country-specific guidelines.
Selfie: We may need to ask you for a photo of yourself in addition to the above photo of your government ID. This selfie won’t be used on your profile or shown to other users. If you can’t provide a selfie that matches your government ID, you can contact us for an alternative verification method.

If you’re not able to be verified with this information, in limited circumstances, you may be eligible to provide other proof of who you are, like a marriage license or court order, to complete this process.

Note: Hosts may be asked to verify additional information, such as your home address or citizenship, and other details, if they’re hosting as a business. Additionally, if you are an EU resident and receive income from renting accommodations, providing experiences, or acting as a co-host—or if income is received from a listing in the EU—you’ll also be asked to verify additional taxpayer information.

When we ask to verify
Guests

As a guest, you’ll need to verify your identity when you book a stay, service, or experience. Most users only need to do this once, and we’ll guide you through any steps you’ll need to take.

This typically happens during checkout—where we provide you with a specific deadline to finish. During this time, your reservation is pending, and others can’t book your dates. We’ll also send you notifications—like emails, SMS, and push reminders depending on your preferences—to help you finish before the deadline. If you don't complete the process in this timeline, your reservation won’t be confirmed.

Know that you may be required to re-verify your identity if you edit your legal name in your Account, make other updates to your account information, or for other reasons, like when we detect risk.

If you’re asked to go through identity verification again, we may be able to re-verify your identity instantly using information you’ve already provided us, such as your name and contact details—or you might be asked to complete other verification steps. When this happens, any existing trips you’ve booked won’t be affected, but you won’t be able to make a new reservation until we verify that change.

Note: If you’re trying to make a reservation, it’s critical to submit the information we need as soon as possible. If your check-in starts within 12 hours, you’ll have 1 hour to complete verification. Otherwise, you’ll need to complete verification within 12 hours of making your reservation. Your reservation is pending during this time, and it will not be confirmed if you can’t complete verification before the deadline we specify to you.

Hosts

If you’re getting started as a host, you’ll need to verify your identity when creating a listing for a stay, service, or experience for the first time, or if you’ve been invited to be a new co-host of a listing. While there’s no time limit for hosts to complete verification, your listing won’t be published until you finish. This means you can’t accept reservations until after you’ve been identity verified. Similarly, as a new co-host on a listing, you’ll need to finish verification before you can accept your invite.

As a host or co-host, know that you may also be required to re-verify your identity if you edit your legal name in your Account, make other updates to your account information, or for other reasons, like when we detect risk.

As a primary host, if you’re required to go through identity verification again, your existing reservations won’t be affected, but the calendar for any listings will be blocked until you complete the process. Co-hosts who are not primary hosts on a listing may be removed from listings if identity verification steps are not completed when required.

How long the process takes

After you submit your info, it typically takes us less than 1 hour to verify your identity. This may differ based on the country you live in and what info you provided.

Make sure the info you provide is valid, accurate and up to date. Otherwise, it could take us longer to verify you, or we might need to follow up and request additional info.

If you’re a guest making a reservation—remember to complete verification by the deadline we provide you. During this time, your reservation is pending, and others can’t book your dates. We’ll also send you notifications—like emails, SMS, and push reminders—to help you finish before the deadline.

Tips if you’re having trouble
Check your messages: You may have been sent additional information via text, email, or phone. If you think you missed a message from us, follow these instructions.
Use your first and last legal name: Make sure the legal name you provide matches that in public records or on your Government ID. If your legal name is different, such as after a marriage or gender affirmation, you can contact our Customer Support team to verify an alternative legal name with a government-issued document like a marriage license or court order. While you have to use a legal name for verification, you can add a preferred first name that shows to other guests and hosts instead.
Grant camera permission: The Airbnb app or your browser may need permission to access your camera. You can typically find instructions on how to provide these permissions to Airbnb by checking your browser or app settings. If you update these permissions and it’s still not working, try refreshing our app or webpage.
Use high-quality photos: Take photos in a well-lit room, and check that the photos are clear, not obscured, and fit within the frames we designate during the process. For selfies, religious head coverings are welcome—but please make sure that we can see your eyes, nose, and mouth. Don’t worry—your selfie won’t be shown to other users on Airbnb or on your profile.
Take a picture of yourself in the moment: If you’re asked to take a selfie, it must be taken of you at the moment of submission and not be a previous photo of you. Don’t worry—this won’t show on your profile or to other users on Airbnb.
Use an original ID that’s not expired: Make sure the ID you provide is unexpired and an original—that means it’s not a photocopy, PDF, or other digital copy. If the ID has two sides, such as a driving license or national identity card, submit photos of both the front and back. Note that you might also need to follow country-specific guidelines, depending on where you’re located.
Where we display your identity verified badge

Once you’ve been verified, you’ll get an Identity verified badge. Your verified badge is shown on Airbnb as a red badge with a checkmark next to your profile photo and your verified status is also shown with the Identity verified link on your profile. If you’re a host, your verified badge and Identity verified link may also be shown in the host section of your listing. If you tap on the user’s profile card or an Identity verified link, you can see the month and year when the user first completed the identity verification process on Airbnb. Know that some users may have temporarily lost their identity verified status or have been re-verified since that date.

If you’re a host who operates as a large enterprise, you may have created multiple accounts to help manage all of your listings. In these cases, your connected host accounts may not always display an Identity verified badge even though the business operating the account has been verified.

Losing your identity verification badge

If you change your personal information, like your legal name, or remove your government ID from your account, you may lose your identity verified badge and need to verify again to book or host future guests.

Identity info your host can ask for

Airbnb doesn’t share your government ID with a host when you book. However, your host may ask for a government ID after reservation if they added information about what is required and why in their listing description at the time you make a reservation—and only where required for legal or compliance reasons as outlined in Airbnb’s off-platform policy.

Some regions have laws that require guests to register with local authorities. This can be done directly with the local authorities—or at the accommodation by the host on behalf of the authorities. In other words, if you’ve booked a stay in a region where this applies, a host of a bed & breakfast, hostel, hotel or other accommodation on Airbnb might request this registration from you.

How we share and manage your data

We are a community built on trust. A fundamental part of earning that trust means being clear about how we use your information.

Only authorized Airbnb personnel and authorized third-party providers may access the information you submit, and all info is stored and transmitted in a secure manner. We share your identification information with authorized third-party service providers to help support the identity verification process—including such things as verifying your identity, authenticating your identification documents, and performing background checks (where permitted under applicable law).

We delete your Government ID after a prescribed retention period relating to the purpose it was collected for has elapsed—unless we’re legally required to retain it. Note that after your ID has been deleted, we continue to retain some information from it—such as your date of birth—for the management of your account, legal compliance, and general security purposes.

We handle the information collected during identity verification for purposes outlined in our Privacy Policy. Examples of the info we collect, and the purposes we may use them for are below.

Personal information you have provided us with, such as legal name, address and date of birth:
Supporting our identity verification process as detailed above
Responding to and investigating safety and security issues to protect our users on the Airbnb platform and the wider community
Responding to and assisting law enforcement investigations; responding to information requests from public bodies
Upholding Airbnb’s community guidelines
Complying with applicable laws, which includes payments and tax laws
Detecting fraudulent behavior
Doing background checks where permitted under applicable laws
Your government ID or other identity-related documentation you have provided:
Supporting our identity verification process as detailed above
Responding to and investigating safety and security issues involving users of the platform and the wider community
Responding to and assisting law enforcement investigations
Complying with applicable laws, which includes payments and tax laws

Did this article help?
Yes
No
Related articles
How-to
Submit an ID for verification
Often, your legal name and address and/or other personal information are enough for us to verify your identity. We may also ask you to provide a copy of your government ID that includes a photo of you.
Legal terms
Airbnb Privacy
Our Privacy Policy explains what personal information we collect, how we use personal information, how personal information is shared, and privacy rights.
How-to
Overview of your profile
You can use your profile to help hosts and guests get to know you better as a person. It helps build trust with hosts you might want to stay with, or guests who are interested in staying at your place.
Get help with your reservations, account, and more.
Log in or sign up
Site Footer
Support
Help Center
AirCover
Anti-discrimination
Disability support
Cancellation options
Report neighborhood concern
Hosting
Airbnb your home
AirCover for Hosts
Hosting resources
Community forum
Hosting responsibly
Airbnb-friendly apartments
Join a free Hosting class
Find a co‑host
Airbnb
2025 Summer Release
Newsroom
New features
Careers
Investors
Gift cards
Airbnb.org emergency stays
Footer section
© 2025 Airbnb, Inc.·Terms·Sitemap·Privacy·Your Privacy Choices
English (US)
€
EUR | Booking requirements for reservations: Skip to content
Help Center
– home page
Search
Suggestions will show after typing in the search input. Use the up and down arrows to review. Use enter to select. If the selection is a phrase, that phrase will be submitted to search. If the suggestion is a link, the browser will navigate to that page.
Home
All topics
Your account and reviews
ID and verification
Booking requirements for reservations
How-to
Booking requirements for reservations

When booking a home, service, or experience, we need to know some basic information about you.

In this article
What we need for bookings
Identity verification
Hosts may ask for ID after booking
Regional requirements
Your privacy is important to us
What we need for bookings

At a minimum, we need your:

Full name
Email address
Confirmed phone number
Payment information
Identity verification

Depending on the type of booking, we may need to verify your identity as part of the booking process. We may ask you to provide us with:

Legal name, address and/or other personal information: In some cases, personal info is all we need to verify your identity—but this depends on a few factors, including the country you’re located in or if we detect anomalies on our platform. We’ll collect your legal name during sign up or verification, but you can always add a preferred first name that shows to hosts and guests.
Photo of your government ID: If we can’t verify you with the information above, or if a certain verification method isn’t available or effective in your country, we may ask you to provide a photo of your government ID. This could be a driving license, passport or national identity card. You can learn more about the types of IDs permitted—as well as country-specific guidelines.
Selfie: We may need to ask you for a photo of yourself in addition to the above photo of your government ID. Don’t worry—this selfie won’t be used on your profile or shown to other users. If you can’t provide a selfie that matches your government ID, you can contact us for an alternative verification method.

If you’re not able to be verified with this information, in limited circumstances, you may be eligible to provide other proof of who you are, like a marriage license or court order, to complete this process.

Hosts may ask for ID after booking

Airbnb doesn’t share your government ID with hosts when you book. However, hosts may request it after booking if their listing mentions it is required for legal or compliance reasons per Airbnb’s off-platform policy. You can send your host a copy of your ID by attaching a photo or sending a document in your Airbnb messages.

Some hosts may require a profile photo of their guests to book. Guest profile photos aren’t displayed until after a booking is confirmed.

Regional requirements

Some regions have laws that require guests to register with local authorities. This can be done directly with the local authorities—or at the accommodation by the host on behalf of the authorities. In other words, if you’ve booked a home in a region where this applies, a host of a bed and breakfast, hostel, hotel or other accommodation on Airbnb might request this registration from you.

Your privacy is important to us

We are a community built on trust. A fundamental part of earning that trust means being clear about how we use your information.

We handle the information collected during identity verification for purposes outlined in our Privacy Policy. Learn more about how we manage and share your data to maintain the trust and safety of our community.

Did this article help?
Yes
No
Related articles
How-to • Guest
Instant Book
Instant Book listings allow guests that meet a Host’s requirements to book immediately, instead of needing to send a request for approval.
How-to • Home host
Customize booking settings
These are the settings that can help you control when your listing can be reserved and which guests can reserve without needing you to manually review and accept their request.
How-to
Create an account
Signing up is free—use your email address, phone number, Google account, or Apple ID.
Get help with your reservations, account, and more.
Log in or sign up
Site Footer
Support
Help Center
AirCover
Anti-discrimination
Disability support
Cancellation options
Report neighborhood concern
Hosting
Airbnb your home
AirCover for Hosts
Hosting resources
Community forum
Hosting responsibly
Airbnb-friendly apartments
Join a free Hosting class
Find a co‑host
Airbnb
2025 Summer Release
Newsroom
New features
Careers
Investors
Gift cards
Airbnb.org emergency stays
Footer section
© 2025 Airbnb, Inc.·Terms·Sitemap·Privacy·Your Privacy Choices
English (US)
€
EUR | Verify your phone number: Skip to content
Help Center
– home page
Search
Suggestions will show after typing in the search input. Use the up and down arrows to review. Use enter to select. If the selection is a phrase, that phrase will be submitted to search. If the suggestion is a link, the browser will navigate to that page.
Home
All topics
Your account and reviews
ID and verification
Verify your phone number
How-to
Verify your phone number

Hosts need to verify their phone numbers before listing their homes, and guests must have a verified phone number before making a reservation.

Keeping your phone number current—and removing any old numbers—is a good way to keep your account safe, and ensures that you can always log in.

To add and verify your phone number
Desktop
iOS app
Android app
Mobile browser
Verify your phone number on desktop
Click Profile > Account > Personal information
Go to Phone number and click Edit 
Select your country and country code
Enter your area code and phone number
Click Verify and we'll send you a 4-digit code via text message (SMS)
Enter your 4-digit code




After a reservation is accepted, all phone numbers on an account will be displayed to the other party, whether you're a guest or a host.

If you can’t verify your phone number

Having trouble verifying your phone number? Read some of our tips for troubleshooting phone number verification.

Did this article help?
Yes
No
Related articles
How-to
Edit phone numbers on your account
Find out how to change or add phone numbers on your account.
Guide • Guest
Setting up your Airbnb account
You’ve logged in, but you need to edit your account. Where do you go? Here’s how to update your profile, manage notification settings, and more so you can book a home, experience, or service on Airbnb.
How-to
Verifying your identity on Airbnb
At Airbnb, trust is the cornerstone of our community—where millions of people across the world place trust in each other as they travel or host services, experiences, or homes.
Get help with your reservations, account, and more.
Log in or sign up
Site Footer
Support
Help Center
AirCover
Anti-discrimination
Disability support
Cancellation options
Report neighborhood concern
Hosting
Airbnb your home
AirCover for Hosts
Hosting resources
Community forum
Hosting responsibly
Airbnb-friendly apartments
Join a free Hosting class
Find a co‑host
Airbnb
2025 Summer Release
Newsroom
New features
Careers
Investors
Gift cards
Airbnb.org emergency stays
Footer section
© 2025 Airbnb, Inc.·Terms·Sitemap·Privacy·Your Privacy Choices
English (US)
€
EUR",2025-07-08T11:06:51.547Z,
service-host,About hosting,Account security,https://www.airbnb.com/help/topic/1390,"Skip to content
Help Center
– home page
Search
Suggestions will show after typing in the search input. Use the up and down arrows to review. Use enter to select. If the selection is a phrase, that phrase will be submitted to search. If the suggestion is a link, the browser will navigate to that page.
Home
All topics
Your account and reviews
Account security
Account security
How-to
How to check if an Airbnb email or website is authentic
Fraudulent emails and websites often have an urgent tone and threaten account suspension. When in doubt, start at the Airbnb home page.
How-to
Help secure your account
Explore different ways of keeping your info safe through multi-factor authentication, password strength, and more.
How-to
Create a strong password
Avoid common password mistakes. Use a unique password with special characters to create a strong password.
How-to
Review recent logins
You can review the login history of your Airbnb account, including time, browser, and approximate location.
How-to
Add and use two-factor authentication
Two-factor authentication adds an extra level of security to your account and helps protect your personal info and payout details.
How-to
How emails are anonymized for sharing
We don't share your personal email address even after you have a confirmed reservation.
How-to
Unauthorized account access
You can review your account and follow the instructions to undo any changes that were made without your permission.
How-to
Report suspicious messages
If you get a suspicious message, let us know by contacting us or flagging it in your Messages.
How-to
Airbnb and your personal info
Most data associated with your user account is deleted when you close your Airbnb account. However, some data is kept longer as required or permitted by law.
Community policy
User screenings
If we have at least a first name, last name, phone number, and city and country of residence for a user with a new booking or a new listing, we may perform a screening.
How-to
Understanding your personal data file
Get general information to help you better understand and navigate through the contents of your account data file.
How-to
Understand account login notifications
When you log in to your account from a new device, we’ll send the last trusted device a notification to confirm that it was you.
How-to
Emails from Medallia on behalf of Airbnb
From time to time, we like to send Hosts and guests a little something to say thanks or help celebrate a special moment—we call this AirbnbLove.
How-to
Sharing and disclosing information with other Members
To help facilitate bookings or other interactions between Members, we may share information in certain situations.
Related topics
Creating an account
Managing your account
ID and verification
Reviews
Site Footer
Support
Help Center
AirCover
Anti-discrimination
Disability support
Cancellation options
Report neighborhood concern
Hosting
Airbnb your home
AirCover for Hosts
Hosting resources
Community forum
Hosting responsibly
Airbnb-friendly apartments
Join a free Hosting class
Find a co‑host
Airbnb
2025 Summer Release
Newsroom
New features
Careers
Investors
Gift cards
Airbnb.org emergency stays
Footer section
© 2025 Airbnb, Inc.·Terms·Sitemap·Privacy·Your Privacy Choices
English (US)
€
EUR",3,How to check if an Airbnb email or website is authentic | Help secure your account | Create a strong password,"How to check if an Airbnb email or website is authentic: Skip to content
Help Center
– home page
Search
Suggestions will show after typing in the search input. Use the up and down arrows to review. Use enter to select. If the selection is a phrase, that phrase will be submitted to search. If the suggestion is a link, the browser will navigate to that page.
Home
All topics
Your account and reviews
Account security
How to check if an Airbnb email or website is authentic
How-to
How to check if an Airbnb email or website is authentic

Occasionally, people create fake emails or websites designed to look like Airbnb. These sites can be used to try to steal personal information, like your password or bank account info. This is often called phishing or spoofing.

In this article
Identify fraudulent emails and websites
Check for legitimate links
Confirm emails are from an official Airbnb domain
Verify the website address
Be wary of threatening tones
Report fake websites to Airbnb
Identify fraudulent emails and websites

If you receive an email or are directed to a website that looks like Airbnb but asks for confidential information, be cautious. When in doubt, always start at the Airbnb home page. Type https://www.airbnb.com into your browser and go from there.

Fraudulent emails often include the Airbnb logo and a fake Airbnb address in the ""From"" line. They may also contain text taken from real Airbnb emails, such as a reservation confirmation message, payout confirmation, reservation reminder, or a request to update your profile. By making an email seem real, fraudsters hope to trick you into providing personal information that we would never ask for.

Check for legitimate links

Fraudulent emails can contain links to fake Airbnb web pages that try to steal your information. Don’t click links in any email you’re not sure about.

A real link to Airbnb will begin with https://www.airbnb.com or a country-specific URL, such as https://es.airbnb.com, https://it.airbnb.com, https://www.airbnb.at, or https://www.airbnb.co.uk. If you click a link that takes you to a page that looks like Airbnb but doesn’t start with this address, it’s a fraudulent page and you should close it.

Confirm emails are from an official Airbnb domain

Fraudulent emails often come from domains that may appear similar, such as @bnb.com or @reservation-airbnb.com. But legitimate emails from Airbnb will only come from the following domains:

@airbnb.com
@airbnbaction.com
@airbnblove.com
@airbnbmail.com
@support-email.airbnb.com
@supportmessaging.airbnb.com
@airbnb.zendesk.com
@customer-research@airbnb.com
@e.airbnb.com
@email-support.airbnb.com
@express.medallia.com
@ext.airbnb.com
@guest.airbnb.com
@host.airbnb.com
@noreply@customer-research.airbnb.com
@noreply@qemailserver.com
@onboarding.airbnb.com
@outreach.airbnb.com
@research.airbnb.com

If it's not sent from one of these addresses, it’s not from Airbnb.


Verify the website address

Pay special attention to misspellings of Airbnb’s name. If Airbnb is misspelled in the website address, the website is fake.

Be wary of threatening tones

Fraudulent emails and websites often have an urgent tone and threaten account suspension, loss of a reservation or booking, or a delayed payout if you don't click a link or provide certain information immediately. If you have any doubt about an email’s authenticity, log in to your account and go from there.

Report fake websites to Airbnb

If you believe you've encountered a web page designed to look like Airbnb, let us know by reporting the website’s URL at https://www.airbnb.com/report-phishing. 

This page is only for reporting suspicious websites—it doesn’t create an Airbnb help request or send you a confirmation. If you interacted with a fraudulent site or are concerned about the security of your account, contact us instead.

Did this article help?
Yes
No
Related articles
Community policy
Avoiding fraud, scams, and abuse
We take steps to protect Airbnb's platform's integrity and mitigate the risks and losses associated with fraud, scams, and abuse by taking action against violators.
How-to
Report suspicious messages
If you get a suspicious message, let us know by contacting us or flagging it in your Messages.
How-to
Understanding your personal data file
Get general information to help you better understand and navigate through the contents of your account data file.
Get help with your reservations, account, and more.
Log in or sign up
Site Footer
Support
Help Center
AirCover
Anti-discrimination
Disability support
Cancellation options
Report neighborhood concern
Hosting
Airbnb your home
AirCover for Hosts
Hosting resources
Community forum
Hosting responsibly
Airbnb-friendly apartments
Join a free Hosting class
Find a co‑host
Airbnb
2025 Summer Release
Newsroom
New features
Careers
Investors
Gift cards
Airbnb.org emergency stays
Footer section
© 2025 Airbnb, Inc.·Terms·Sitemap·Privacy·Your Privacy Choices
English (US)
€
EUR | Help secure your account: Skip to content
Help Center
– home page
Search
Suggestions will show after typing in the search input. Use the up and down arrows to review. Use enter to select. If the selection is a phrase, that phrase will be submitted to search. If the suggestion is a link, the browser will navigate to that page.
Home
All topics
Your account and reviews
Account security
Help secure your account
How-to
Help secure your account

We’re always working to keep your account secure; here’s how you can help protect your information as well.

In this article
Account security
Online security
Additional security features
Account security
Start with a solid password: Your Airbnb password should be unique—preferably completely different from any other account, such as your email, social media, or your bank. This helps ensure that if one account is compromised, it's less likely to impact others. Learn how to update your password or create a strong password.
Review your account: Check your account if you think someone has logged in to Airbnb without your permission.
If it seems suspicious, flag it: If you think something is off about an Airbnb listing, profile, or message thread, flag it for review. You’ll be helping keep the Airbnb community safe. You can also report fake/lookalike websites designed to scam users.
Online security
Check for the “https”: If it’s included at the start of a URL, your connection is encrypted, which protects the integrity and confidentiality of your data. Some browsers may also show a lock icon next to the URL so you know it’s secure. Type https://www.airbnb.com directly into your browser to get started. Or, if you click a link in an email, check the destination URL before you log in.
Stay up to date: Check for software updates that protect you from security risks.
Install a trusted antivirus: Get help detecting, removing, and preventing common viruses, along with other types of cyber attacks.
Check the sender: Don't click links or download attachments from an email unless you know who sent it.

Additional security features
Understand multi-factor authentication: If you log into Airbnb from a new place or device—or edit sensitive account information—you could be asked to confirm it’s really you. You may need to enter a security code sent to your phone or email, or verify some of your account details. You might also get an account alert in case someone is trying to access your account.
Always go through us: Keep all payments and communication on the Airbnb platform. If a payment occurs off-platform, it’s much more difficult for us to help if something goes wrong. Don't transfer funds outside Airbnb or share your email address before a booking is accepted. If someone emails you asking you to pay or accept payment offsite, contact Airbnb right away. Learn how to spot if an email is really from Airbnb.

Did this article help?
Yes
No
Related articles
How-to
Unauthorized account access
You can review your account and follow the instructions to undo any changes that were made without your permission.
How-to
Create a strong password
Avoid common password mistakes. Use a unique password with special characters to create a strong password.
How-to
Review recent logins
You can review the login history of your Airbnb account, including time, browser, and approximate location.
Get help with your reservations, account, and more.
Log in or sign up
Site Footer
Support
Help Center
AirCover
Anti-discrimination
Disability support
Cancellation options
Report neighborhood concern
Hosting
Airbnb your home
AirCover for Hosts
Hosting resources
Community forum
Hosting responsibly
Airbnb-friendly apartments
Join a free Hosting class
Find a co‑host
Airbnb
2025 Summer Release
Newsroom
New features
Careers
Investors
Gift cards
Airbnb.org emergency stays
Footer section
© 2025 Airbnb, Inc.·Terms·Sitemap·Privacy·Your Privacy Choices
English (US)
€
EUR | Create a strong password: Skip to content
Help Center
– home page
Search
Suggestions will show after typing in the search input. Use the up and down arrows to review. Use enter to select. If the selection is a phrase, that phrase will be submitted to search. If the suggestion is a link, the browser will navigate to that page.
Home
All topics
Your account and reviews
Account security
Create a strong password
How-to
Create a strong password

When it comes to creating a safe password, the more symbols and numbers, the better. Here’s how you can create a strong password that keeps your account secure. If you ever forget your password, you can always reset it.

In this article
Make your password unique
Use a password manager
Make your password unique


It’s best to make your Airbnb password different from the passwords you use for other websites, like your email, bank account, or social media. That way, any security issues on those sites are less likely to impact your Airbnb account.

Do:

Use a mix of letters, numbers, and special characters (ex: #, $, !)
Replace some of the letters with numbers and symbols
For example, instead of the password “BackToBackChamps” try using “B@ck2B@ckChamp$”

Don’t:

Use common words
Use a combination of only words + digits (ex: dog1)

Tip: The longer your password is, the harder it may be to guess.

Use a password manager

If you find it tough to keep track of your passwords, try using a password manager. They're great for storing and organizing your passwords for each of your accounts online, so you don't have to remember them all.

Did this article help?
Yes
No
Related articles
How-to • Home host
How should I talk to my building manager about hosting on Airbnb?
Let your landlord know how Airbnb is a community built on trust, with trust and safety resources. We have some tips to help you both get on the same page.
How-to
Help secure your account
Explore different ways of keeping your info safe through multi-factor authentication, password strength, and more.
How-to
Reset or change your password
Learn how to reset your password, update your password, or create one for Airbnb if you’ve been logging in a different way.
Get help with your reservations, account, and more.
Log in or sign up
Site Footer
Support
Help Center
AirCover
Anti-discrimination
Disability support
Cancellation options
Report neighborhood concern
Hosting
Airbnb your home
AirCover for Hosts
Hosting resources
Community forum
Hosting responsibly
Airbnb-friendly apartments
Join a free Hosting class
Find a co‑host
Airbnb
2025 Summer Release
Newsroom
New features
Careers
Investors
Gift cards
Airbnb.org emergency stays
Footer section
© 2025 Airbnb, Inc.·Terms·Sitemap·Privacy·Your Privacy Choices
English (US)
€
EUR",2025-07-08T11:07:10.564Z,
service-host,About hosting,Reviews,https://www.airbnb.com/help/topic/1391,"Skip to content
Help Center
– home page
Search
Suggestions will show after typing in the search input. Use the up and down arrows to review. Use enter to select. If the selection is a phrase, that phrase will be submitted to search. If the suggestion is a link, the browser will navigate to that page.
Home
All topics
Your account and reviews
Reviews
Reviews
Review basics for everyone; Understanding reviews as a host; Reviewing your host; After a review is published
Review basics for everyone
How-to
Reviews for homes
Our community relies on honest, transparent reviews. Hosts and guests write reviews once the stay has ended. Here's info about how reviews work for homes.
How-to
Reviews for experiences
Once an experience has ended, guests can write a review about how it went, and hosts can leave a public response to the review.
How-to
Reviews for services and experiences
Reviews are an important part of building trust on Airbnb. Find out how reviews work for services and experiences.
How-to
Leave a review
Ready to share a review? Learn how.
Community policy
Airbnb's Reviews Policy
Our policy helps ensure helpful, informative, and accurate reviews for guests and hosts.
Understanding reviews as a host
How-to
How reviews are ranked and sorted
Learn what determines the order in which reviews appear.
How-to
Ratings and reviews for co-hosts
Reviews will show up on the listing page as well as the profile page for the listing admin.
How-to • Home host
Understanding reviews with photos
How-to
Star ratings for Hosts
Star ratings allow guests to rate your Airbnb stay based on communication, general cleanliness, overall experience, and more.
Reviewing your host
How-to
How long you have to write a review
You have limited time after your stay, service, or experience ends to write a review. You can also send your host a note using your Airbnb message thread.
How-to
Leaving a review after your Host canceled
If your Host cancels your reservation there are a couple of review options available.
How-to • Guest
Reviews for a group of guests
Here's how reviews work when you've added guests to your travel group.
After a review is published
How-to
Find your reviews as a guest or host
Find reviews written by and about you.
How-to • Guest
Your reviews from hosts
Reviews from past hosts help others know what to expect. Find out what reviews include and who can read them.
How-to
Editing a review
You can edit a review for a home until your review is published. Reviews for services and experiences can’t be edited.
How-to
Remove a review from a host or guest
While you can’t remove a review you wrote or received on your own, you can ask us for help.
How-to
Responding to a review
You can post a public response to reviews that others leave for you, but you can't remove them. Reviews are only removed if they violate our Reviews Policy.
How-to
Review moderation
Airbnb doesn’t moderate reviews before they’re published, but reviews are encouraged to be transparent.
Related topics
Creating an account
Managing your account
ID and verification
Account security
Site Footer
Support
Help Center
AirCover
Anti-discrimination
Disability support
Cancellation options
Report neighborhood concern
Hosting
Airbnb your home
AirCover for Hosts
Hosting resources
Community forum
Hosting responsibly
Airbnb-friendly apartments
Join a free Hosting class
Find a co‑host
Airbnb
2025 Summer Release
Newsroom
New features
Careers
Investors
Gift cards
Airbnb.org emergency stays
Footer section
© 2025 Airbnb, Inc.·Terms·Sitemap·Privacy·Your Privacy Choices
English (US)
€
EUR",3,Reviews for homes | Reviews for experiences | Reviews for services and experiences,"Reviews for homes: Skip to content
Help Center
– home page
Search
Suggestions will show after typing in the search input. Use the up and down arrows to review. Use enter to select. If the selection is a phrase, that phrase will be submitted to search. If the suggestion is a link, the browser will navigate to that page.
Home
All topics
Your account and reviews
Reviews
Review basics for everyone
Reviews for homes
How-to
Reviews for homes

Our community relies on honest, transparent reviews to help hosts improve and let future guests know what to expect. Guests can use reviews to share public and private feedback about the home they booked. Hosts can use reviews to learn about what’s going well, and what they can improve.

Guest favorites and highlights

Listings with at least 5 or more recent reviews can be eligible for a Guest favorite label, a top homes highlight, or a percentile ranking label. Learn more in Guest favorites and highlights.

In this article
Guests: leaving a review for a home
Hosts: leaving a review for a guest
After reviews are published
Guests: leaving a review for a home
Who can leave a review and when

After you check out, both you and your host will be prompted to leave a review. Both parties will have 14 days after checkout to submit a review.

Reviews are only posted after both parties have submitted their reviews, or once the 14-day period has ended—whichever comes first.


Note: Find out how reviews work for a group of guests.


If your host cancels

If a host cancels a reservation before the day of check-in, neither the host nor the guest will be able to leave a review about that reservation. Find out more about what happens if a host cancels a reservation.

Guests and hosts can also leave a review for certain reservations that are canceled on or after the day of check-in (12:00 AM in the listing’s time zone).



Guest reviewer and trip details

To help you learn more about the guests who stayed at the home before, you can find information about the reviewers in their review, such as their:

City, country, continent or region
Date of stay (example: Jun 2024, 3 weeks ago, today, etc.)
Trip type (example: stayed with kids, a group, or pets)
Length of stay (example: stayed one night, a few nights, about a week, or over a week)

Note: This information is based on public information on the reviewer’s profile page or other information the reviewer submitted to sign up for Airbnb or complete their booking. To hide your information, opt out of review highlights.

Hosts: leaving a review for a guest
Who can leave a review and when

After you check out, both you and your guest will be prompted to leave a review. Both parties will have 14 days after checkout to submit a review.

Reviews are only posted after both parties have submitted their reviews, or once the 14-day period has ended—whichever comes first.

If you cancel your guest’s reservation

If you cancel a reservation before the day of check-in, neither you nor the guest(s) will be able to leave a review about that reservation. Find more info about what to consider as a host before canceling a reservation.

Guests and hosts can also leave a review for certain reservations that are canceled on or after the day of check-in (12:00 AM in the listing’s time zone).


Note: For more info on the impact of reviews as a host, check out star ratings.

After reviews are published
Finding your reviews

Once you’re signed in to your Airbnb account, you’ll be able to find both reviews written about you and by you on your public profile.

If a reservation has more than one confirmed guest, the host’s review for the group will appear on the profiles of all the other confirmed guests who have Airbnb accounts and joined the reservation.


Note: Airbnb doesn’t moderate reviews before they’re published. However, reviews do need to relate to an authentic reservation, and may be removed if they violate our Reviews Policy. Find out more about editing or removing reviews.

Responding to a review

You can post a public response to a published review that someone has left for you as long as you follow our Reviews Policy.

Review display, search, and sorting

Generally, reviews appear in chronological order by default, with the most recent review shown first. You can also search reviews using keywords (example: cleanliness, internet speed, location, etc.) and sort reviews by recency, highest rating, or lowest rating. Find more info about how reviews are ranked and how to sort them.

Did this article help?
Yes
No
Related articles
How-to
Editing a review
You can edit a review for a home until your review is published. Reviews for services and experiences can’t be edited.
Community policy
Airbnb's Reviews Policy
Our policy helps ensure helpful, informative, and accurate reviews for guests and hosts.
How-to
Responding to a review
You can post a public response to reviews that others leave for you, but you can't remove them. Reviews are only removed if they violate our Reviews Policy.
Get help with your reservations, account, and more.
Log in or sign up
Site Footer
Support
Help Center
AirCover
Anti-discrimination
Disability support
Cancellation options
Report neighborhood concern
Hosting
Airbnb your home
AirCover for Hosts
Hosting resources
Community forum
Hosting responsibly
Airbnb-friendly apartments
Join a free Hosting class
Find a co‑host
Airbnb
2025 Summer Release
Newsroom
New features
Careers
Investors
Gift cards
Airbnb.org emergency stays
Footer section
© 2025 Airbnb, Inc.·Terms·Sitemap·Privacy·Your Privacy Choices
English (US)
€
EUR | Reviews for experiences: Skip to content
Help Center
– home page
Search
Suggestions will show after typing in the search input. Use the up and down arrows to review. Use enter to select. If the selection is a phrase, that phrase will be submitted to search. If the suggestion is a link, the browser will navigate to that page.
Home
All topics
Your account and reviews
Reviews
Review basics for everyone
Reviews for experiences
How-to
Reviews for experiences

Note for experiences: The information in this article only applies to experiences attended before May 13, 2025. For experiences attended on or after May 13, 2025, please refer to Reviews for services and experiences.

Our community relies on honest, transparent reviews to help hosts improve and let future guests know what to expect. Guests can use reviews to share public and private feedback about the experience they booked. Hosts can use reviews to learn about what’s going well, and what they can improve.

In this article
Guests: leaving a review for an experience
Hosts: responding to a review of your experience
Guests: leaving a review for an experience

Only guests who have booked and paid for an experience on Airbnb can leave a review. Once an experience has ended, guests have 30 days to leave a review.

Reviews are published as soon as they’re submitted. Guests can still write reviews even if they show up late, they leave early, or they didn’t attend because they couldn’t find the meeting point for the experience. Guests will not be able to review a canceled experience.

Hosts: responding to a review of your experience

Experience hosts don’t leave reviews for guests. However, hosts can post a public response to a review that a guest has left, at any time. Feel free to respond with more context or provide your own perspective, so long as you also follow our Reviews Policy.

While you can’t remove a review because you disagree with it, you can respond to a recent review or make a review removal request if you think it violates our Reviews Policy.

Did this article help?
Yes
No
Related articles
How-to • الضيف
Booking services and experiences
It’s easy to book an Airbnb service or experience. You can choose a specific city and date, or browse through what’s available.
How-to • Guest
Booking requirements for experiences
You must comply with local laws and regulations when you go on an experience. Some activities require different skills or a specific licence.
How-to
Editing a review
You can edit a review for a home until your review is published. Reviews for services and experiences can’t be edited.
Get help with your reservations, account, and more.
Log in or sign up
Site Footer
Support
Help Center
AirCover
Anti-discrimination
Disability support
Cancellation options
Report neighborhood concern
Hosting
Airbnb your home
AirCover for Hosts
Hosting resources
Community forum
Hosting responsibly
Airbnb-friendly apartments
Join a free Hosting class
Find a co‑host
Airbnb
2025 Summer Release
Newsroom
New features
Careers
Investors
Gift cards
Airbnb.org emergency stays
Footer section
© 2025 Airbnb, Inc.·Terms·Sitemap·Privacy·Your Privacy Choices
English (US)
€
EUR | Reviews for services and experiences: Skip to content
Help Center
– home page
Search
Suggestions will show after typing in the search input. Use the up and down arrows to review. Use enter to select. If the selection is a phrase, that phrase will be submitted to search. If the suggestion is a link, the browser will navigate to that page.
Home
All topics
Your account and reviews
Reviews
Review basics for everyone
Reviews for services and experiences
How-to
Reviews for services and experiences

Our community relies on honest, transparent reviews to help hosts improve and let future guests know what to expect. Guests can use reviews to share public and private feedback about the service they booked. Hosts can use reviews to learn about what’s going well, and what they can improve.

In this article
Guests: leaving a review for a service or experience
Hosts: responding to a review of your service or experience
Ratings for services and experiences
Guest reviewer and trip details
Guests: leaving a review for a service or experience

The guest that has booked and paid for the reservation on Airbnb and any guests that have accepted their invitation to the reservation can each leave their own review.

Guests have 14 days after the service or experience ends to leave a review. Guests can still write reviews even if they show up late, or if they leave early. Guests typically will not be able to leave a review for a canceled reservation, but in the event that this happens, Airbnb may remove it in accordance with our Reviews Policy.

Reviews are published as soon as they’re submitted. Once published, you can’t edit your review.

Hosts: responding to a review of your service or experience

Service hosts and experience hosts can’t leave reviews for guests. However, you can post a public response to a review you’ve received. Feel free to respond with more context or provide your own perspective, so long as you also follow our Reviews Policy. The Reviews Policy speaks to situations where a review may be removed because the guest never arrived, or canceled for a reason unrelated to the service/experience.


While you can’t remove a review because you disagree with it, you can make a review removal request if you think it violates our Reviews Policy.

Ratings for services and experiences

When guests leave a review for a service or experience, they’ll choose an overall rating (1 to 5) and answer a few questions. These ratings work a little differently from the star ratings for homes. Check out ratings for services and experiences for more info.

Guest reviewer and trip details

To help you learn more about the guests who stayed at the home before, you can find information about the reviewers in their review, such as their:

City, country, continent or region
Date of stay (example: Jun 2024, 3 weeks ago, today, etc.)
Trip type (example: stayed with kids, a group, or pets)
Length of stay (example: stayed one night, a few nights, about a week, or over a week)

Note: This information is based on public information on the reviewer’s profile page or other information the reviewer submitted to sign up for Airbnb or complete their booking. To hide your information, opt out of review highlights.

Did this article help?
Yes
No
Related articles
How-to
How long you have to write a review
You have limited time after your stay, service, or experience ends to write a review. You can also send your host a note using your Airbnb message thread.
How-to
Reviews for experiences
Once an experience has ended, guests can write a review about how it went, and hosts can leave a public response to the review.
How-to
Reviews for homes
Our community relies on honest, transparent reviews. Hosts and guests write reviews once the stay has ended. Here's info about how reviews work for homes.
Get help with your reservations, account, and more.
Log in or sign up
Site Footer
Support
Help Center
AirCover
Anti-discrimination
Disability support
Cancellation options
Report neighborhood concern
Hosting
Airbnb your home
AirCover for Hosts
Hosting resources
Community forum
Hosting responsibly
Airbnb-friendly apartments
Join a free Hosting class
Find a co‑host
Airbnb
2025 Summer Release
Newsroom
New features
Careers
Investors
Gift cards
Airbnb.org emergency stays
Footer section
© 2025 Airbnb, Inc.·Terms·Sitemap·Privacy·Your Privacy Choices
English (US)
€
EUR",2025-07-08T11:07:29.387Z,
service-host,About hosting,Safety concerns,https://www.airbnb.com/help/topic/1394,"Skip to content
Help Center
– home page
Search
Suggestions will show after typing in the search input. Use the up and down arrows to review. Use enter to select. If the selection is a phrase, that phrase will be submitted to search. If the suggestion is a link, the browser will navigate to that page.
Home
All topics
Safety
Safety concerns
Safety concerns
How-to
Report and block a host or guest’s messages
Report suspicious messages to keep our community safe, or block the host or guest to stop further messages.
Rules
Home safety: Smoke and carbon monoxide alarms
Hosts are encouraged to install carbon monoxide alarms in their space. Find out more about our home safety program.
How-to
How Airbnb builds trust between hosts and guests
We offer features that help build trust, including our secure messaging system, reviews, AirCover for hosts and guests, and more.
How-to
If you feel unsafe during a trip
If you feel as if you may be in danger or your personal safety is threatened, contact the local authorities immediately.
How-to
Safety information on home listings
Here’s what you need to know about disclosing safety information in a home listing.
How-to
If you're injured on an Airbnb service or experience
If you’re injured or require medical attention while on an experience, get to a safe place and contact local emergency services immediately.
How-to
For hosts—injuries during an Airbnb Service or Experience
You should get everyone to a safe place and contact local emergency services immediately. After that, report the incident to us.
How-to
Background checks
We may conduct background checks on US-based users and India-based hosts. Find out more about how and when we do this.
Legal terms
Limitations of background checks
Because our background checks are limited, you shouldn’t rely on them as a guarantee that the user has no criminal background or other red flags.
How-to
Implications of background checks
Learn about how the background checks we perform can impact your account.
Rules • Home host
Airbnb’s free CO/smoke alarm program
Smoke and carbon monoxide (CO) alarms save lives. That’s why we’re offering one free dual smoke and CO alarm to hosts on Airbnb.
How-to • Guest
How listing locations are verified
When you see the Verified Location badge on the map, this means that the listing has satisfied the verification requirements described in this article.
Guide • Home host
Carbon Monoxide Alarm Program
CO alarms can help alert guests if there’s a dangerous CO buildup, such as from gas appliances or fireplaces, and are an important amenity for your listing.
Rules • Guest
Pre-screening criteria for Airbnb Experiences
In certain cases, Airbnb will pre-screen guests who book Airbnb Experiences.
Related topics
Safety tips and guidelines
Reporting issues
Government travel restrictions and advisories
Site Footer
Support
Help Center
AirCover
Anti-discrimination
Disability support
Cancellation options
Report neighborhood concern
Hosting
Airbnb your home
AirCover for Hosts
Hosting resources
Community forum
Hosting responsibly
Airbnb-friendly apartments
Join a free Hosting class
Find a co‑host
Airbnb
2025 Summer Release
Newsroom
New features
Careers
Investors
Gift cards
Airbnb.org emergency stays
Footer section
© 2025 Airbnb, Inc.·Terms·Sitemap·Privacy·Your Privacy Choices
English (US)
€
EUR",3,Report and block a host or guest’s messages | Home safety: Smoke and carbon monoxide alarms | How Airbnb builds trust between hosts and guests,"Report and block a host or guest’s messages: Skip to content
Help Center
– home page
Search
Suggestions will show after typing in the search input. Use the up and down arrows to review. Use enter to select. If the selection is a phrase, that phrase will be submitted to search. If the suggestion is a link, the browser will navigate to that page.
Home
All topics
Safety
Safety concerns
Report and block a host or guest’s messages
How-to
Report and block a host or guest’s messages

Help keep our community safe by reporting suspicious or inappropriate messages. You can also block the host or guest from continuing to message you.

In this article
Report a message with an option to block
What happens when you block a host or guest
How blocking works for upcoming or active reservations
How blocking works for inquiries
Other places that you can report inappropriate activity
Report a message with an option to block
Desktop
iOS app
Android app
Mobile browser
Report a message on desktop
Click Messages and select the conversation containing the message you want to report

Find the specific message in the thread and click the three dots next to it

Click  Report this message
Select the reason you're reporting the message and click Ok
Give additional details (if required), and then click Submit

You may have the option to block the user after reporting the message. To do so, select Block this person, and then Block. The effects of blocking may vary depending on the situation.


What happens when you block a host or guest

If you block someone, they won’t be able to send you messages, book your listing, or accept a reservation request from you. However, the effects of blocking may vary depending on the situation.

How blocking works for upcoming or active reservations

If you block a host or guest for an upcoming reservation or during an active reservation, you may continue to receive messages from the blocked user before and during the reservation, and for up to two weeks after the reservation ends to ensure all necessary post-reservation communications are completed.

For group messages, the conversation closes for everyone once the two-week post-reservation window ends.

If you cancel the reservation, blocking takes effect immediately. You can always contact us to step in and help.

How blocking works for inquiries

If you block a host or guest during an active inquiry, it stops everyone in the thread from messaging each other.

Other places that you can report inappropriate activity

You can also report suspicious host or guest Profiles or Listings.

Did this article help?
Yes
No
Related articles
Community policy
Combating hate, harassment, and discrimination
We want our hosts and guests to use our platform free from hate, harassment, and discrimination.
Community policy
Host and guest safety
To help ensure safe home stays, services, experiences, and interactions, certain activities and behaviors are not allowed in our community.
How-to
Report suspicious messages
If you get a suspicious message, let us know by contacting us or flagging it in your Messages.
Get help with your reservations, account, and more.
Log in or sign up
Site Footer
Support
Help Center
AirCover
Anti-discrimination
Disability support
Cancellation options
Report neighborhood concern
Hosting
Airbnb your home
AirCover for Hosts
Hosting resources
Community forum
Hosting responsibly
Airbnb-friendly apartments
Join a free Hosting class
Find a co‑host
Airbnb
2025 Summer Release
Newsroom
New features
Careers
Investors
Gift cards
Airbnb.org emergency stays
Footer section
© 2025 Airbnb, Inc.·Terms·Sitemap·Privacy·Your Privacy Choices
English (US)
€
EUR | Home safety: Smoke and carbon monoxide alarms: Skip to content
Help Center
– home page
Search
Suggestions will show after typing in the search input. Use the up and down arrows to review. Use enter to select. If the selection is a phrase, that phrase will be submitted to search. If the suggestion is a link, the browser will navigate to that page.
Home
All topics
Safety
Safety concerns
Home safety: Smoke and carbon monoxide alarms
Rules
Home safety: Smoke and carbon monoxide alarms

Smoke and carbon monoxide (CO) alarms save lives. That’s why we’re on a mission to get alarms into as many listings as possible. We strongly urge hosts to install smoke and carbon monoxide alarms in spaces that use fuel-burning appliances, test them regularly, and make sure their listing description is up to date. Check out preparing your listing with safety essentials for more information.

In this article
Get a combination smoke and carbon monoxide alarm at no cost
Update carbon monoxide and smoke alarm information on listings
Additional info
Get a combination smoke and carbon monoxide alarm at no cost

Airbnb provides a self-contained, battery powered, combination smoke and carbon monoxide alarm to eligible hosts at no cost. Home Safety Terms and Conditions apply.

Already have smoke and CO alarms? Update your listing information about safety devices, such as smoke and carbon monoxide alarms.

Update carbon monoxide and smoke alarm information on listings
Desktop
iOS app
Android app
Mobile browser
Update safety device info on desktop
Click Listings and select the listing you want to edit
Under Listing editor, click Guest safety
Click Safety devices
Select Carbon monoxide alarm installed and Smoke alarm installed
Click Save
Additional info

If your place only uses electric appliances, and does not have an attached garage, you have the option to select that a carbon monoxide alarm is not necessary.

Be sure to check your local regulations, which may require that you have more than one working smoke and carbon monoxide alarm installed in your place.

To communicate with a global audience, Airbnb often uses the terms ""alarm"" and ""detector"" interchangeably.

Did this article help?
Yes
No
Related articles
Legal terms
Home Safety Terms and Conditions
Please review our Home Safety Terms and Conditions.
How-to • Home host
Tracking your hosting performance
You can use our professional hosting tools to track your listings' historical, future, and real-time performance.
How-to • Guest
Cancellations of monthly stays
If a reservation is for 28 nights or more, the long-term cancellation policy applies.
Get help with your reservations, account, and more.
Log in or sign up
Site Footer
Support
Help Center
AirCover
Anti-discrimination
Disability support
Cancellation options
Report neighborhood concern
Hosting
Airbnb your home
AirCover for Hosts
Hosting resources
Community forum
Hosting responsibly
Airbnb-friendly apartments
Join a free Hosting class
Find a co‑host
Airbnb
2025 Summer Release
Newsroom
New features
Careers
Investors
Gift cards
Airbnb.org emergency stays
Footer section
© 2025 Airbnb, Inc.·Terms·Sitemap·Privacy·Your Privacy Choices
English (US)
€
EUR | How Airbnb builds trust between hosts and guests: Skip to content
Help Center
– home page
Search
Suggestions will show after typing in the search input. Use the up and down arrows to review. Use enter to select. If the selection is a phrase, that phrase will be submitted to search. If the suggestion is a link, the browser will navigate to that page.
Home
All topics
Safety
Safety concerns
How Airbnb builds trust between hosts and guests
How-to
How Airbnb builds trust between hosts and guests

At Airbnb, we want to build the world’s most trusted community. To help ensure the safety of everyone, we dedicate a knowledgeable and experienced team to monitor any suspicious activity in our marketplace.

Airbnb offers several features that help build trust and cultivate transparency, including our secure messaging system, reviews for homes, reviews for services and experiences, AirCover for hosts, and AirCover for guests.

Report suspicious activity to keep everyone safe

Help keep our community safe by reporting suspicious or inappropriate activity. To report something, click the flag icon  on Profiles, Listings, or Messages.

Resources for hosts and guests

We strive to provide our hosts and guests with the right tools to make informed decisions regarding who they interact with on the site and in the real world.

Learn more about how Airbnb keeps our community safe by verifying user information. And find our safety tips for hosts and guests.

Did this article help?
Yes
No
Related articles
Community policy
Helping to keep our community healthy
As our community travels the world and welcomes global citizens into their spaces, it’s important to try and reduce disease transmission.
Community policy
Host and guest safety
To help ensure safe home stays, services, experiences, and interactions, certain activities and behaviors are not allowed in our community.
Community policy
Illegal and prohibited activities
Airbnb doesn’t allow illegal activities and other behaviors that could harm our community.
Get help with your reservations, account, and more.
Log in or sign up
Site Footer
Support
Help Center
AirCover
Anti-discrimination
Disability support
Cancellation options
Report neighborhood concern
Hosting
Airbnb your home
AirCover for Hosts
Hosting resources
Community forum
Hosting responsibly
Airbnb-friendly apartments
Join a free Hosting class
Find a co‑host
Airbnb
2025 Summer Release
Newsroom
New features
Careers
Investors
Gift cards
Airbnb.org emergency stays
Footer section
© 2025 Airbnb, Inc.·Terms·Sitemap·Privacy·Your Privacy Choices
English (US)
€
EUR",2025-07-08T11:07:48.220Z,
service-host,About hosting,Safety tips and guidelines,https://www.airbnb.com/help/topic/1395,"Skip to content
Help Center
– home page
Search
Suggestions will show after typing in the search input. Use the up and down arrows to review. Use enter to select. If the selection is a phrase, that phrase will be submitted to search. If the suggestion is a link, the browser will navigate to that page.
Home
All topics
Safety
Safety tips and guidelines
Safety tips and guidelines
General safety tips
How-to
First aid tips
Learn about Airbnb’s partnership with the Red Cross, the guidelines for first aid kits, and how to provide first aid.
How-to
Safety resources in the USA
Whether you're hosting or traveling, being well-informed before a reservation is important. Here are some safety resources to support you along the way.
Rules
Health and safety requirements for Airbnb stays
Your health and well being are important to us. Become familiar with safety tips and guidelines around your health during the COVID-19 pandemic.
Rules
Safety tips for interacting with others
Learn how to help improve your safety when interacting with other Hosts and guests.
For guests on stays
How-to
Safety tips for choosing a place
From ratings to safety features, learn how to find a place to stay where you will feel safe and secure.
How-to
Fire and carbon monoxide safety
Carbon monoxide alarms aren’t common in many parts of the world, so we suggest buying one to bring with you when you travel.
How-to
Safety tips when traveling with children
Learn how to make your stay safer for children when you travel.
For guests on experiences
How-to
Kitchen safety tips for Experience guests
The best practices to keep safe while in the kitchen, including information on hazard prevention and food safety.
Rules
Safety tips for culinary Airbnb Experiences
Follow best practices around food safety, food allergies, dietary restrictions, first aid, and kitchen and fire safety.
How-to
Preventing fires during Airbnb Experiences
Review some tips on fire safety and first aid.
For hosts
How-to • Home host
Safety tips for hosts of places to stay
Hosting guests from all over the world should be fun, rewarding, and safe.
How-to
Safety tips for Hosts of Airbnb Experiences
Find out how to make a safety plan for your guests and get some first aid tips and info.
How-to
Airbnb’s 5-step enhanced cleaning process
Get more info about our 5-step cleaning process developed in partnership with experts in an effort to curb the spread of COVID-19.
How-to
Food safety guidelines for Airbnb Services and Experiences
Hosts must keep things clean, separate raw and cooked foods, cook food thoroughly, keep food at safe temperatures, use safe water, and offer quality ingredients.
How-to
Preventing fires while hosting Airbnb Experiences
Learn fire prevention tools and safety precautions to follow while hosting your Airbnb Experience.
How-to
Kitchen safety tips for hosting Airbnb Experiences
Knife handling, fire prevention, and food safety—find out some best practices to keep your kitchen a safe place.
Rules
Cooking safety for Airbnb Experiences
We offer best practices around food safety, including info about food allergies, dietary restrictions, kitchen safety tips, and fire safety tips.
Related topics
Safety concerns
Reporting issues
Government travel restrictions and advisories
Site Footer
Support
Help Center
AirCover
Anti-discrimination
Disability support
Cancellation options
Report neighborhood concern
Hosting
Airbnb your home
AirCover for Hosts
Hosting resources
Community forum
Hosting responsibly
Airbnb-friendly apartments
Join a free Hosting class
Find a co‑host
Airbnb
2025 Summer Release
Newsroom
New features
Careers
Investors
Gift cards
Airbnb.org emergency stays
Footer section
© 2025 Airbnb, Inc.·Terms·Sitemap·Privacy·Your Privacy Choices
English (US)
€
EUR",3,First aid tips | Safety resources in the USA | Health and safety requirements for Airbnb stays,"First aid tips: Skip to content
Help Center
– home page
Search
Suggestions will show after typing in the search input. Use the up and down arrows to review. Use enter to select. If the selection is a phrase, that phrase will be submitted to search. If the suggestion is a link, the browser will navigate to that page.
Home
All topics
Safety
Safety tips and guidelines
General safety tips
First aid tips
How-to
First aid tips

Accidents happen, and we want you to be prepared. That’s why we’ve partnered with the American Red Cross and the International Federation of the Red Cross and Red Crescent Societies (IFRC) to provide general safety guidelines. Developed by the Red Cross Red Crescent’s Global Disaster Preparedness Center, these guidelines are applicable in 191 countries. While they're a great start, we strongly recommend signing up for a first aid and CPR training course near you.


In this article
Prepare or buy a first aid kit
How to react in an emergency: Check – Call – Care
How to provide first aid
Prepare or buy a first aid kit

Hosts and guests should have first aid kits. Make sure your guests know where it is, and guests should ask, if they don’t.

Supplies to have on hand

Find these items in a Red Cross-approved first aid kit at your local pharmacy or medical clinic:

2 pairs of latex-free gloves
Latex-free adhesive bandages of different sizes
Sterile gauze pads of different sizes
One roll adhesive cloth tape
Roller bandages of different sizes
One elastic bandage
3 or 4 triangular bandages
One 36"" malleable radiolucent splint
One unit of antibiotic ointment, cream, or wound gel
4 sealable plastic bags
5 antiseptic wipe packets
2 packets of chewable aspirin
One space blanket
One CPR breathing barrier (with a one-way valve)
One pair of utility shears or scissors
Oral thermometer
Tweezers

Knowing how to use these items is important, but remembering every step in an emergency can be tough. For help, download the First Aid app, offered by the Red Cross and Red Crescent network in each country.

How to react in an emergency: Check – Call – Care

Even if you have basic training, do not put your or someone else’s life at risk—let emergency medical professionals handle it. However, quick action using the Check – Call – Care process could save a life:

Check: Identify whether an emergency exists—check the person and the surroundings to see if they’re experiencing real risk or distress
Call: If the emergency seems critical, do not hesitate to call the designated emergency number in your country
Care: Stay with the person, monitoring their vital signals and providing information to the medical team
How to provide first aid

Emergency medical professionals might take time to arrive, particularly if there’s traffic or if you’re in a remote location. Assuming you’ve already determined that help is needed and called an emergency number, here are some first steps you can take while you wait.

Allergic reaction or allergy attack

Pollen, stings and bites, latex, some food items such as nuts, shellfish, eggs, or dairy products, and certain medications could cause a severe allergic reaction (anaphylaxis).

What Hosts and guests should have on hand:

First aid kit
First Aid app for your country
Epinephrine auto-injector (guests only, if prescribed)
How to take immediate action
Identify symptoms. Notice if the person develops a rash, itchiness, or swelling on their face, hands, or feet. Their breathing may also slow down—this is caused by the swelling of their airway. Vomiting and diarrhea can also occur.
Call local emergency services. If the person shows symptoms, call the designated emergency number. Allergy attacks require urgent medical assistance.
Use an epinephrine auto-injector. If the person has a known allergy, they may have been prescribed an auto-injector. You can help them to use it—follow the guidance on the packaging if necessary. The person should only use their own auto-injector, not auto-injectors from others or ones prescribed for different allergic reactions.
Help the person stay as comfortable as possible. Give them constant reassurance while waiting for emergency services.
Inform emergency services what action was taken. Relay the details of the situation and whether an auto-injector was used.
Seizure
Protect them from injury
Do not restrain them
After the seizure, move them onto their side
Tilt their head back and check for breathing
Diabetic emergencies
Give them a sweet, sugary drink or food
Reassure them—most people will gradually improve
Stroke
Identify if there’s weakness on one side
Check if they can raise both arms
Confirm they can easily talk in an understandable way
Choking
Check for breathing by tilting their head backward
Clear the airway if it’s blocked
Give 5 back blows between the shoulder blades to dislodge the object
Give 5 abdominal thrusts
Continue to monitor the person until help arrives
Poisoning
Establish what they have taken, when, and how much
DO NOT make them vomit or give them anything to drink
Heart attack
Help them sit down
Give them aspirin (not ibuprofen or acetaminophen)
Give constant reassurance
External bleeding
Put pressure on the wound
Keep pressure on the wound until help arrives
Fractures, dislocations, sprains, and strains
Support the injury to prevent movement
Make sure it’s supported until help arrives
Neck, head, and spinal injuries
Tell emergency services if the person is drowsy, confused, or vomiting, or if the injury occurred from a fall two times their height or greater
Ask them to rest and hold still
Apply a cold compress to the injury—20 minutes on, 10 minutes off
Emergencies that may not seem serious at first
Burns
Cool the burn under cool running water for at least 10 minutes
Cover the burn with plastic wrap or a clean plastic bag
If a child is burned or if the burn is serious, call the designated emergency number
Asthma
Help the person sit in a comfortable position and take their medication if they have it
Reassure them
If the attack becomes severe or does not improve with medication, call the designated emergency number
Heat-related
Move the person to a cool place
Rehydrate the person with sports water (carbohydrate electrolytes), coconut water, milk, or plain water only when the other options are not available
Loosen or remove as much clothing as possible
Apply cool wet cloths
Fan and mist the person
If the person is not responsive, call the designated emergency number
Cold-related (environmental)
Check for signs of hypothermia (reduced body temperature)
Warm the person with water no more than 100 degrees Fahrenheit/37 Celsius degrees
Cover the person or the area with a blanket or jacket without putting pressure
Provide warm liquids without alcohol or caffeine
If the person doesn’t respond, call the designated emergency number
Additional guidance
Emergency planning

We recommend that all guests and Hosts engaging in an experience prepare an emergency plan in case of a natural disaster or any other kind of emergency that could occur during an experience.

Airbnb-provided trip protections

All experiences include 24/7 community support. We also maintain $1,000,000 USD of liability insurance under our Experience Protection Insurance program, in order to provide Hosts and guests with peace of mind (certain exclusions apply). Additionally, in the event of a life-threatening injury, we’ve also partnered with an emergency medevac provider that may be activated to reach an injured party to support a medically necessary evacuation.

Partner disclaimers

Courtesy of the American Red Cross. ©2021 The American National Red Cross ALL RIGHTS RESERVED.

The American Red Cross and International Federation of the Red Cross Red Crescent name and emblem are used with its permission, which in no way constitutes an endorsement, express or implied, of any product, service, company, opinion or political position. The American Red Cross logo is a registered trademark owned by The American National Red Cross. For more information about the American Red Cross, please visit redcross.org.

In an emergency, contact local police or emergency services immediately.


Did this article help?
Yes
No
Related articles
How-to
Fire and carbon monoxide safety
Carbon monoxide alarms aren’t common in many parts of the world, so we suggest buying one to bring with you when you travel.
How-to
What kind of medical evacuation support is available on Airbnb Experiences and Adventures?
International SOS helps support medically necessary evacuations for hosts and guests and provides expert recommendations regarding health care globally.
How-to
How can I plan for an emergency when on an Airbnb Experience or Adventure?
You can use our safety plan templates as provided by the American Red Cross and International Federation of the Red Cross Red Crescent.
Get help with your reservations, account, and more.
Log in or sign up
Site Footer
Support
Help Center
AirCover
Anti-discrimination
Disability support
Cancellation options
Report neighborhood concern
Hosting
Airbnb your home
AirCover for Hosts
Hosting resources
Community forum
Hosting responsibly
Airbnb-friendly apartments
Join a free Hosting class
Find a co‑host
Airbnb
2025 Summer Release
Newsroom
New features
Careers
Investors
Gift cards
Airbnb.org emergency stays
Footer section
© 2025 Airbnb, Inc.·Terms·Sitemap·Privacy·Your Privacy Choices
English (US)
€
EUR | Safety resources in the USA: Skip to content
Help Center
– home page
Search
Suggestions will show after typing in the search input. Use the up and down arrows to review. Use enter to select. If the selection is a phrase, that phrase will be submitted to search. If the suggestion is a link, the browser will navigate to that page.
Home
All topics
Safety
Safety tips and guidelines
General safety tips
Safety resources in the USA
How-to
Safety resources in the USA

Remember: In an emergency situation, or if your personal safety is threatened, contact local police or emergency services immediately.

Whether you're hosting or traveling, here are some resources for support along the way:

In this article
Emergency contact information
Travel and documentation
Suicide and self-harm
Health and disease
Special planning considerations
Elevator safety
We're here to help
Emergency contact information
Emergency—Medical/Fire/Police: 911
National Domestic Violence Hotline: 1-800-799-SAFE (7233)
National Sexual Assault Hotline: 1-800-656-HOPE (4673)
National Substance Abuse and Mental Health [SAMHSA]: 1-800-662-HELP (4357)
National Human Trafficking Hotline: 1-888-373-7888
Drug Trafficking: US DEA
Travel and documentation
Smart Traveler Enrollment Program
Lost or Stolen Passports
Documentation, vaccinations, visas, etc.
Traveler's Checklist
Embassies and Consulates
Suicide and self-harm
National Suicide Prevention Lifeline: 1-800-273-TALK (8255)
Volunteer action to prevent suicide: Befrienders
National Eating Disorders Association
Support for young people: Your Life Your Voice
Health and disease
Your health abroad
Find a doctor or hospital abroad
Disease outbreak alerts
Vaccines, medicines, advice
Traveler Information Center
Special planning considerations
LGBT Travelers
Older Travelers
Traveling with Disabilities
Child Safety
Elevator safety
For Hosts considering installing residential elevators or who have already done so, it’s important to be aware of safety guidance from the Consumer Product Safety Commission (CPSC) on how to protect against gaps within residential elevators. Review the CPSC’s advisory and guidance.
We're here to help

If there’s an emergency in progress, please contact local emergency services or law enforcement authorities for assistance.

For other safety issues, we’re available 24 hours a day. Read more about how to contact us in our Help Center.

We take threats of suicide and self-harm very seriously and may reach out to authorities to request a wellness check if we are notified that there is an imminent safety risk.

Did this article help?
Yes
No
Related articles
How-to • Host
Refund your guest
How hosts refund guests depends on whether it’s during or after their check-in or start time.
How-to • Home host
If your guest cancels
If your guest cancels their reservation, we’ll notify you and automatically unblock the dates on your calendar so you can host other guests.
How-to • Host
When you'll get your payout
We typically send payouts about 24 hours after a guest checks in for home stays, and after the completion of a service or experience. However, when you'll get your payout can depend on several factors.
Get help with your reservations, account, and more.
Log in or sign up
Site Footer
Support
Help Center
AirCover
Anti-discrimination
Disability support
Cancellation options
Report neighborhood concern
Hosting
Airbnb your home
AirCover for Hosts
Hosting resources
Community forum
Hosting responsibly
Airbnb-friendly apartments
Join a free Hosting class
Find a co‑host
Airbnb
2025 Summer Release
Newsroom
New features
Careers
Investors
Gift cards
Airbnb.org emergency stays
Footer section
© 2025 Airbnb, Inc.·Terms·Sitemap·Privacy·Your Privacy Choices
English (US)
€
EUR | Health and safety requirements for Airbnb stays: Skip to content
Help Center
– home page
Search
Suggestions will show after typing in the search input. Use the up and down arrows to review. Use enter to select. If the selection is a phrase, that phrase will be submitted to search. If the suggestion is a link, the browser will navigate to that page.
Home
All topics
Safety
Safety tips and guidelines
General safety tips
Health and safety requirements for Airbnb stays
Rules
Health and safety requirements for Airbnb stays

During the COVID-19 pandemic, it’s important to keep health and safety in mind. We’ve created a set of mandatory COVID-19 safety practices for both for Hosts and guests of Airbnb listings, based on guidance from the World Health Organization and the US Centers for Disease Control. In addition, you should be familiar with general health and safety guidelines for COVID-19 safety, continue to monitor applicable government travel restrictions and advisories, and follow all national and local laws and guidelines.

Airbnb has introduced guidelines and programs to help address health and safety concerns, but these measures cannot eliminate all risk. Especially if you're in a higher risk category (ex: people above the age of 65 or people with pre-existing medical conditions such as diabetes or heart disease), we recommend obtaining professional guidance and taking extra precautions when you are making the decision to book a stay or an experience on Airbnb. Learn more about health and safety guidelines for Airbnb Experiences Hosts and guests.

COVID-19 safety practices (required)
Wear a mask and practice social distancing when required by local laws and guidelines

When required by local laws or guidelines, all Hosts and guests must:

Wear a mask or face covering when interacting in person
Maintain 6 feet/2 meters of distance from each other at all times
Follow Airbnb’s 5-step enhanced cleaning process between each stay

All Hosts and guests are required to follow the COVID-19 safety practices outlined above, as applicable, including Airbnb’s 5-step enhanced cleaning process between guest stays. Any Host or guest who repeatedly violates these guidelines may face other consequences, including account suspension or removal from the community.

Additional guidance for traveling and hosting during COVID-19
Don’t travel or host if you’ve recently been exposed to or have symptoms of COVID-19

To protect the health and safety of our community, Hosts (and all people who may be present at the listing before or during a stay) should not enter their listing(s) or interact with their guests, and guests should not check into a listing, if any of the following are true:

You are actively infected or have recently tested positive with COVID-19
You suspect you are sick or have been exposed and are awaiting test results to confirm or deny a diagnosis of COVID-19
You are showing symptoms or are concerned about a possible infection of COVID-19
You’ve recently had close, sustained contact with an individual confirmed or suspected to be infected with COVID-19

For more detail about how to travel responsibly during the COVID-19 pandemic, review our article on quarantine and isolation stays.

Wash your hands regularly

Be sure to wash your hands often, especially if you’re in contact with people outside your reservation and are touching surfaces and utensils in a shared space or a common area.

Wash your hands properly with soap and water for at least 20 seconds
If soap and water are not readily available, use a hand sanitizer that contains at least 60% alcohol; cover your hands and rub them together until they feel dry
Follow your local laws and guidelines on masks and social distancing in common areas and shared spaces

When you are in a common area or shared space (as a Host or guest), follow your local laws and guidelines for wearing a mask and social distancing from anyone who is not part of your reservation. Hosts should consider providing a no contact check-in whenever possible.

Remember, if you feel uncomfortable staying in a private room or shared space, consider booking an entire place instead. If you’re uncomfortable hosting a private room or shared space, you can list your entire place, or pause your hosting if that’s not possible.

Hosts should also follow local guidelines around hosting private rooms, shared spaces, and the total number of people allowed to gather in the listing.

Note: Airbnb maintains a global ban on all parties and events at Airbnb listings. Read our Party and Events Policy for more info.

Additional guidelines for Hosts of private rooms and shared spaces

Hosts of a private room or shared space listings should also:

Cap the guest count as needed to allow for social distancing in all common areas when required by local laws or guidelines
Ventilate common areas during the stay, when safe and secure to do so, as specified in the 5-step enhanced cleaning process
Clean and sanitize common areas (such as bathrooms and kitchens) as frequently as possible

Some governments may place restrictions on hosting private or shared rooms or may impose additional obligations or requirements on those spaces. Please make sure to review and follow any additional safety and cleaning guidance from the government and/or health authorities in your local jurisdiction.

What to do if you test positive for COVID-19 during or after your stay

If you recently tested positive for COVID-19 or have started to feel any COVID-19 symptoms, contact a medical professional and consider informing anyone who may have been impacted or potentially exposed, in addition to relevant local authorities.

Did this article help?
Yes
No
Related articles
Community policy
Quarantine and Isolation Stays
We’ve developed a set of guidelines to clarify Airbnb’s approach to responsible travel during the COVID-19 pandemic.
Community policy
How to help stop human trafficking
Airbnb has partnered with Polaris to strengthen our community’s understanding of human trafficking by helping you learn about red flags and how to respond if you encounter a potential human trafficking situation in your listing.
Community policy
Illegal and prohibited activities
Airbnb doesn’t allow illegal activities and other behaviors that could harm our community.
Get help with your reservations, account, and more.
Log in or sign up
Site Footer
Support
Help Center
AirCover
Anti-discrimination
Disability support
Cancellation options
Report neighborhood concern
Hosting
Airbnb your home
AirCover for Hosts
Hosting resources
Community forum
Hosting responsibly
Airbnb-friendly apartments
Join a free Hosting class
Find a co‑host
Airbnb
2025 Summer Release
Newsroom
New features
Careers
Investors
Gift cards
Airbnb.org emergency stays
Footer section
© 2025 Airbnb, Inc.·Terms·Sitemap·Privacy·Your Privacy Choices
English (US)
€
EUR",2025-07-08T11:08:07.302Z,
service-host,About hosting,Reporting issues,https://www.airbnb.com/help/topic/1397,"Skip to content
Help Center
– home page
Search
Suggestions will show after typing in the search input. Use the up and down arrows to review. Use enter to select. If the selection is a phrase, that phrase will be submitted to search. If the suggestion is a link, the browser will navigate to that page.
Home
All topics
Safety
Reporting issues
Reporting issues
How-to
What to know if your neighbor is an Airbnb host
We encourage hosts to think carefully about their responsibilities. Hosting comes with a commitment to neighbors and to the community.
How-to
How do I report discrimination to Airbnb?
Airbnb’s nondiscrimination policy was created to protect our community, and we take reports of discrimination very seriously.
How-to
Report a listing
Select Report this listing from any listing on Airbnb.
How-to
Reporting illegal content
Airbnb provides a mechanism for users, Members and third parties to report any suspected illegal content on our platform. This reporting mechanism is available to EEA residents.
How-to • Home host
When a neighbor reports an issue
Guidance for hosts for when a neighbor reports an issue.
How-to
Report a food safety or cleanliness issue on a service or experience
Your safety is important to us. If you have an issue during your service or experience, please let us know.
How-to • Guest
If you have a problem or issue during your reservation
If anything unexpected comes up during your stay, message your host to discuss a solution first. It’s likely that they’ll be able to help you fix the issue. If your host can’t help or you’d like to request a refund, we’re here to support you.
How-to
Neighborhood Support
Find out how you can report a party, noise complaint, or neighborhood concern.
Related topics
Safety concerns
Safety tips and guidelines
Government travel restrictions and advisories
Site Footer
Support
Help Center
AirCover
Anti-discrimination
Disability support
Cancellation options
Report neighborhood concern
Hosting
Airbnb your home
AirCover for Hosts
Hosting resources
Community forum
Hosting responsibly
Airbnb-friendly apartments
Join a free Hosting class
Find a co‑host
Airbnb
2025 Summer Release
Newsroom
New features
Careers
Investors
Gift cards
Airbnb.org emergency stays
Footer section
© 2025 Airbnb, Inc.·Terms·Sitemap·Privacy·Your Privacy Choices
English (US)
€
EUR",3,What to know if your neighbor is an Airbnb host | How do I report discrimination to Airbnb? | Report a listing,"What to know if your neighbor is an Airbnb host: Skip to content
Help Center
– home page
Search
Suggestions will show after typing in the search input. Use the up and down arrows to review. Use enter to select. If the selection is a phrase, that phrase will be submitted to search. If the suggestion is a link, the browser will navigate to that page.
Home
All topics
Safety
Reporting issues
What to know if your neighbor is an Airbnb host
How-to
What to know if your neighbor is an Airbnb host

We encourage everyone to be a good neighbor when traveling and hosting—that means being mindful of your surroundings and following safety guidelines. If your neighbor is a host, here’s what you can expect.

Responsibility

Hosting comes with a commitment of responsibility to the neighbors and the community.

Trust and safety

Our robust Community Standards are designed to help hosts and guests learn about each other and make good decisions during a stay.

Direct, dedicated support

The Neighborhood Support page is your one-stop shop for help. There, you can:

Report a disturbance
Arrange a call with our team
Find a link to local emergency services if you need them
Did this article help?
Yes
No
Related articles
How-to • Home host
When a neighbor reports an issue
Guidance for hosts for when a neighbor reports an issue.
Rules
Tyrol
If you're thinking about becoming an Airbnb Host, here's some information to help you understand the laws in your city
Rules • Home host
Breckenridge, CO
If you're thinking about becoming an Airbnb Host, here's some information to help you understand the laws in your city
Get help with your reservations, account, and more.
Log in or sign up
Site Footer
Support
Help Center
AirCover
Anti-discrimination
Disability support
Cancellation options
Report neighborhood concern
Hosting
Airbnb your home
AirCover for Hosts
Hosting resources
Community forum
Hosting responsibly
Airbnb-friendly apartments
Join a free Hosting class
Find a co‑host
Airbnb
2025 Summer Release
Newsroom
New features
Careers
Investors
Gift cards
Airbnb.org emergency stays
Footer section
© 2025 Airbnb, Inc.·Terms·Sitemap·Privacy·Your Privacy Choices
English (US)
€
EUR | How do I report discrimination to Airbnb?: Skip to content
Help Center
– home page
Search
Suggestions will show after typing in the search input. Use the up and down arrows to review. Use enter to select. If the selection is a phrase, that phrase will be submitted to search. If the suggestion is a link, the browser will navigate to that page.
Home
All topics
Safety
Reporting issues
How do I report discrimination to Airbnb?
How-to
How do I report discrimination to Airbnb?
Airbnb’s Nondiscrimination Policy was created to encourage respect and inclusion in our community, and we take reports of discrimination very seriously. To report content from Airbnb profiles or listings that you believe violates our Nondiscrimination Policy, click or tap the Report this listing icon  in the Airbnb app.
To report a message exchange with another user on our website or within the app, click or tap the more icon , then select Report this message.
To report an in-person or off-platform incident, or to send a detailed report, contact us. If you experience discrimination during a trip and feel unsafe or require urgent assistance, you can contact the 24-hour safety line for support. Please provide specific details and identify the person you believe has violated the Nondiscrimination Policy.

Note: In an emergency, or if your personal safety is threatened, contact local police or emergency services immediately.

What we do with reports
Our community support team investigates reports and may follow up for additional documentation and information. If needed, we’ll also offer personalized, hands-on booking support to find you a different place to stay.
If a user violates our Nondiscrimination Policy, we will enforce accordingly. This can include things like warnings, suspension, and account removal.

Did this article help?
Yes
No
Related articles
How-to
How does Airbnb use data to work against racial discrimination?
Find out more about the methodology we use in order to help create new features and policies to address racial discrimination.
Legal terms
Limitations of background checks
Because our background checks are limited, you shouldn’t rely on them as a guarantee that the user has no criminal background or other red flags.
How-to
Implications of background checks
Learn about how the background checks we perform can impact your account.
Get help with your reservations, account, and more.
Log in or sign up
Site Footer
Support
Help Center
AirCover
Anti-discrimination
Disability support
Cancellation options
Report neighborhood concern
Hosting
Airbnb your home
AirCover for Hosts
Hosting resources
Community forum
Hosting responsibly
Airbnb-friendly apartments
Join a free Hosting class
Find a co‑host
Airbnb
2025 Summer Release
Newsroom
New features
Careers
Investors
Gift cards
Airbnb.org emergency stays
Footer section
© 2025 Airbnb, Inc.·Terms·Sitemap·Privacy·Your Privacy Choices
English (US)
€
EUR | Report a listing: Skip to content
Help Center
– home page
Search
Suggestions will show after typing in the search input. Use the up and down arrows to review. Use enter to select. If the selection is a phrase, that phrase will be submitted to search. If the suggestion is a link, the browser will navigate to that page.
Home
All topics
Safety
Reporting issues
Report a listing
How-to
Report a listing

If you encounter a listing on Airbnb that raises concerns, we ask that you report it. Your report helps us keep the whole Airbnb community safe.


In this article
Reasons to report a listing
Report a listing on Airbnb
Report suspicious messages and profiles
Reasons to report a listing

Some reasons to report a listing include:

Inappropriate content or photos
Misleading content or photos
Not a real place to stay
Scam or phishing attempts

If you have an active reservation and you need to report an issue, find out what to do if there’s an issue or problem during your stay.

Report a listing on Airbnb
Desktop
iOS app
Android app
Mobile browser
Report a listing on desktop
Click the listing that you want to report
Under the pricing details section, click Report this listing
Select the reason you're reporting the listing and click Next
Give further details (if required), and then click Submit
Report suspicious messages and profiles

You can also report a suspicious host or guest Profile or Message.

Did this article help?
Yes
No
Related articles
How-to
Report suspicious messages
If you get a suspicious message, let us know by contacting us or flagging it in your Messages.
How-to • Gast
If you have a problem or issue during your reservation
If anything unexpected comes up during your stay, message your host to discuss a solution first. It’s likely that they’ll be able to help you fix the issue. If your host can’t help or you’d like to request a refund, we’re here to support you.
How-to
Report a host or guest’s profile
Something not right about how a host or guest is portraying themselves on their Airbnb profile? Report their profile.
Get help with your reservations, account, and more.
Log in or sign up
Site Footer
Support
Help Center
AirCover
Anti-discrimination
Disability support
Cancellation options
Report neighborhood concern
Hosting
Airbnb your home
AirCover for Hosts
Hosting resources
Community forum
Hosting responsibly
Airbnb-friendly apartments
Join a free Hosting class
Find a co‑host
Airbnb
2025 Summer Release
Newsroom
New features
Careers
Investors
Gift cards
Airbnb.org emergency stays
Footer section
© 2025 Airbnb, Inc.·Terms·Sitemap·Privacy·Your Privacy Choices
English (US)
€
EUR",2025-07-08T11:08:26.034Z,
service-host,About hosting,Government travel restrictions and advisories,https://www.airbnb.com/help/topic/1418,"Skip to content
Help Center
– home page
Search
Suggestions will show after typing in the search input. Use the up and down arrows to review. Use enter to select. If the selection is a phrase, that phrase will be submitted to search. If the suggestion is a link, the browser will navigate to that page.
Home
All topics
Safety
Government travel restrictions and advisories
Government travel restrictions and advisories
Check the links below to find government orders and decrees. Government responses continue to evolve, so please check back often for updates and rely on your local and national government for the most current information.
Community policy
Getting around during the Olympic & Paralympic Games Paris 2024
Paris Police will impose security perimeters around event venues during the Olympics and Paralympics. Please review the information below to better plan for your stay.
Community policy • Experience host
Hosting Experiences during the Olympic & Paralympic Games Paris 2024
Paris Police will impose security perimeters around event venues during the Olympics and Paralympics. Please review the information below to better plan for your experience.
Related topics
Safety concerns
Safety tips and guidelines
Reporting issues
Site Footer
Support
Help Center
AirCover
Anti-discrimination
Disability support
Cancellation options
Report neighborhood concern
Hosting
Airbnb your home
AirCover for Hosts
Hosting resources
Community forum
Hosting responsibly
Airbnb-friendly apartments
Join a free Hosting class
Find a co‑host
Airbnb
2025 Summer Release
Newsroom
New features
Careers
Investors
Gift cards
Airbnb.org emergency stays
Footer section
© 2025 Airbnb, Inc.·Terms·Sitemap·Privacy·Your Privacy Choices
English (US)
€
EUR",3,Getting around during the Olympic & Paralympic Games Paris 2024 | Hosting Experiences during the Olympic & Paralympic Games Paris 2024 | Cancellation options,"Getting around during the Olympic & Paralympic Games Paris 2024: Skip to content
Help Center
– home page
Search
Suggestions will show after typing in the search input. Use the up and down arrows to review. Use enter to select. If the selection is a phrase, that phrase will be submitted to search. If the suggestion is a link, the browser will navigate to that page.
Home
All topics
Safety
Government travel restrictions and advisories
Getting around during the Olympic & Paralympic Games Paris 2024
Community policy
Getting around during the Olympic & Paralympic Games Paris 2024

The Paris region will welcome millions of visitors during the Olympic Games Paris 2024 (from July 26 to August 11) and the Paralympic Games Paris 2024 (from August 28 to September 8). Competitions will be hosted at iconic sites in the heart of the city and beyond.

As a consequence, Paris Police will impose security perimeters around event venues. These will make getting around Paris tougher than usual. Please review the information below to better plan for your stay.

Note: Please make sure to check official sources listed below to confirm that the information provided hasn’t recently changed.

In this article
Security perimeters
Impact on transportation
How to download your proof of stay
Good Guest Guide
Useful links
Security perimeters

Several security perimeters will be created to regulate traffic around venues. Be aware that these perimeters may change every day.
Check out the official government transportation website to understand if your listing address or Experience will be impacted by a security perimeter at any particular time.

Impact on transportation

Transportation during the Olympic & Paralympic Games will be challenging, so please refer to the official government transportation website and the ""List of people authorized to circulate around competition sites"" to plan your itineraries.

I plan to walk, bike around: Pedestrians and cyclists are allowed to circulate without any restrictions in security perimeters except during the Opening Ceremony. Please refer to our section below to understand how Opening Ceremony security measures will impact access to your listing.
I plan to move around by public transport: The Transport Ministry has developed an interactive map to help you plan your itineraries in public transport during the Games.
I plan to move around by car: You will be impacted by restrictions if you are driving in zones designated as a “red” or “blue” zone. Red zones are most restrictive, with only authorized vehicles being able to access these zones. You can request an exemption to access red zones for your vehicle on the Police Prefecture website.
I plan to take a taxi / Uber to my listing: The same restrictions that apply to cars also apply to Ubers and taxis. If you are traveling in a red zone by taxi or Uber, you can request access to red zones in advance on the Police Prefecture website.
How to download your proof of stay

You will need to provide proof of stay for your Airbnb listing when you register with the Paris police in order to access a red zone by car. Please follow these steps to obtain your official proof of stay:

Navigate to the Trips section of your Airbnb account
Click or tap on your upcoming reservation in Paris
Scroll down and select Get a PDF for visa purposes or Get a proof of stay for Paris Olympics (you may see one or the other based on your listing location)
Add the legal full names of all travelers
Click or tap Download PDF

The names you provide must match a government ID. This information will be checked in person by the Paris police, matched to a government ID, and may be shared with the French government.

Good Guest Guide

To help guests get the most out of their stay, we’ve produced a helpful illustrated Good Guest Guide that includes essential information to travel responsibly and safely around the Games. Download the guide, available in French, German, and English.

Useful links
Digital registration platform for the red zones exemption (vehicles)
Transport map of zones and public transport

Are you hosting an Experience? Find out more about how security restrictions may impact your Experience.

Did this article help?
Yes
No
Get help with your reservations, account, and more.
Log in or sign up
Site Footer
Support
Help Center
AirCover
Anti-discrimination
Disability support
Cancellation options
Report neighborhood concern
Hosting
Airbnb your home
AirCover for Hosts
Hosting resources
Community forum
Hosting responsibly
Airbnb-friendly apartments
Join a free Hosting class
Find a co‑host
Airbnb
2025 Summer Release
Newsroom
New features
Careers
Investors
Gift cards
Airbnb.org emergency stays
Footer section
© 2025 Airbnb, Inc.·Terms·Sitemap·Privacy·Your Privacy Choices
English (US)
€
EUR | Hosting Experiences during the Olympic & Paralympic Games Paris 2024: Skip to content
Help Center
– home page
Search
Suggestions will show after typing in the search input. Use the up and down arrows to review. Use enter to select. If the selection is a phrase, that phrase will be submitted to search. If the suggestion is a link, the browser will navigate to that page.
Home
All topics
Safety
Government travel restrictions and advisories
Hosting Experiences during the Olympic & Paralympic Games Paris 2024
Community policy • Experience host
Hosting Experiences during the Olympic & Paralympic Games Paris 2024

The Paris region will welcome millions of visitors during the Olympic Games Paris 2024 (from July 26 to August 11) and the Paralympic Games Paris 2024 (from August 28 to September 8). Competitions will be hosted at iconic sites in the heart of the city and beyond.

As a consequence, Paris Police will impose security perimeters around event venues. These will make getting around Paris tougher than usual. Please review the information below to better plan your Experience.

Note: Please make sure to check official sources listed below to confirm that the information provided hasn’t recently changed.

Security perimeters

Several security perimeters will be created to regulate traffic around venues. Be aware that these perimeters may change every day.
Check out the official government transportation website to understand if your Experience will be impacted by a security perimeter at any particular time. Experiences that include moving around by motorized vehicle may be specially impacted.

Are you a Stay Host or Guest? Find out more about how security restrictions may impact your stay.

Did this article help?
Yes
No
Get help with your reservations, account, and more.
Log in or sign up
Site Footer
Support
Help Center
AirCover
Anti-discrimination
Disability support
Cancellation options
Report neighborhood concern
Hosting
Airbnb your home
AirCover for Hosts
Hosting resources
Community forum
Hosting responsibly
Airbnb-friendly apartments
Join a free Hosting class
Find a co‑host
Airbnb
2025 Summer Release
Newsroom
New features
Careers
Investors
Gift cards
Airbnb.org emergency stays
Footer section
© 2025 Airbnb, Inc.·Terms·Sitemap·Privacy·Your Privacy Choices
English (US)
€
EUR | Cancellation options: Skip to content
Help Center
– home page
Search
Suggestions will show after typing in the search input. Use the up and down arrows to review. Use enter to select. If the selection is a phrase, that phrase will be submitted to search. If the suggestion is a link, the browser will navigate to that page.
Home
All topics
Your reservations
Cancellations
Major Disruptive Events Policy
Community policy
Major Disruptive Events Policy
In this article
Overview
What events are covered
What happens if a reservation is impacted by a covered Event
What is not covered
How this policy affects hosts
Other things to be aware of
Overview

In general, cancellations and refunds for Airbnb reservations are governed by the listing’s cancellation policy. In the rare circumstances that large-scale events prevent or legally prohibit completion of a reservation, the Major Disruptive Events Policy (the “Policy”) may apply. When this Policy applies, guests can cancel their reservation and receive a refund, travel credit, and/or other consideration regardless of the reservation’s cancellation policy, and hosts can cancel without fees or other adverse consequences, although their listing’s calendar will be blocked for the dates of the canceled reservation.

This Policy applies to reservations for homes, services, and experiences and is applicable to reservations that are ongoing or that have a check-in on or after the effective date, except as otherwise notified by Airbnb to users. The Major Disruptive Events Policy is not an insurance policy.

What events are covered

The following events are covered under this Policy if they impact your reservation location, occur after the time of booking, and prevent or legally prohibit completion of a future or ongoing reservation (referred to in this Policy as “Events”):

Declared public health emergencies and epidemics. Government-declared epidemics, pandemics, and public health emergencies. This does not include diseases that are endemic (for example, the flu) or commonly associated with an area (for example, malaria in Thailand). COVID-19 is not covered under this Major Disruptive Events Policy.

Government travel restrictions. Mandatory travel restrictions imposed by a governmental agency, such as an evacuation order or shelter-in-place order. This does not include non-binding travel advisories and similar government guidance.

Military actions and other hostilities. Acts of war, hostilities, invasions, civil war, terrorism, explosions, bombings, rebellions, riots, and insurrection.

Large-scale outages of essential utilities. Prolonged outages of essential utilities, such as heat, water, and electricity, impacting the vast majority of homes in a given location.

Unforeseeable natural disasters and severe weather events. Unforeseeable natural disasters, like earthquakes and tsunamis, and unforeseeable severe weather events, like tornadoes. This does not include events that are foreseeable for a given location, as described further below.

What happens if a reservation is impacted by a covered Event

When a large-scale event occurs, we assess the situation to determine whether the Major Disruptive Events Policy applies. If it does, we activate the Policy for the impacted area and timeframe where we anticipate that the Event will prevent or legally prohibit completion of reservations. Reservations outside of the defined area and timeframe may not be eligible, though hosts may still be able to cancel without adverse consequences if they are unable to host. We continuously monitor these situations and adjust coverage as needed to reflect changing conditions. If you believe this Policy applies to your reservation, please contact us to inquire about eligibility.

What is not covered

We understand that other circumstances outside of your control may disrupt your plans. In any situations not listed above, your reservation remains subject to the host’s cancellation policy for the listing.

Examples of common events not covered by this policy include:

Events that impact a guest or their ability to travel, but not the reservation location
Unexpected injury or illness
Government obligations like jury duty or court appearances
Non-binding travel advisories or other government guidance that fall short of a travel ban or prohibition
Cancellation or rescheduling of an event for which the reservation was made
Transportation disruptions such as airline insolvency, flight cancellations, transportation strikes, and road closures due to maintenance
Weather or natural conditions that are common enough to be foreseeable in a given location, such as hurricanes in Florida during hurricane season or winter weather in the northern hemisphere during winter months—unless the event triggers a covered Event that prevents completion of the reservation, such as government-issued mandatory travel restrictions

For reservations not covered by this Policy, we encourage guests and hosts to find a mutually acceptable arrangement, such as a full or partial refund or an alteration of the booking dates. Note that any refunds outside of the reservation’s cancellation policy are at the host’s discretion. Airbnb does not take part in or guarantee such refunds.

How this policy affects hosts

If a reservation is covered by the Major Disruptive Events Policy, hosts can cancel without fees or other adverse consequences. If a host cancels under this policy, their listing’s calendar will be blocked for the dates of the canceled reservation. If a reservation is canceled under this Policy, the host does not receive a payout for the canceled dates of the reservation, or, if the payout has already been made, the refunded amount will be withheld from the next payout(s).

Regardless of whether a reservation is covered by this Policy, hosts can cancel for certain valid reasons, such as major damage to a listing, without fees or other adverse consequences. Hosts are obligated to cancel a reservation if their listing is uninhabitable or is inconsistent with what the guest booked. Failure to do so may result in listing suspension, cancellation of existing reservations, and refunds to guests until the listing is habitable and consistent with the listing description. This also violates our Ground rules for hosts, and can lead to consequences up to and including account removal.

Other things to be aware of

This Policy does not limit your rights under local regulations, and any decisions made by Airbnb under this Policy do not affect your statutory rights.

Did this article help?
Yes
No
Related articles
How-to • Guest
Canceling a trip due to a Major Disruptive Event
If you need to cancel because a large-scale event at your destination prevents completion of your reservation, we can help.
Community policy • Home host
Host Cancellation Policy for homes
Because cancellations can disrupt guests' plans and impact confidence in the Airbnb community, there are penalties applied for Host cancellations.
How-to • Guest
Find the cancellation policy for any home, service, or experience
Here’s where to find the cancellation policy for any home, service, or experience.
Get help with your reservations, account, and more.
Log in or sign up
Site Footer
Support
Help Center
AirCover
Anti-discrimination
Disability support
Cancellation options
Report neighborhood concern
Hosting
Airbnb your home
AirCover for Hosts
Hosting resources
Community forum
Hosting responsibly
Airbnb-friendly apartments
Join a free Hosting class
Find a co‑host
Airbnb
2025 Summer Release
Newsroom
New features
Careers
Investors
Gift cards
Airbnb.org emergency stays
Footer section
© 2025 Airbnb, Inc.·Terms·Sitemap·Privacy·Your Privacy Choices
English (US)
€
EUR",2025-07-08T11:08:45.595Z,
service-host,About hosting,General info,https://www.airbnb.com/help/topic/1672,"Skip to content
Help Center
– home page
Search
Suggestions will show after typing in the search input. Use the up and down arrows to review. Use enter to select. If the selection is a phrase, that phrase will be submitted to search. If the suggestion is a link, the browser will navigate to that page.
Home
All topics
Local rules and regulations for Airbnb Services
General info
General info
Rules • Experience host
Services and experiences involving alcohol
Hosting Airbnb Services and Experiences involving alcohol can be enjoyable, but it's important to understand the rules and requirements that may apply. We’ve gathered some helpful resources to get you started.
Rules • Experience host
Services and experiences involving food
Hosting Airbnb Services and Experiences can be delicious and fun, but food-related activities come with some obligations and rules. We’ve gathered some resources you may find helpful.
Rules • Experience host
Business licensing for services and experiences
Business licensing, rules, and regulations—here’s some helpful information to get you started learning about what you might need to host your Airbnb Experiences and Services in compliance with local requirements.
Rules • Experience host
Tour guiding and travel-related experiences
Laws, rules, licensing—here’s some helpful information to get you started learning about what you might need to be an Airbnb Experience Host in your area.
Rules • Experience host
Hosting services and experiences in public lands
Laws, rules, permits—here’s some helpful information to get you started learning about hosting your services or experiences on public lands as an Airbnb Experience host.
How-to
What are the animal welfare guidelines for Airbnb Services and Experiences?
Airbnb hosts commit that their services or experiences ensure the highest quality of life for any animals involved, using the guiding principles of animal welfare.
Related topics
Service categories and guidelines
Site Footer
Support
Help Center
AirCover
Anti-discrimination
Disability support
Cancellation options
Report neighborhood concern
Hosting
Airbnb your home
AirCover for Hosts
Hosting resources
Community forum
Hosting responsibly
Airbnb-friendly apartments
Join a free Hosting class
Find a co‑host
Airbnb
2025 Summer Release
Newsroom
New features
Careers
Investors
Gift cards
Airbnb.org emergency stays
Footer section
© 2025 Airbnb, Inc.·Terms·Sitemap·Privacy·Your Privacy Choices
English (US)
€
EUR",3,Services and experiences involving alcohol | Services and experiences involving food | Business licensing for services and experiences,"Services and experiences involving alcohol: Skip to content
Help Center
– home page
Search
Suggestions will show after typing in the search input. Use the up and down arrows to review. Use enter to select. If the selection is a phrase, that phrase will be submitted to search. If the suggestion is a link, the browser will navigate to that page.
Home
All topics
Local rules and regulations for Airbnb Experiences
General info
Services and experiences involving alcohol
Rules • Experience host
Services and experiences involving alcohol

This information page can help you, whether you're a host or co-host, get started in learning about some of the laws and registration requirements that may apply to your services and experiences on Airbnb.

Please understand that this information page is general, not comprehensive, and is not legal advice. These pages are intended to give you an idea of the types of rules that may apply to your services and experiences and to help you understand some of the things to consider in relation to your service or experience.

Different countries, states, and cities have different licensing requirements and rules and it's your responsibility as a host or co-host to make sure you comply with local laws and regulations. These pages are not intended to be an explanation of the specific rules that apply in your jurisdiction, or your particular situation, nor are these pages a substitute for seeking legal advice. If you're unsure about how local laws or this information may apply to you or your experiences, we encourage you to check with official sources or seek legal advice.

Please note that we don’t update this information in real time, so you should confirm that the laws or procedures have not changed recently.*

In this article
I plan to include alcohol during my service or experience, is there anything I should be thinking about?
Do I need licenses if I serve alcohol to my guests at my home, at a private venue, or outdoors?
Does the location of the service or experience impact what I need to think about?
I plan to include alcohol during my service or experience, is there anything I should be thinking about?

Yes. If you plan to include alcohol during your service or experience, we encourage you to please keep your safety, and that of your guests, front of mind.

Safe services and experiences do not involve providing alcohol to a guest:

Who is under the legal drinking age
Who will be driving or operating any type of vehicle or mechanical equipment
Who looks or acts inebriated or who you know is intending to drive afterward
Who has informed you that they are ill, have a drinking problem, or do not want to participate
Who is participating in a service or experience where any remaining portion of the activities involves physical activity (like yoga, swimming, hiking, biking, or personal training)
Who is participating in a service or experience in which alcohol is inappropriate or unsafe (like massage or wellness activities)


We want to remind you that in most jurisdictions, the sale of alcohol to, or consumption of alcohol by, those under the minimum drinking age is punishable by fines and criminal penalties


Do I need licenses if I serve alcohol to my guests at my home, at a private venue, or outdoors?

To sell alcohol to your guests, you generally either need a license or you need to hire a caterer licensed to sell alcohol. Note that, for a variety of reasons, licenses are not generally available to sell alcohol at a private residence. Selling alcohol includes situations where:

You sell alcohol to your guest directly (e.g. charging a guest for a glass of wine that you serve yourself)
You sell alcohol to your guest indirectly (e.g. including a charge for the wine you serve to your guest in your experience price)

Here are some additional things to think about before hosting a service or experience involving alcohol:

You may be required to obtain a license if you host a service or experience which you advertise as being BYO (bring-your-own) alcohol, depending on the jurisdiction and your specific service or experience.
Some jurisdictions have restrictions on the hours during which you may serve alcohol.
Some jurisdictions have restrictions which may impact the ways in which you can advertise a service or experience involving alcohol.
Several jurisdictions prohibit the use, distribution, or sale of powdered alcohol or concentrated alcohol in any alcoholic beverages.

You generally would not require a license to host an service or experience involving alcohol being served by a licensed venue or caterer, although hosting an alcohol tour of a number of licensed premises may require a permit or license in some jurisdictions.

Does the location of the service or experience impact what I need to think about?

If your service or experience involves the consumption, sale, or distribution of alcohol in a public venue or place, including on public lands or in parks, there are likely to be additional regulations, restrictions, or prohibitions that you should consider before offering your service or experience.

If you are unsure about anything relating to your service or experience, we encourage you to check with your local alcohol regulator, or speak to a lawyer, to discuss your experience and confirm your service or experience complies with local laws, including health, tax, and insurance requirements.

*Please note that Airbnb has no control over the conduct of hosts and co-hosts and disclaims all liability. Failure of hosts or co-hosts to satisfy their responsibilities may result in suspension of activity or removal from the Airbnb website.

Airbnb is not responsible for the reliability or correctness of the information contained in any links to third party sites (including any links to legislation and regulations).

Did this article help?
Yes
No
Related articles
Community policy • Anfitrión
Expectations for services and experiences involving food and alcohol
Hosts are responsible for ensuring they provide safe and high-quality services and experiences involving food and alcohol.
How-to • Experience host
Age guidelines for Airbnb services and experiences
If it's a strenuous activity, has adult content, or it’s at a venue with age restrictions, it’s not appropriate for children.
Rules • Experience host
Services and experiences involving food
Hosting Airbnb Services and Experiences can be delicious and fun, but food-related activities come with some obligations and rules. We’ve gathered some resources you may find helpful.
Get help with your reservations, account, and more.
Log in or sign up
Site Footer
Support
Help Center
AirCover
Anti-discrimination
Disability support
Cancellation options
Report neighborhood concern
Hosting
Airbnb your home
AirCover for Hosts
Hosting resources
Community forum
Hosting responsibly
Airbnb-friendly apartments
Join a free Hosting class
Find a co‑host
Airbnb
2025 Summer Release
Newsroom
New features
Careers
Investors
Gift cards
Airbnb.org emergency stays
Footer section
© 2025 Airbnb, Inc.·Terms·Sitemap·Privacy·Your Privacy Choices
English (US)
€
EUR | Services and experiences involving food: Skip to content
Help Center
– home page
Search
Suggestions will show after typing in the search input. Use the up and down arrows to review. Use enter to select. If the selection is a phrase, that phrase will be submitted to search. If the suggestion is a link, the browser will navigate to that page.
Home
All topics
Local rules and regulations for Airbnb Experiences
General info
Services and experiences involving food
Rules • Experience host
Services and experiences involving food

This information page can help you, whether you're a host or co-host, get started in learning about some of the laws and registration requirements that may apply to your services and experiences on Airbnb.

Please understand that this information page is general, not comprehensive, and is not legal advice. These pages are intended to give you an idea of the types of rules that may apply to your services and experiences and to help you understand some of the things to consider in relation to your service or experience.

Different countries, states, and cities have different licensing requirements and rules and it's your responsibility as a host or co-host to make sure you comply with local laws and regulations. These pages are not intended to be an explanation of the specific rules that apply in your jurisdiction, or your particular situation, nor are these pages a substitute for seeking legal advice. If you're unsure about how local laws or this information may apply to you or your services and experiences, we encourage you to check with official sources or seek legal advice.

Please note that we don’t update this information in real time, so you should confirm that the laws or procedures have not changed recently.*

In this article
What are some of the basic principles for any service or experience involving food?
I want to serve home-cooked food to guests visiting my home. Are there any specific rules I need to follow?
Is there anything else I should think about?
What are some of the basic principles for any service or experience involving food?

Most countries have health and safety rules around the handling and serving of food and it’s a good idea to keep your health and safety, and that of your guests, at the top of your mind. For example, it’s a good idea to:

Familiarize yourself with official sources or seek legal advice to understand the rules that apply to the handling and serving of food.
If your service or experience involves you cooking or handling food (including serving food prepared by others), always handle, prepare and serve food safely, with good sanitation, and in accordance with any local food laws.
Ask your guests in advance about any food allergies they may have, or religious or philosophical codes that may impact what kind of food they eat.
If your service or experience may include alcohol, it’s a good idea to check our information page on services and experiences involving alcohol.
If your service or experience involves preparing food (or any ingredients of your food) before you show up at a guest’s home, you may need a catering license. For example, if you plan to marinate your food ahead of time due to the long lead-time needed, or you plan to chop up some ingredients beforehand to save time on site, this may trigger a requirement for a catering license.
I want to serve home-cooked food to guests visiting my home. Are there any specific rules I need to follow?

If you're thinking of serving home-cooked food to paying guests, or serving food at a location where food is not normally prepared (such as a “pop up” or outdoors), an important question to ask yourself is whether this triggers regulations under your local laws.

In most jurisdictions, activities that involve handling, serving or selling food, or providing food-related services, to members of the public are regulated activities. This means that in some places, in order to carry out such activities, it may first be necessary to register with, or obtain a certification or licence from, a public or local health department. In most cases, you may need to meet sanitation criteria. In some jurisdictions, food service regulations may also apply, even if you're not preparing the food yourself, and even if you're offering it for free.


Is there anything else I should think about?

Yes, but you’ll need to check with your local authorities to be certain you’re meeting all local requirements before you host.

In some jurisdictions, it may be necessary to obtain a general business licence in order to be able to sell food to members of the public. Below are some examples, but this isn't a comprehensive list.

It's a good idea to check with your local zoning board or planning authority to find out whether any local rules limit the ways in which the property for your service or experience may be used.

You may also want to look into what tax rules may apply to your activity, and check whether you're legally required to obtain special insurance cover.

If your service or experience will involve combining food with another activity (for example, providing a food tour of restaurants), please take a look at our other information sections such as Responsible Hosting for tour or travel-related services and experiences to determine if any other rules may apply to your activity.

Dealing with food can be tricky. If you are unsure about anything relating to your service or experience, we encourage you to check with your local department of health directly, or speak to a lawyer, to discuss your experience and confirm your service or experience complies with local laws including health, tax, and insurance requirements.

* Please note that Airbnb has no control over the conduct of hosts and co-hosts and disclaims all liability.

Airbnb is not responsible for the reliability or correctness of the information contained in any links to third party sites (including any links to legislation and regulations).

Failure of hosts or co-hosts to satisfy their responsibilities may result in suspension of activity or removal from the Airbnb website.

Did this article help?
Yes
No
Related articles
How-to
Food safety guidelines for Airbnb Services and Experiences
Hosts must keep things clean, separate raw and cooked foods, cook food thoroughly, keep food at safe temperatures, use safe water, and offer quality ingredients.
Rules • Home host
Responsible hosting in Greece
We offer help for Airbnb Hosts to familiarize themselves with hosting responsibilities, and to provide a general overview of different laws, regulations, and best practices.
Community policy • Experience host
Airbnb Services and Experiences standards and requirements
Find details on the standards and requirements that Airbnb Services and Experiences hosts must meet.
Get help with your reservations, account, and more.
Log in or sign up
Site Footer
Support
Help Center
AirCover
Anti-discrimination
Disability support
Cancellation options
Report neighborhood concern
Hosting
Airbnb your home
AirCover for Hosts
Hosting resources
Community forum
Hosting responsibly
Airbnb-friendly apartments
Join a free Hosting class
Find a co‑host
Airbnb
2025 Summer Release
Newsroom
New features
Careers
Investors
Gift cards
Airbnb.org emergency stays
Footer section
© 2025 Airbnb, Inc.·Terms·Sitemap·Privacy·Your Privacy Choices
English (US)
€
EUR | Business licensing for services and experiences: Skip to content
Help Center
– home page
Search
Suggestions will show after typing in the search input. Use the up and down arrows to review. Use enter to select. If the selection is a phrase, that phrase will be submitted to search. If the suggestion is a link, the browser will navigate to that page.
Home
All topics
Local rules and regulations for Airbnb Experiences
General info
Business licensing for services and experiences
Rules • Experience host
Business licensing for services and experiences

This information page can help you, whether you're a host or co-host, get started in learning about some of the laws and registration requirements that may apply to your services and experiences on Airbnb.

Please understand that this information page is general, not comprehensive, and is not legal advice. These pages are intended to give you an idea of the types of rules that may apply to your services and experiences and to help you understand some of the things to consider in relation to your services and experiences.

Different countries, states, and cities have different licensing requirements and rules and it's your responsibility as a host or co-host to make sure you comply with local laws and regulations. These pages are not intended to be an explanation of the specific rules that apply in your jurisdiction, or your particular situation, nor are these pages a substitute to seeking legal advice. If you're unsure about how local laws or this information may apply to you or your services and experiences, we encourage you to check with official sources or seek legal advice.

Please note that we don’t update this information in real time, so you should confirm that the laws or procedures have not changed recently.*

In this article
What are the general business license and registration requirements?
What are the services and experiences-specific permit, license, or registration requirements?
Are there additional laws that apply to me as a result of my hosting services and experiences?
What are the general business license and registration requirements?

In certain jurisdictions, hosts of Airbnb Services and Experiences may be required to register their services and experiences as a business with the local government and/or at the national or federal/regional level. In jurisdictions with business licensing requirements, failure to register could result in fines, penalties, and/or the disruption of the services and experiences until proper registration is completed.

Based on certain factors, such as the type of service you provide, how often you host your services and experiences, whether you'll be conducting your services and experiences for profit or whether you'll be conducting your services and experiences under only your own legal name, your services and experiences may or may not be classified as a business in your jurisdiction. In other jurisdictions, the site or location of the services and experiences may be used to determine what type of license or permit is required.

You're responsible for checking whether your activity may be considered to be a business activity, and if so, for ensuring that you comply with local rules that regulate businesses (which may include business registration and/or licensing requirements) before starting to provide your services and experiences.

In certain jurisdictions, you may also need to obtain specific permits and/or licenses in order to conduct regulated activities that are part of the services and experiences. These permits and/or licenses may be required by a local licensing department and/or a federal/national licensing department.

What are the services and experiences-specific permit, license, or registration requirements?

Depending on the category of business you use to host your services and experiences, as well as the activities involved and the services you provide, you may be required to register your services and experiences or obtain special permits or licenses.

It’s a good idea to check with local representatives, and consult with a local lawyer and/or tax professional to make sure you’ve satisfied all filing, registration, licensing, and permitting requirements before hosting your first services and experiences.

Location: You may also be required to register your services and experiences or obtain special permits or licenses for services and experiences involving sporting activities, those which are held in parks, forests, protected areas, or in your home and some commercial buildings. There may also be insurance requirements (see below).

Employees: If you plan to hire employees as part of your business, it’s a good idea to consider (among other things) the obligations and other legal requirements set by the relevant government agency for your jurisdiction. This may include things such as statutory contributions, workplace health and safety and work permits for foreign workers. Some hosts may be required to obtain certain registrations or permits. This can be a complicated area, and it may be a good idea to reach out to a lawyer or your local representative to understand the rules that may apply to you.

Tax and accounting: It’s a good idea to ensure that you understand what tax and accounting rules may apply and comply with any payment or record keeping requirements. Note that you may be required to obtain a (unique) tax number if you register a business. You may be able to deduct your expenses from income taxes, so it’s a good idea to keep receipts of the costs of running your services and experiences. Taxes can be complicated, and you may want to take time to understand the rules as they apply to you and your particular situation, and seek advice from a tax professional for more details.

Are there additional laws that apply to me as a result of my hosting services and experiences?

Other rules might apply to your services or experiences, depending on the activity/activities involved. Our other posts on Tours and travel-related services and experiences, Transportation, Food, and Alcohol cover some of the typical activities, but are not exhaustive, and it’s your responsibility to comply with the rules that apply to you and your services and experiences.

In most jurisdictions, consumer protections laws require you to truthfully describe your services and experiences in your listing page so guests can make informed decisions before booking. In most cases, the law requires that in explaining and promoting your services and experiences to guests, the information you provide meets the following criteria:

Is accurate and not misleading
Correctly and completely describes the main characteristics of your services and experiences, what is included, and any special terms and conditions
Includes specifically those services that you actually intend to provide, with dates or times treated as commitments
Is accurate to your advertised services and experiences price, with no surprise additional fees or costs to be covered by guests

Please note that some jurisdictions may have additional consumer laws. For more information, we encourage you to consult a lawyer to find out what rules apply to your services and experiences.

*Please note that Airbnb has no control over the conduct of hosts and co-hosts and disclaims all liability. Failure of hosts or co-hosts to satisfy their responsibilities may result in suspension of activity or removal from the Airbnb platform.

Airbnb is not responsible for the reliability or correctness of the information contained in any links to third party sites (including any links to legislation and regulations).

Did this article help?
Yes
No
Get help with your reservations, account, and more.
Log in or sign up
Site Footer
Support
Help Center
AirCover
Anti-discrimination
Disability support
Cancellation options
Report neighborhood concern
Hosting
Airbnb your home
AirCover for Hosts
Hosting resources
Community forum
Hosting responsibly
Airbnb-friendly apartments
Join a free Hosting class
Find a co‑host
Airbnb
2025 Summer Release
Newsroom
New features
Careers
Investors
Gift cards
Airbnb.org emergency stays
Footer section
© 2025 Airbnb, Inc.·Terms·Sitemap·Privacy·Your Privacy Choices
English (US)
€
EUR",2025-07-08T11:09:04.388Z,
service-host,About hosting,Service categories and guidelines,https://www.airbnb.com/help/topic/1677,"Skip to content
Help Center
– home page
Search
Suggestions will show after typing in the search input. Use the up and down arrows to review. Use enter to select. If the selection is a phrase, that phrase will be submitted to search. If the suggestion is a link, the browser will navigate to that page.
Home
All topics
About hosting
Service categories and guidelines
Service categories and guidelines
Rules • Service host
Beauty-related services
When you provide a beauty service on Airbnb, it’s important to familiarize yourself with the local laws and registration requirements.
Rules • Service host
Photography-related services
When you provide a photography service on Airbnb, it’s important to familiarize yourself with the local laws and registration requirements.
Rules • Service host
Massage and spa treatment related services
When you provide a massage or spa treatment service on Airbnb, it’s important to familiarize yourself with the local laws and registration requirements.
Rules • Service host
Personal training-related services
When you provide a fitness or personal training service on Airbnb, it’s important to familiarize yourself with the local laws and registration requirements.
Related topics
Service hosting basics
Preparing to host a service
Protection and insurance
Site Footer
Support
Help Center
AirCover
Anti-discrimination
Disability support
Cancellation options
Report neighborhood concern
Hosting
Airbnb your home
AirCover for Hosts
Hosting resources
Community forum
Hosting responsibly
Airbnb-friendly apartments
Join a free Hosting class
Find a co‑host
Airbnb
2025 Summer Release
Newsroom
New features
Careers
Investors
Gift cards
Airbnb.org emergency stays
Footer section
© 2025 Airbnb, Inc.·Terms·Sitemap·Privacy·Your Privacy Choices
English (US)
€
EUR",3,Beauty-related services | Photography-related services | Massage and spa treatment related services,"Beauty-related services: Skip to content
Help Center
– home page
Search
Suggestions will show after typing in the search input. Use the up and down arrows to review. Use enter to select. If the selection is a phrase, that phrase will be submitted to search. If the suggestion is a link, the browser will navigate to that page.
Home
All topics
About hosting
Service categories and guidelines
Beauty-related services
Rules • Service host
Beauty-related services

If you are providing a service on Airbnb, it’s important to be familiar with the laws and registration requirements that may apply to your service listing.*

It’s important to note that different countries, states, and cities have different licensing requirements and rules. It’s your responsibility as someone providing a service on Airbnb to make sure you comply with local laws and regulations.

NOTE: If you are unsure about how local laws or this information may apply to you or your services and experiences, check with official sources or seek legal advice.

In this article
Basic principles for any beauty-related services
If you want to provide beauty services to guests outside of your salon
Additional things to think about when providing a beauty service
Basic principles for any beauty-related services

Many countries have qualification or licensing requirements for beauty practitioners, including those engaged in services for hair, makeup and nails. You may need to obtain or have a relevant cosmetology, esthetician, barber, nail technician or related licenses to provide a service for a guest. In addition to these qualifications, it’s a good idea to keep both your health and safety, and your guests’, top of mind. For example, it’s a good idea to:

Familiarize yourself with official sources or seek legal advice to understand the requirements for providing professional esthetician, cosmetology and related service

Ask your guests in advance about any specific looks or goals they may have in mind, to best provide a service that will cater to your guest’s needs
If you want to provide beauty services to guests outside of your salon

If you want to provide beauty services outside of a traditional brick and mortar salon, (such as in a guest’s home), find out if you need any additional requirements or regulations under your local laws.

NOTE: In some jurisdictions, in-home services are not permitted by local laws, or separate licensing may be required to provide a beauty or aesthetic service outside a salon. In other jurisdictions, you may also be permitted to operate your service from a mobile establishment or mobile salon. Check your local requirements for any additional licensing requirements for these types of establishments.

Additional things to think about when providing a beauty service


You’ll need to check with your local authorities to be certain you’re meeting all local requirements before you provide a service.

In some jurisdictions, it may be necessary to obtain a general business licence in order to be able to provide beauty services to members of the public. Below are some examples (note this is not a comprehensive list):

Check with your local zoning board or planning authority to find out whether any local rules limit the ways in which the property for your service or experience may be used
Find out what tax rules may apply to your activity, and check whether you are legally required to obtain special insurance cover

If you are unsure about anything relating to your service, check with your local licensing board directly, or speak to a lawyer, to discuss and confirm your service complies with local laws including health, tax, and insurance requirements.

*Airbnb isn’t responsible for the reliability or correctness of the information contained in any links to third party sites (including any links to legislation and regulations) Airbnb also doesn’t have control over the conduct of those who provide a service on Airbnb, and disclaims all liability.

Failure of hosts or co-hosts to satisfy their responsibilities may result in suspension of activity or removal from the Airbnb website.

Did this article help?
Yes
No
Get help with your reservations, account, and more.
Log in or sign up
Site Footer
Support
Help Center
AirCover
Anti-discrimination
Disability support
Cancellation options
Report neighborhood concern
Hosting
Airbnb your home
AirCover for Hosts
Hosting resources
Community forum
Hosting responsibly
Airbnb-friendly apartments
Join a free Hosting class
Find a co‑host
Airbnb
2025 Summer Release
Newsroom
New features
Careers
Investors
Gift cards
Airbnb.org emergency stays
Footer section
© 2025 Airbnb, Inc.·Terms·Sitemap·Privacy·Your Privacy Choices
English (US)
€
EUR | Photography-related services: Skip to content
Help Center
– home page
Search
Suggestions will show after typing in the search input. Use the up and down arrows to review. Use enter to select. If the selection is a phrase, that phrase will be submitted to search. If the suggestion is a link, the browser will navigate to that page.
Home
All topics
About hosting
Service categories and guidelines
Photography-related services
Rules • Service host
Photography-related services

If you’re providing a service on Airbnb, it’s important to be familiar with the laws and registration requirements that may apply to your service listing.*

It’s important to note that different countries, states, and cities have different licensing requirements and rules. It’s your responsibility as someone providing a service on Airbnb to make sure you comply with local laws and regulations.

NOTE: If you are unsure about how local laws or this information may apply to you or your services and experiences, check with official sources or seek legal advice.

In this article
Basic principles for photography-related services
Licenses and permits for photography services on public areas or monuments
Insurance requirements for your photography service
Basic principles for photography-related services

How you handle your service and listing is up to you, but we encourage you to:

Ask your guests about their goals of the photography session, including any special occasions, types of photos they’re seeking, and location preferences;
Explain what guests should expect from your photography session, including the duration and any limitations affected by the selected location or time of day;
Consider pricing your photography session based on group or duration, rather than number of guests;
Let your guests know when they may expect the final product, and how they will receive it;
Inform guests on your listing page if you have any additional agreements they will need to sign, like a release regarding rights to the photos; and
Provide a copy of any additional agreement upon request.
Licenses and permits for photography services on public areas or monuments

Under your local, city, state, provincial or national laws, you may need a license or permit to offer a service or sell goods to customers on public lands. Each park or public land has its own rules on what activities are allowed within the space. The types of activities permitted in public areas may depend on the land location, size, terrain, and resources. We encourage you to confirm with an appropriate park official that your service is allowed on the specific public land. If a permit is required, the type of permit you’ll need may vary based on what your service involves. In addition, certain services may trigger additional licensing requirements. It’s possible that multiple government or public entities have jurisdiction over a public space.

Permit and license requirements.The processes and requirements for obtaining permits and licenses vary. Park managers and the heads of local, regional, and national entities controlling a public space have wide discretion regarding what’s required to receive an individual permit.
Fees and taxes. You’ll likely need to pay a fee for your permit, and the fee amounts may vary. Depending on what your service involves, additional fees may apply for using the public space. It’s your responsibility to ensure that all applicable fees and taxes related to your service are paid.
Insurance requirements for your photography service

Most services on public lands require some type of insurance. However, the insurance requirements and who should be listed on the policy can vary by type of activity, permit type, and the governing entity. Be sure to confirm insurance requirements directly with the issuer of your permit.

If you’re unsure about anything relating to your service, check with your local public lands authority directly, or speak to a lawyer, to discuss and confirm your service complies with local laws including safety, tax, and insurance requirements.

*Airbnb isn’t responsible for the reliability or correctness of the information contained in any links to third party sites (including any links to legislation and regulations). Airbnb also doesn’t have control over the conduct of those who provide a service on Airbnb, and disclaims all liability.

Failure of hosts or co-hosts to satisfy their responsibilities may result in suspension of activity or removal from the Airbnb website.

Did this article help?
Yes
No
Get help with your reservations, account, and more.
Log in or sign up
Site Footer
Support
Help Center
AirCover
Anti-discrimination
Disability support
Cancellation options
Report neighborhood concern
Hosting
Airbnb your home
AirCover for Hosts
Hosting resources
Community forum
Hosting responsibly
Airbnb-friendly apartments
Join a free Hosting class
Find a co‑host
Airbnb
2025 Summer Release
Newsroom
New features
Careers
Investors
Gift cards
Airbnb.org emergency stays
Footer section
© 2025 Airbnb, Inc.·Terms·Sitemap·Privacy·Your Privacy Choices
English (US)
€
EUR | Massage and spa treatment related services: Skip to content
Help Center
– home page
Search
Suggestions will show after typing in the search input. Use the up and down arrows to review. Use enter to select. If the selection is a phrase, that phrase will be submitted to search. If the suggestion is a link, the browser will navigate to that page.
Home
All topics
About hosting
Service categories and guidelines
Massage and spa treatment related services
Rules • Service host
Massage and spa treatment related services

If you are providing a service on Airbnb, it’s important to be familiar with the laws and registration requirements that may apply to your service listing.*

It’s important to note that different countries, states, and cities have different licensing requirements and rules. It’s your responsibility as someone providing a service on Airbnb to make sure you comply with local laws and regulations.

NOTE: If you are unsure about how local laws or this information may apply to you or your services and experiences, check with official sources or seek legal advice.

In this article
Basic principles for any massage or spa treatment related services
If you want to provide massage or spa treatments to guests outside of your salon or studio
Additional things to think about when providing massage or spa treatments
Basic principles for any massage or spa treatment related services

Many countries have certification or licensing requirements for a therapist to provide massage or spa treatment services. Because these services involve close engagement with a guest, it’s pertinent to keep both your health and safety, and your guests’, top of mind. For example, it’s a good idea to:

Familiarize yourself with official sources or seek legal advice to understand the rules that apply to providing massage or spa and wellness related services to a guest
Ask your guests in advance about any preferences or considerations, to ensure their comfort and safety during the service
Certain types of massages and spa services are not permitted, such as:
Medical massages or spa treatments aimed at treatment of specific health conditions diagnosed by a doctor
Massages advertising sexual activity
Use of needles or laser treatments in massage or spa related services
Non-surgical fat reduction treatments
Chemical peels and dermal fillers
If you want to provide massage or spa treatments to guests outside of your salon or studio

If you want to provide massage or spa treatments outside of a salon or studio, (such as in the guest’s home), find out if this triggers additional regulations or requirements under your local laws.

NOTE: Some jurisdictions may prohibit you from providing these types of services outside of a licensed business establishment, or require you to obtain specific outcall permits or permissions to carry out such activities. Check your local city, state, or national (if applicable) requirements for restrictions on where these services may be performed.

Additional things to think about when providing massage or spa treatments

You’ll need to check with your local authorities to be certain you’re meeting all local requirements before you provide a service.

In some jurisdictions, it may be necessary to obtain a general business licence in order to be able to provide spa treatments or massage services to members of the public. Below are some examples (note this is not a comprehensive list):

Check with your local zoning board or planning authority to find out whether any local rules limit the ways in which the property for your service or experience may be used
Find out what tax rules may apply to your activity, and check whether you’re legally required to obtain special insurance cover

If you’re unsure about anything relating to your service, check with your local licensing board directly, or speak to a lawyer, to discuss and confirm your service complies with local laws including health, tax, and insurance requirements.

*Airbnb isn’t responsible for the reliability or correctness of the information contained in any links to third party sites (including any links to legislation and regulations). Airbnb also doesn’t have control over the conduct of those who provide a service on Airbnb, and disclaims all liability.

Failure of hosts or co-hosts to satisfy their responsibilities may result in suspension of activity or removal from the Airbnb website.

Did this article help?
Yes
No
Get help with your reservations, account, and more.
Log in or sign up
Site Footer
Support
Help Center
AirCover
Anti-discrimination
Disability support
Cancellation options
Report neighborhood concern
Hosting
Airbnb your home
AirCover for Hosts
Hosting resources
Community forum
Hosting responsibly
Airbnb-friendly apartments
Join a free Hosting class
Find a co‑host
Airbnb
2025 Summer Release
Newsroom
New features
Careers
Investors
Gift cards
Airbnb.org emergency stays
Footer section
© 2025 Airbnb, Inc.·Terms·Sitemap·Privacy·Your Privacy Choices
English (US)
€
EUR",2025-07-08T11:09:23.641Z,
service-host,About hosting,Service hosting basics,https://www.airbnb.com/help/topic/1659,"Skip to content
Help Center
– home page
Search
Suggestions will show after typing in the search input. Use the up and down arrows to review. Use enter to select. If the selection is a phrase, that phrase will be submitted to search. If the suggestion is a link, the browser will navigate to that page.
Home
All topics
About hosting
Service hosting basics
Service hosting basics
How-to • Service host
Sign up to provide a service on Airbnb
If you want to provide a service on Airbnb, make sure to meet our standards and ground rules before creating a listing. Let’s get started.
Community policy • Experience host
Airbnb Services and Experiences standards and requirements
Find details on the standards and requirements that Airbnb Services and Experiences hosts must meet.
How-to • Host
Airbnb service fees for services and experiences
To ensure we can continue to offer benefits like 24/7 customer support, we charge experience and service hosts a service fee.
Community policy • Home host
Can I choose to only host people of my own gender?
It depends. You may make a listing available to only guests of your gender when you share living spaces with them.
Community policy • Experience host
Host Ground Rules and Hosting Safety for Services and Experiences
Services and experiences must be high quality and safe, and hosts must deliver the service or experience that they promised to guests.
Related topics
Preparing to host a service
Protection and insurance
Service categories and guidelines
Site Footer
Support
Help Center
AirCover
Anti-discrimination
Disability support
Cancellation options
Report neighborhood concern
Hosting
Airbnb your home
AirCover for Hosts
Hosting resources
Community forum
Hosting responsibly
Airbnb-friendly apartments
Join a free Hosting class
Find a co‑host
Airbnb
2025 Summer Release
Newsroom
New features
Careers
Investors
Gift cards
Airbnb.org emergency stays
Footer section
© 2025 Airbnb, Inc.·Terms·Sitemap·Privacy·Your Privacy Choices
English (US)
€
EUR",3,Sign up to provide a service on Airbnb | Airbnb Services and Experiences standards and requirements | Airbnb service fees for services and experiences,"Sign up to provide a service on Airbnb: Skip to content
Help Center
– home page
Search
Suggestions will show after typing in the search input. Use the up and down arrows to review. Use enter to select. If the selection is a phrase, that phrase will be submitted to search. If the suggestion is a link, the browser will navigate to that page.
Home
All topics
About hosting
Service hosting basics
Sign up to provide a service on Airbnb
How-to • Service host
Sign up to provide a service on Airbnb

Ready to provide a service to guests around the world? Exciting! First, you’ll need to create a free account, meet our standards and requirements, and make sure to follow the ground rules before applying. Ready? Log in to Airbnb, and let’s get started.

Create a service listing
Desktop
iOS app
Android app
Mobile browser
Create a service listing on desktop
Click Menu and click Become a host
Click A service and click Next
Choose which service you’ll provide and click Next
Follow the steps to create a service listing
Review requirements and terms and click Next
Click Submit for review
What happens after you submit your service

Once a listing is submitted, it’ll go through a quality review process to make sure it meets our standards, which may take up to 2 weeks. You’ll receive an email confirmation of the status of your listing, which also may include a request for more information. You also may be asked to make changes to your listing before it is approved for publishing.

Complete identity verification

Before you can publish your listing, you must successfully verify your identity. Only hosts who have completed identity verification are eligible to have their listing published.

Host licenses and insurance requirements

Depending on your service and the location where it’s being performed, you may be required to provide proof of valid licenses and insurance. Read more about Airbnb’s licensing and insurance requirements.

Did this article help?
Yes
No
Related articles
How-to • Hostiteľ
Airbnb service fees for services and experiences
To ensure we can continue to offer benefits like 24/7 customer support, we charge experience and service hosts a service fee.
How-to • Hosť
Add a service to your reservation
Airbnb Services connects you with providers who can bring their expertise to your booked home—or to their location.
Rules
Airbnb Service and Experience host licensing and insurance requirements
In order to become an Airbnb Service or Experience host, you must possess valid license(s) and insurance. Hosts may also be required to show proof of licensing and/or insurance as part of their submission.
Get help with your reservations, account, and more.
Log in or sign up
Site Footer
Support
Help Center
AirCover
Anti-discrimination
Disability support
Cancellation options
Report neighborhood concern
Hosting
Airbnb your home
AirCover for Hosts
Hosting resources
Community forum
Hosting responsibly
Airbnb-friendly apartments
Join a free Hosting class
Find a co‑host
Airbnb
2025 Summer Release
Newsroom
New features
Careers
Investors
Gift cards
Airbnb.org emergency stays
Footer section
© 2025 Airbnb, Inc.·Terms·Sitemap·Privacy·Your Privacy Choices
English (US)
€
EUR | Airbnb Services and Experiences standards and requirements: Skip to content
Help Center
– home page
Search
Suggestions will show after typing in the search input. Use the up and down arrows to review. Use enter to select. If the selection is a phrase, that phrase will be submitted to search. If the suggestion is a link, the browser will navigate to that page.
Home
All topics
About hosting
Preparing to host a service
Airbnb Services and Experiences standards and requirements
Community policy • Experience host
Airbnb Services and Experiences standards and requirements

Airbnb Service and Experience hosts, including experience co-hosts who host reservations, are expected to satisfy applicable standards and requirements before their listing is published, and must continue to uphold them after their listing goes live. Airbnb will determine in its sole discretion whether a service or experience meets the standards and requirements, and meeting these requirements is not a guarantee that you will be approved and published.

All hosts and co-hosts must also comply with Airbnb’s Terms of Service, the Additional Terms for Service and Experience Hosts, and Community Policies.

Some types of activities are not permitted on Airbnb and others are subject to restrictions. Learn more about prohibited and restricted activities.

In this article
What is needed before a service or experience listing is published
What is needed after a service or experience listing is published
What is needed before a service or experience listing is published

Services and experiences on Airbnb are vetted and to help ensure they meet our standards. In order to host a service or experience on Airbnb, you and your listing must meet the following criteria and requirements.

Host criteria for services and experiences
Identity verification and background check: Hosts must complete our identity verification process and, where applicable, may be required to complete criminal background checks or other vetting.
License or certification: Hosts must maintain valid licenses, insurance, and certifications as appropriate for the activity. Hosts may be required to provide proof of maintaining these credentials and insurance.
Services: Basic standards
Experience: A minimum of 2 years of experience in the relevant category or 5 years for chefs without a culinary degree.
Reputation: Hosts must maintain a high-quality professional reputation, as reflected in things like outstanding guest feedback, with additional consideration given to awards and features in publications, or other forms of recognition.
Portfolio: A portfolio of photos that highlights the host’s professional experience is needed for photography, chefs, catering, prepared meals, personal trainers, hair styling, makeup, and nails.
Services: Listing standards
Photos: You need to submit at least 5 high-quality color photos, including one photo for each offering, that give clear, realistic ideas of the service you provide. For photographers, we need at least 15 photos from your portfolio. For massage and spa listings, you must use photos Airbnb selects.
Title: Use your title to explain what the service is and who’s providing it.
Expertise: Explain why you’re uniquely qualified to host your service. Be direct, succinct, and specific.
Offerings: You need a minimum of 3 offerings (entry, standard, and premium), per listing. For example, an entry level price may be $50 USD or less for a more express or abbreviated service, a premium offering will be your highest price point, and your standard offering may be right in the middle. Each offering needs its own image, which should be easily understood at a small scale as a thumbnail photo. In the description of each offering, we recommend highlighting specific details like ingredients, techniques, equipment, or materials so that guests know what they’re buying.
Experiences: Basic standards
Knowledge: Host has formal training or other relevant background (examples: education, training or apprenticeship, or family background or heritage).
Activity: The activity is connected to what a city is known for and has ties to the local culture, cuisine, or people. The experience should encourage participation and connection with other guests and the host.
Place: The location for the experience must be safe, clean and comfortable, and must include all of the features needed to properly complete the activity. It should be a type of space that is typically used for this activity, and the size of the space should be appropriate for the size of the group.
Experiences: Listing standards
Photos: You must submit at least 5 high-quality color photos with your submission, and should add more when needed to set clear expectations.
Title: It’s recommended to lead with the experience’s main focus in the title and start with an action like “explore,” “discover,” or “taste.”
Description: Complement the title with language that emphasizes the appeal and helps guests understand what awaits. 
Itinerary: Outline the experience’s different sequenced activities from start to finish, so guests know exactly what they’ll do and can decide whether it’s a good fit for them. Include at least one activity, and up to 5, per listing.
What is needed after a service or experience listing is published

In order to continue to host an experience or service on Airbnb, you and your listing must meet the following criteria and requirements on an ongoing basis:

Hosts are expected to honor booked reservations and communicate with guests in a timely fashion prior to the reservation. If they don’t, the Host Cancellation Policy for services and experiences outlines the fees and other consequences that may apply, and guest refunds will be handled in accordance with the Refund Policy for services and experiences.
Hosts must also maintain safe and high-quality services and experiences. Learn more about Airbnb’s Host Ground Rules and Hosting Safety policies for services and experiences.
Airbnb reviews guest feedback, host cancellations, and reports to customer service about the safety and quality of services and experiences. Actions we may take include issuing warnings, suspending or removing listings, or removing host accounts.
Experience hosts are responsible for ensuring that any co-hosts that host reservations meet these standards and requirements as well.
Trust is the cornerstone of our community, and Airbnb verifies the identity of booking guests. It’s recommended that hosts not mix guests from Airbnb and other platforms on the same instance of an experience.
If a host chooses to have an onsite assistant perform support functions during the activity, the host must provide advance notice to guests as detailed in Airbnb’s Host Ground Rules and Hosting Safety policies.

Keep in mind that if you make significant changes to your listing (examples: to location or offerings) after it’s published, it will be vetted again.

Did this article help?
Yes
No
Related articles
Legal terms
Additional Terms for Service and Experience Hosts
Please review our Additional Terms for Service and Experience Hosts.
How-to
Food safety guidelines for Airbnb Services and Experiences
Hosts must keep things clean, separate raw and cooked foods, cook food thoroughly, keep food at safe temperatures, use safe water, and offer quality ingredients.
Rules
Tyrol
If you're thinking about becoming an Airbnb Host, here's some information to help you understand the laws in your city
Get help with your reservations, account, and more.
Log in or sign up
Site Footer
Support
Help Center
AirCover
Anti-discrimination
Disability support
Cancellation options
Report neighborhood concern
Hosting
Airbnb your home
AirCover for Hosts
Hosting resources
Community forum
Hosting responsibly
Airbnb-friendly apartments
Join a free Hosting class
Find a co‑host
Airbnb
2025 Summer Release
Newsroom
New features
Careers
Investors
Gift cards
Airbnb.org emergency stays
Footer section
© 2025 Airbnb, Inc.·Terms·Sitemap·Privacy·Your Privacy Choices
English (US)
€
EUR | Airbnb service fees for services and experiences: Skip to content
Help Center
– home page
Search
Suggestions will show after typing in the search input. Use the up and down arrows to review. Use enter to select. If the selection is a phrase, that phrase will be submitted to search. If the suggestion is a link, the browser will navigate to that page.
Home
All topics
About hosting
Experience hosting basics
Airbnb service fees for services and experiences
How-to • Host
Airbnb service fees for services and experiences

To ensure we can continue to offer benefits like 24/7 customer support we charge experience and service hosts a service fee. 

For services, we typically charge a hosts 15% fee, with a minimum fee of $6 USD (or the local currency equivalent), which may vary based on the daily exchange rate. For experiences we typically charge hosts a 20% service fee. This is based on the price of the service or experience and it's automatically deducted from your payout.


Did this article help?
Yes
No
Related articles
How-to • Experience host
Pause your experience
Discover how to pause experiences from your listings tab.
Rules • Experience host
Taxes that Airbnb experience or service hosts may be subject to in the United States
Learn about some of the laws and registration requirements that may apply to your experiences or services on Airbnb in the United States.
How-to • Experience host
Setting a price for your Airbnb Experience
As the host, you set the price for your experience. You can change it for upcoming dates that no one has reserved yet, or offer a customized price.
Get help with your reservations, account, and more.
Log in or sign up
Site Footer
Support
Help Center
AirCover
Anti-discrimination
Disability support
Cancellation options
Report neighborhood concern
Hosting
Airbnb your home
AirCover for Hosts
Hosting resources
Community forum
Hosting responsibly
Airbnb-friendly apartments
Join a free Hosting class
Find a co‑host
Airbnb
2025 Summer Release
Newsroom
New features
Careers
Investors
Gift cards
Airbnb.org emergency stays
Footer section
© 2025 Airbnb, Inc.·Terms·Sitemap·Privacy·Your Privacy Choices
English (US)
€
EUR",2025-07-08T11:09:42.586Z,
service-host,About hosting,Preparing to host a service,https://www.airbnb.com/help/topic/1673,"Skip to content
Help Center
– home page
Search
Suggestions will show after typing in the search input. Use the up and down arrows to review. Use enter to select. If the selection is a phrase, that phrase will be submitted to search. If the suggestion is a link, the browser will navigate to that page.
Home
All topics
About hosting
Preparing to host a service
Preparing to host a service
Community policy • Experience host
Airbnb Services and Experiences standards and requirements
Find details on the standards and requirements that Airbnb Services and Experiences hosts must meet.
How-to • Experience host
Age guidelines for Airbnb services and experiences
If it's a strenuous activity, has adult content, or it’s at a venue with age restrictions, it’s not appropriate for children.
How-to • Home host
Guest contracts
If you require guests to sign a contract, you must disclose the actual contract terms to them prior to booking.
Community policy • Host
Expectations for services and experiences involving cosmetic and wellness activities
Cosmetic and wellness activities include activities such as massages, manicure/pedicure services, hairstyling, fitness classes, yoga, hikes, and sports.
Community policy • Host
Expectations for services and experiences involving food and alcohol
Hosts are responsible for ensuring they provide safe and high-quality services and experiences involving food and alcohol.
Community policy • Host
Expectations for services and experiences involving family activities
Hosts are responsible for ensuring they provide safe and high-quality services and experiences to families, including children.
Community policy • Host
Expectations for services and experiences involving animal activities
Hosts are responsible for ensuring they provide safe and high-quality services and experiences involving animals.
Rules • Host
How Airbnb vets services and experiences
Service and experience listings on Airbnb are vetted to help guests book with confidence. This may include verifying identity, reviewing license documents when required, and assessing qualifications of hosts (including co-hosts).
Rules • Guest
How Airbnb Services and Experiences are vetted for quality
Services and experiences on Airbnb are vetted for quality to help guests book with confidence.
Related topics
Preparing to host a stay
Preparing to host an experience
Ways to host
Airbnb Luxe
Protection and insurance
Airbnb Plus
Airbnb.org
Experience guidelines and requirements
Hosting regulations and standards
Site Footer
Support
Help Center
AirCover
Anti-discrimination
Disability support
Cancellation options
Report neighborhood concern
Hosting
Airbnb your home
AirCover for Hosts
Hosting resources
Community forum
Hosting responsibly
Airbnb-friendly apartments
Join a free Hosting class
Find a co‑host
Airbnb
2025 Summer Release
Newsroom
New features
Careers
Investors
Gift cards
Airbnb.org emergency stays
Footer section
© 2025 Airbnb, Inc.·Terms·Sitemap·Privacy·Your Privacy Choices
English (US)
€
EUR",3,Airbnb Services and Experiences standards and requirements | Age guidelines for Airbnb services and experiences | Guest contracts,"Airbnb Services and Experiences standards and requirements: Skip to content
Help Center
– home page
Search
Suggestions will show after typing in the search input. Use the up and down arrows to review. Use enter to select. If the selection is a phrase, that phrase will be submitted to search. If the suggestion is a link, the browser will navigate to that page.
Home
All topics
About hosting
Preparing to host a service
Airbnb Services and Experiences standards and requirements
Community policy • Experience host
Airbnb Services and Experiences standards and requirements

Airbnb Service and Experience hosts, including experience co-hosts who host reservations, are expected to satisfy applicable standards and requirements before their listing is published, and must continue to uphold them after their listing goes live. Airbnb will determine in its sole discretion whether a service or experience meets the standards and requirements, and meeting these requirements is not a guarantee that you will be approved and published.

All hosts and co-hosts must also comply with Airbnb’s Terms of Service, the Additional Terms for Service and Experience Hosts, and Community Policies.

Some types of activities are not permitted on Airbnb and others are subject to restrictions. Learn more about prohibited and restricted activities.

In this article
What is needed before a service or experience listing is published
What is needed after a service or experience listing is published
What is needed before a service or experience listing is published

Services and experiences on Airbnb are vetted and to help ensure they meet our standards. In order to host a service or experience on Airbnb, you and your listing must meet the following criteria and requirements.

Host criteria for services and experiences
Identity verification and background check: Hosts must complete our identity verification process and, where applicable, may be required to complete criminal background checks or other vetting.
License or certification: Hosts must maintain valid licenses, insurance, and certifications as appropriate for the activity. Hosts may be required to provide proof of maintaining these credentials and insurance.
Services: Basic standards
Experience: A minimum of 2 years of experience in the relevant category or 5 years for chefs without a culinary degree.
Reputation: Hosts must maintain a high-quality professional reputation, as reflected in things like outstanding guest feedback, with additional consideration given to awards and features in publications, or other forms of recognition.
Portfolio: A portfolio of photos that highlights the host’s professional experience is needed for photography, chefs, catering, prepared meals, personal trainers, hair styling, makeup, and nails.
Services: Listing standards
Photos: You need to submit at least 5 high-quality color photos, including one photo for each offering, that give clear, realistic ideas of the service you provide. For photographers, we need at least 15 photos from your portfolio. For massage and spa listings, you must use photos Airbnb selects.
Title: Use your title to explain what the service is and who’s providing it.
Expertise: Explain why you’re uniquely qualified to host your service. Be direct, succinct, and specific.
Offerings: You need a minimum of 3 offerings (entry, standard, and premium), per listing. For example, an entry level price may be $50 USD or less for a more express or abbreviated service, a premium offering will be your highest price point, and your standard offering may be right in the middle. Each offering needs its own image, which should be easily understood at a small scale as a thumbnail photo. In the description of each offering, we recommend highlighting specific details like ingredients, techniques, equipment, or materials so that guests know what they’re buying.
Experiences: Basic standards
Knowledge: Host has formal training or other relevant background (examples: education, training or apprenticeship, or family background or heritage).
Activity: The activity is connected to what a city is known for and has ties to the local culture, cuisine, or people. The experience should encourage participation and connection with other guests and the host.
Place: The location for the experience must be safe, clean and comfortable, and must include all of the features needed to properly complete the activity. It should be a type of space that is typically used for this activity, and the size of the space should be appropriate for the size of the group.
Experiences: Listing standards
Photos: You must submit at least 5 high-quality color photos with your submission, and should add more when needed to set clear expectations.
Title: It’s recommended to lead with the experience’s main focus in the title and start with an action like “explore,” “discover,” or “taste.”
Description: Complement the title with language that emphasizes the appeal and helps guests understand what awaits. 
Itinerary: Outline the experience’s different sequenced activities from start to finish, so guests know exactly what they’ll do and can decide whether it’s a good fit for them. Include at least one activity, and up to 5, per listing.
What is needed after a service or experience listing is published

In order to continue to host an experience or service on Airbnb, you and your listing must meet the following criteria and requirements on an ongoing basis:

Hosts are expected to honor booked reservations and communicate with guests in a timely fashion prior to the reservation. If they don’t, the Host Cancellation Policy for services and experiences outlines the fees and other consequences that may apply, and guest refunds will be handled in accordance with the Refund Policy for services and experiences.
Hosts must also maintain safe and high-quality services and experiences. Learn more about Airbnb’s Host Ground Rules and Hosting Safety policies for services and experiences.
Airbnb reviews guest feedback, host cancellations, and reports to customer service about the safety and quality of services and experiences. Actions we may take include issuing warnings, suspending or removing listings, or removing host accounts.
Experience hosts are responsible for ensuring that any co-hosts that host reservations meet these standards and requirements as well.
Trust is the cornerstone of our community, and Airbnb verifies the identity of booking guests. It’s recommended that hosts not mix guests from Airbnb and other platforms on the same instance of an experience.
If a host chooses to have an onsite assistant perform support functions during the activity, the host must provide advance notice to guests as detailed in Airbnb’s Host Ground Rules and Hosting Safety policies.

Keep in mind that if you make significant changes to your listing (examples: to location or offerings) after it’s published, it will be vetted again.

Did this article help?
Yes
No
Related articles
Legal terms
Additional Terms for Service and Experience Hosts
Please review our Additional Terms for Service and Experience Hosts.
How-to
Food safety guidelines for Airbnb Services and Experiences
Hosts must keep things clean, separate raw and cooked foods, cook food thoroughly, keep food at safe temperatures, use safe water, and offer quality ingredients.
Rules
Tyrol
If you're thinking about becoming an Airbnb Host, here's some information to help you understand the laws in your city
Get help with your reservations, account, and more.
Log in or sign up
Site Footer
Support
Help Center
AirCover
Anti-discrimination
Disability support
Cancellation options
Report neighborhood concern
Hosting
Airbnb your home
AirCover for Hosts
Hosting resources
Community forum
Hosting responsibly
Airbnb-friendly apartments
Join a free Hosting class
Find a co‑host
Airbnb
2025 Summer Release
Newsroom
New features
Careers
Investors
Gift cards
Airbnb.org emergency stays
Footer section
© 2025 Airbnb, Inc.·Terms·Sitemap·Privacy·Your Privacy Choices
English (US)
€
EUR | Age guidelines for Airbnb services and experiences: Skip to content
Help Center
– home page
Search
Suggestions will show after typing in the search input. Use the up and down arrows to review. Use enter to select. If the selection is a phrase, that phrase will be submitted to search. If the suggestion is a link, the browser will navigate to that page.
Home
All topics
About hosting
Preparing to host a service
Age guidelines for Airbnb services and experiences
How-to • Experience host
Age guidelines for Airbnb services and experiences

For experiences, hosts are allowed to set age minimums, up to 21 or as required by applicable law or regulation, as long as those requirements are universally applied to all guests and not applied after booking

For services, hosts are allowed to set age minimums in their listing description, up to 18 or as required by applicable law or regulation, as long as those requirements are universally applied to all guests and not applied after booking

Here are some questions to consider when deciding whether to set an age restriction:

Is the age restriction consistent with applicable law?
Will younger guests be able to physically participate?
Is there any adult content presented by you or someone else, such as swearing or sexual references?
Will you be going to a venue that has age restrictions?
Will you or anyone else be serving alcohol?

For more information about how to host a safe and high quality service or experience involving family activities, see our expectations for services and experiences involving family activities.

Edit the age requirement for your service or experience
Desktop
iOS app
Android app
Mobile browser
Edit the age requirement on desktop
Click Listings and select the listing you want to edit
Under Listing editor, click Guest requirements
Click Minimum age and make your selection
Click Save

For experiences that allow guests under 18: Although only people 18 or over can make reservations, a child’s parent or legal guardian can book additional spots for children who meet your minimum age requirement. If guests book an experience on behalf of a minor, they represent that they are the legal guardian of that minor.

Services may only be booked by guests who are 18 or over.

Some hosts choose to allow children under the age of 2 to be present free of cost. That option is up to your discretion

Communicate ahead of time

Did a guest just book your Experience for their family? Help them plan by messaging them with considerations and tips to help the younger travelers enjoy the activity.


Did this article help?
Yes
No
Related articles
Community policy • Guest
Age requirements
You must be at least 18 to book a reservation or host your place on Airbnb.
Rules • Home host
Is placing restrictions based on a guest's age or familial status prohibited by law?
Housing laws are complex and are applied differently in many cases. You can read Airbnb's Nondiscrimination Policy and consult an attorney for advice.
How-to • Experience host
Can I set requirements for guests to attend my experience?
You can set details like required age, certification, and skill levels.
Get help with your reservations, account, and more.
Log in or sign up
Site Footer
Support
Help Center
AirCover
Anti-discrimination
Disability support
Cancellation options
Report neighborhood concern
Hosting
Airbnb your home
AirCover for Hosts
Hosting resources
Community forum
Hosting responsibly
Airbnb-friendly apartments
Join a free Hosting class
Find a co‑host
Airbnb
2025 Summer Release
Newsroom
New features
Careers
Investors
Gift cards
Airbnb.org emergency stays
Footer section
© 2025 Airbnb, Inc.·Terms·Sitemap·Privacy·Your Privacy Choices
English (US)
€
EUR | Guest contracts: Skip to content
Help Center
– home page
Search
Suggestions will show after typing in the search input. Use the up and down arrows to review. Use enter to select. If the selection is a phrase, that phrase will be submitted to search. If the suggestion is a link, the browser will navigate to that page.
Home
All topics
About hosting
Preparing to host a service
Guest contracts
How-to • Home host
Guest contracts

As a host, you can ask guests to sign a contract before staying at your place or booking a service or experience. However, you must disclose the actual contract terms in your listing description. In addition, you must include the full terms in your message thread with the guest.

If you fail to disclose the actual terms of the contract prior to booking, a guest can decline to sign it after making a booking request and ask you to cancel the reservation for a full refund. Keep in mind, Airbnb can’t help enforce any special policies in your contract.

Did this article help?
Yes
No
Related articles
How-to • Guest
If a host asks you to sign a contract
Some hosts require a rental agreement to secure a reservation but they must disclose this requirement and its terms prior to booking.
Legal terms
Airbnb Luxe Guest Booking Agreement
Please read our Airbnb Luxe Guest Booking Agreement.
Legal terms
Hotel Supplier Terms of Service
Please read our Hotel Supplier Terms of Service.
Get help with your reservations, account, and more.
Log in or sign up
Site Footer
Support
Help Center
AirCover
Anti-discrimination
Disability support
Cancellation options
Report neighborhood concern
Hosting
Airbnb your home
AirCover for Hosts
Hosting resources
Community forum
Hosting responsibly
Airbnb-friendly apartments
Join a free Hosting class
Find a co‑host
Airbnb
2025 Summer Release
Newsroom
New features
Careers
Investors
Gift cards
Airbnb.org emergency stays
Footer section
© 2025 Airbnb, Inc.·Terms·Sitemap·Privacy·Your Privacy Choices
English (US)
€
EUR",2025-07-08T11:10:01.542Z,
service-host,About hosting,Protection and insurance,https://www.airbnb.com/help/topic/1676,"Skip to content
Help Center
– home page
Search
Suggestions will show after typing in the search input. Use the up and down arrows to review. Use enter to select. If the selection is a phrase, that phrase will be submitted to search. If the suggestion is a link, the browser will navigate to that page.
Home
All topics
About hosting
Protection and insurance
Protection and insurance
Guide • Home host
Getting protected through AirCover for Hosts
AirCover for Hosts is top-to-bottom protection for Airbnb Hosts.
How-to • Experience host
Experiences & Services liability insurance
Experiences & Services liability insurance is a key component of AirCover for hosts, which is top-to-bottom protection for Airbnb hosts.
How-to
How the Resolution Center helps you
The Resolution Center lets you request or send money for things related to your home stay, service, or experience.
Rules
Airbnb Service and Experience host licensing and insurance requirements
In order to become an Airbnb Service or Experience host, you must possess valid license(s) and insurance. Hosts may also be required to show proof of licensing and/or insurance as part of their submission.
Legal terms • Experience host
Experiences & Services Liability Insurance Program Summary
Details on this key component of AirCover for hosts, which is top-to-bottom protection for Airbnb hosts.
Related topics
Service hosting basics
Preparing to host a service
Service categories and guidelines
Site Footer
Support
Help Center
AirCover
Anti-discrimination
Disability support
Cancellation options
Report neighborhood concern
Hosting
Airbnb your home
AirCover for Hosts
Hosting resources
Community forum
Hosting responsibly
Airbnb-friendly apartments
Join a free Hosting class
Find a co‑host
Airbnb
2025 Summer Release
Newsroom
New features
Careers
Investors
Gift cards
Airbnb.org emergency stays
Footer section
© 2025 Airbnb, Inc.·Terms·Sitemap·Privacy·Your Privacy Choices
English (US)
€
EUR",3,Getting protected through AirCover for Hosts | Experiences & Services liability insurance | How the Resolution Center helps you,"Getting protected through AirCover for Hosts: Skip to content
Help Center
– home page
Search
Suggestions will show after typing in the search input. Use the up and down arrows to review. Use enter to select. If the selection is a phrase, that phrase will be submitted to search. If the suggestion is a link, the browser will navigate to that page.
Home
All topics
About hosting
Protection and insurance
Getting protected through AirCover for Hosts
Guide • Home host
Getting protected through AirCover for Hosts

Sometimes accidents happen, which is why there’s AirCover for Hosts.

AirCover for Hosts is top-to-bottom protection for Hosts. It includes guest identity verification, reservation screening, $3M Host damage protection, $1M Host liability insurance, and a 24-hour safety line. It also includes $1M Experiences & Services liability insurance.

Requesting reimbursement


Damage protection covers you if a guest damages your place or belongings during an Airbnb stay. You’re reimbursed for certain damages a guest causes to your home or belongings if they don’t pay for the repairs needed. Damage protection also covers for the cost of specialized cleaning services in certain cases, like removing stains left by guests (or their invitees) or pet accidents, or for removing smoke odor.

Start a reimbursement request

Host liability insurance protects you in the unlikely event that you’re found legally responsible for a guest being hurt or their property being damaged or stolen during an Airbnb stay at your place.

Start a liability claim

AirCover for Hosts programs

Host damage protection
Get details about what’s eligible and how to request reimbursement.

Host liability insurance
Learn what’s covered and how to file a claim if a guest gets hurt during a stay.

Experiences & Services liability insurance
Learn what’s covered and how to file a claim if a guest gets hurt during an Experience or Service.

AirCover for Hosts and your personal insurance

While AirCover for Hosts protects you while you’re hosting an Airbnb stay, Experience, or Service, it’s not a substitute for personal insurance. You may also be required by law to maintain certain auto insurance, which would not be satisfied by AirCover for Hosts. Since everyone’s situation is different you should talk to your insurer to see how, or if, your policy overlaps with AirCover for Hosts.


Host damage protection, Host liability insurance, and Experiences & Services liability insurance don’t cover Hosts who offer stays through Airbnb Travel, LLC, or Hosts who offer stays or Experiences in Japan—where, Japan Host Insurance, and Japan Experience Protection Insurance apply. Host damage protection isn’t related to Host liability insurance. For Hosts who offered stays or experiences in mainland China, the China Host Protection Plan applies. For Hosts whose country of residence or establishment is outside of Australia, these Host Damage Protection Terms apply. For Hosts whose country of residence or establishment is within Australia, Host damage protection is subject to the Host Damage Protection Terms for Australian Users. For listings in Washington state, Airbnb’s contractual obligations under Host damage protection are covered by an insurance policy purchased by Airbnb. Keep in mind that all coverage limits are shown in USD.

Host liability insurance and Experiences & Services liability insurance are underwritten by third party insurers. If you’re hosting in the UK, the Host liability insurance policy and Experiences & Services liability insurance policy are underwritten by Zurich Insurance Company Ltd. and are arranged and concluded at no additional cost for UK Hosts by Airbnb UK Services Limited – an appointed representative of Aon UK Limited, authorized and regulated by the Financial Conduct Authority. Aon’s FCA register number is 310451. You can check this on the Financial Services Register by visiting the FCA’s website or contacting the FCA on 0800 111 6768. The Host liability and Experiences & Services liability policies within Aircover for Hosts are regulated by the Financial Conduct Authority; the remaining products and services are not regulated products arranged by Airbnb UK Services Limited. FP.AFF.418.LC

In the EU, these policies have been arranged and concluded at no additional cost for the benefit of EU Hosts by Airbnb Marketing Services SLU, an external collaborator of Aon Iberia Correduría de Seguros y Reaseguros, SAU, which is authorised and regulated by Autoridad de Control de la Dirección General de Seguros y Fondos de Pensiones, registered by the serial number of J0170. Aon Iberia Correduría de Seguros y Reaseguros SAU is acting as intermediary for the EU, participating in the distribution of insurance in EU countries under the freedom of services regime to provide services under the Spanish Insurance Distribution Law, the Insurance Distribution Directive, and other legal or regulatory provisions. Without prejudice to the authority of the Host country where insurance distribution services are provided, the member state responsible for the supervision of Aon is the Kingdom of Spain and the Supervisory Authority, the General Directorate of Insurance and Pension Funds, at Paseo de la Castellana 44, 28046 – Madrid.

Did this article help?
Yes
No
Related articles
How-to • Home host
Host damage protection
Host damage protection, a part of AirCover for Hosts, provides Hosts with $3 million in coverage in the rare event your place or belongings are damaged by a guest during an Airbnb stay.
How-to • Host
Host liability insurance
Host liability insurance is a key component of AirCover for hosts, which is top-to-bottom protection for Airbnb hosts.
Legal terms
Host Damage Protection Terms
Please review our Host Damage Protection Terms.
Get help with your reservations, account, and more.
Log in or sign up
Site Footer
Support
Help Center
AirCover
Anti-discrimination
Disability support
Cancellation options
Report neighborhood concern
Hosting
Airbnb your home
AirCover for Hosts
Hosting resources
Community forum
Hosting responsibly
Airbnb-friendly apartments
Join a free Hosting class
Find a co‑host
Airbnb
2025 Summer Release
Newsroom
New features
Careers
Investors
Gift cards
Airbnb.org emergency stays
Footer section
© 2025 Airbnb, Inc.·Terms·Sitemap·Privacy·Your Privacy Choices
English (US)
€
EUR | Experiences & Services liability insurance: Skip to content
Help Center
– home page
Search
Suggestions will show after typing in the search input. Use the up and down arrows to review. Use enter to select. If the selection is a phrase, that phrase will be submitted to search. If the suggestion is a link, the browser will navigate to that page.
Home
All topics
About hosting
Protection and insurance
Experiences & Services liability insurance
How-to • Experience host
Experiences & Services liability insurance

Experiences & Services liability insurance (“ELI Program”), a part of AirCover for Hosts, provides Hosts with $1 million in coverage in the rare event you are found legally responsible for a guest getting hurt or their belongings being damaged or stolen during an Airbnb Experience or Service. People who help you host, like Co-Hosts, are also included, so you can feel confident hosting on Airbnb.

Airbnb requires that all Experience and Service Hosts maintain liability insurance appropriate for their business. Based on the type of Experience or Service you want to host, you may be required to provide proof of licensure and/or insurance as part of the submission process. When insurance maintained by an Experience or Service Host applies to a claim, the ELI Program provides coverage to the extent the claim exceeds the Experience or Service Host’s insurance limits.

To learn more about Experiences & Services liability insurance, go to the comprehensive program summary.

Start a liability claim

File a claim if a guest gets hurt or their belongings are damaged or stolen.

Go to intake form

What's covered

Experiences & Services liability insurance covers you if you’re found legally responsible for:

Bodily injury to a guest (or others)
Damage to or theft of property belonging to a guest (or others)

The incident must arise out of the booking of an Airbnb Experience or Service through the Airbnb platform and occur during the Experience or Service, or while you’re preparing for or cleaning up after your Experience or Service, not to exceed a 24 hour period.

Experiences & Services liability insurance doesn't cover:

Damage or injury to a guest resulting from something done intentionally
Damage, loss, or theft to your personal property
Experiences involving aircraft or certain types of extreme activities (like bungee jumping)
Online-related risks such as defamation, theft of electronic data, or infringement of intellectual property rights
Other exclusions apply
The claims process

If you need to file a claim, just fill out our liability insurance intake form. The info will be sent to our trusted third-party insurer, who will assign your claim to a representative. They’ll resolve your claim according to the terms of the insurance policy.

No opt-in required


AirCover for Hosts and its benefits are always included and always free. By simply agreeing to host or continuing to host an Experience or Service, you are automatically covered whenever you host an Airbnb Experience or Service.

If you want to opt out


Email us from the email address associated with your Host account. Be sure to include the exact title of your listing, your full name, and the phone number associated with your Host account.

The email link above is only for opting out.

Please note that Hosts in the UK can’t opt out of this free liability insurance.

To learn more about Experiences liability insurance, go to the comprehensive program summary.

Disclaimer: Experiences & Services liability insurance doesn’t cover Hosts who offer experiences in Japan. For Hosts who offered experiences in mainland China, the China Host Protection Plan applies. Keep in mind that all coverage limits are shown in USD, and that there are other terms, conditions, and exclusions. If you’re hosting in the UK, the Experiences & Services liability insurance policy is underwritten by Zurich Insurance Company Ltd., and is arranged and concluded at no additional cost for UK Hosts by Airbnb UK Services Limited—an appointed representative of Aon UK Limited, authorized and regulated by the Financial Conduct Authority. Aon’s FCA register number is 310451. You can check this on the Financial Services Register by visiting the FCA’s website or contacting the FCA on 0800 111 6768. FP.AFF.416.LC If you’re hosting in the EU, you can access the full details of the insurance intermediary here.
Note: This article is part of Getting protected through AirCover for Hosts, a guide about damage and liability coverage.
Did this article help?
Yes
No
Related articles
Legal terms • Host
Host Liability Insurance Program Summary
Details on this key component of AirCover for hosts, which is top-to-bottom protection for Airbnb hosts.
How-to • Host
Host liability insurance
Host liability insurance is a key component of AirCover for hosts, which is top-to-bottom protection for Airbnb hosts.
Community policy • Experience host
Airbnb Services and Experiences standards and requirements
Find details on the standards and requirements that Airbnb Services and Experiences hosts must meet.
Get help with your reservations, account, and more.
Log in or sign up
Site Footer
Support
Help Center
AirCover
Anti-discrimination
Disability support
Cancellation options
Report neighborhood concern
Hosting
Airbnb your home
AirCover for Hosts
Hosting resources
Community forum
Hosting responsibly
Airbnb-friendly apartments
Join a free Hosting class
Find a co‑host
Airbnb
2025 Summer Release
Newsroom
New features
Careers
Investors
Gift cards
Airbnb.org emergency stays
Footer section
© 2025 Airbnb, Inc.·Terms·Sitemap·Privacy·Your Privacy Choices
English (US)
€
EUR | How the Resolution Center helps you: Skip to content
Help Center
– home page
Search
Suggestions will show after typing in the search input. Use the up and down arrows to review. Use enter to select. If the selection is a phrase, that phrase will be submitted to search. If the suggestion is a link, the browser will navigate to that page.
Home
All topics
About hosting
Protection and insurance
How the Resolution Center helps you
How-to
How the Resolution Center helps you

Need to send or request money for things related to your home stay, service, or experience? No problem! Go to the Resolution Center to open a refund or payment request.

In this article
Sending or requesting money in the Resolution Center
What you can use the Resolution Center for
What the Resolution Center can’t be used for
Where to find your Resolution Center requests
If a host and guest can't reach an agreement
Getting reimbursed for damage
Sending or requesting money in the Resolution Center

You may need to add a payment method before sending or requesting money through the Resolution Center.

You have up to 60 days after your reservation’s checkout date or the end of the service or experience to submit a Resolution Center request.

What you can use the Resolution Center for

Refunds

Refunds agreed upon by both host and guests
Requests from guests for refunds

Optional fees

For example:

Host offering paid transportation service to their home, business, or experience location 
Guest access to elected amenities or upgrades

Security deposits

Security deposits can only be charged by select software-connected hosts and must be properly disclosed in the appropriate fee field, so that it is disclosed to guests at checkout.
What the Resolution Center can’t be used for

Reservation alteration

You can’t use the Resolution Center to collect payment for additional costs or provide refunds for modifications to nights, guest count, or pet count. You must use Change reservation for reservation alterations.

Mandatory fees and security deposits

All mandatory fees must be disclosed in the appropriate fee field or in the nightly price if there is no applicable fee field. Including these fees in the listing description at the time of booking is insufficient. Limited exceptions exist:

Select software-connected hosts may collect payment for disclosed mandatory fees and security deposits separately in the Resolution Center. These mandatory fees include:
Utilities (water, heat, electricity, air conditioning)
Resort fees
Linen fees
Management fees
HOA fees
Cleaning fees
Security deposits

In locations where Airbnb does not collect taxes or where hosts are legally required to collect them directly from guests, hosts must disclose taxes in the listing description.

Hotel stays

The Resolution Center may not be available for use with some hotel stays. Hotels may also collect payment off of the Airbnb platform for optional fees (ex: parking) where it is in the course of normal business practices.

Where to find your Resolution Center requests

If a host or guest requests money for extra services or a refund, you’ll find their request in your email associated with your Airbnb account or in the Resolution Center.

If a host and guest can't reach an agreement

Every now and then, hosts and guests aren’t able to make it work. If you haven’t come to an agreement, you’ll see the option to ask Airbnb to help you mediate.

Issues must be reported to Airbnb within 72 hours of discovery to be eligible under our rebooking and refund policy for homes or our refund policy for services and experiences. From there, a dedicated team member will review the info provided by everyone and ask questions (if necessary) before making a final decision.

Getting reimbursed for damage

Sometimes accidents happen, which is why there’s AirCover for Hosts. 

AirCover for Hosts is top-to-bottom protection for hosts. It includes $3 million in Host damage protection, in addition to $1 million liability insurance, guest identity verification, reservation screening and a 24-hour safety line. It’s always included and always free whenever you host.

If a guest causes damage to your place or belongings during an Airbnb stay, you can file a reimbursement request through our Resolution Centre. You’re reimbursed for certain damage caused by guests to your home and belongings if the guest does not pay for the damage. Learn about the process.

Host damage protection isn’t an insurance policy. Host damage protection and Experiences & Services liability insurance don’t cover Hosts who offer stays through Airbnb Travel, LLC or Hosts who offer Stays or Experiences in Japan – where Japan Host Insurance and Japan Experience Protection Insurance apply. For listings in Washington state, Airbnb’s contractual obligations under Host damage protection are covered by an insurance policy purchased by Airbnb. For hosts whose country of residence or establishment is outside of Australia, these Host Damage Protection Terms apply. For Hosts whose country of residence or establishment is within Australia, Host damage protection is subject to the Host Damage Protection Terms for Australian Users. Keep in mind that all coverage limits are shown in USD.

Host liability insurance and Experiences & Services liability insurance are underwritten by third-party insurers. If you’re hosting in the UK, the Host liability insurance policy and Experiences & Services liability insurance policy are underwritten by Zurich Insurance Company Ltd and are arranged and concluded at no additional cost for UK Hosts by Airbnb UK Services Limited – an appointed representative of Aon UK Limited, authorised and regulated by the Financial Conduct Authority. Aon’s FCA register number is 310451. You can check this on the Financial Services Register by visiting the FCA’s website or contacting the FCA on 0800 111 6768. The Host liability and Experiences & Services liability policies within AirCover for Hosts are regulated by the Financial Conduct Authority; the remaining products and services are not regulated products arranged by Airbnb UK Services Limited. FP.AFF.476.LC

In the EU, these policies have been arranged and concluded at no additional cost for the benefit of EU Hosts by Airbnb Marketing Services SLU, an external collaborator of Aon Iberia Correduría de Seguros y Reaseguros, SAU, which is authorised and regulated by Autoridad de Control de la Dirección General de Seguros y Fondos de Pensiones, registered by the serial number of J0170. Aon Iberia Correduría de Seguros y Reaseguros SAU is acting as intermediary for the EU, participating in the distribution of insurance in EU countries under the freedom of services regime to provide services under the Spanish Insurance Distribution Law, the Insurance Distribution Directive, and other legal or regulatory provisions. Without prejudice to the authority of the Host country where insurance distribution services are provided, the member state responsible for the supervision of Aon is the Kingdom of Spain and the Supervisory Authority, the General Directorate of Insurance and Pension Funds, at Paseo de la Castellana 44, 28046 – Madrid.

Did this article help?
Yes
No
Related articles
How-to • Επισκέπτης
If a host asks for more money
All pricing information is included when you book a home, service, or experience—but there are a few situations where you may owe more after paying.
Guide • Guest
Help with post-trip issues
Your trip is over, but there are a few things to wrap up (maybe you left something at the place, or your Host charged you for something extra).
How-to • Guest
After your trip: Handling disagreements
If your disagreement is money-related, you can use our Resolution Center to request or send money for things related to your Airbnb trip.
Get help with your reservations, account, and more.
Log in or sign up
Site Footer
Support
Help Center
AirCover
Anti-discrimination
Disability support
Cancellation options
Report neighborhood concern
Hosting
Airbnb your home
AirCover for Hosts
Hosting resources
Community forum
Hosting responsibly
Airbnb-friendly apartments
Join a free Hosting class
Find a co‑host
Airbnb
2025 Summer Release
Newsroom
New features
Careers
Investors
Gift cards
Airbnb.org emergency stays
Footer section
© 2025 Airbnb, Inc.·Terms·Sitemap·Privacy·Your Privacy Choices
English (US)
€
EUR",2025-07-08T11:10:20.384Z,
service-host,About hosting,Service categories and guidelines,https://www.airbnb.com/help/topic/1677,"Skip to content
Help Center
– home page
Search
Suggestions will show after typing in the search input. Use the up and down arrows to review. Use enter to select. If the selection is a phrase, that phrase will be submitted to search. If the suggestion is a link, the browser will navigate to that page.
Home
All topics
About hosting
Service categories and guidelines
Service categories and guidelines
Rules • Service host
Beauty-related services
When you provide a beauty service on Airbnb, it’s important to familiarize yourself with the local laws and registration requirements.
Rules • Service host
Photography-related services
When you provide a photography service on Airbnb, it’s important to familiarize yourself with the local laws and registration requirements.
Rules • Service host
Massage and spa treatment related services
When you provide a massage or spa treatment service on Airbnb, it’s important to familiarize yourself with the local laws and registration requirements.
Rules • Service host
Personal training-related services
When you provide a fitness or personal training service on Airbnb, it’s important to familiarize yourself with the local laws and registration requirements.
Related topics
Service hosting basics
Preparing to host a service
Protection and insurance
Site Footer
Support
Help Center
AirCover
Anti-discrimination
Disability support
Cancellation options
Report neighborhood concern
Hosting
Airbnb your home
AirCover for Hosts
Hosting resources
Community forum
Hosting responsibly
Airbnb-friendly apartments
Join a free Hosting class
Find a co‑host
Airbnb
2025 Summer Release
Newsroom
New features
Careers
Investors
Gift cards
Airbnb.org emergency stays
Footer section
© 2025 Airbnb, Inc.·Terms·Sitemap·Privacy·Your Privacy Choices
English (US)
€
EUR",3,Beauty-related services | Photography-related services | Massage and spa treatment related services,"Beauty-related services: Skip to content
Help Center
– home page
Search
Suggestions will show after typing in the search input. Use the up and down arrows to review. Use enter to select. If the selection is a phrase, that phrase will be submitted to search. If the suggestion is a link, the browser will navigate to that page.
Home
All topics
About hosting
Service categories and guidelines
Beauty-related services
Rules • Service host
Beauty-related services

If you are providing a service on Airbnb, it’s important to be familiar with the laws and registration requirements that may apply to your service listing.*

It’s important to note that different countries, states, and cities have different licensing requirements and rules. It’s your responsibility as someone providing a service on Airbnb to make sure you comply with local laws and regulations.

NOTE: If you are unsure about how local laws or this information may apply to you or your services and experiences, check with official sources or seek legal advice.

In this article
Basic principles for any beauty-related services
If you want to provide beauty services to guests outside of your salon
Additional things to think about when providing a beauty service
Basic principles for any beauty-related services

Many countries have qualification or licensing requirements for beauty practitioners, including those engaged in services for hair, makeup and nails. You may need to obtain or have a relevant cosmetology, esthetician, barber, nail technician or related licenses to provide a service for a guest. In addition to these qualifications, it’s a good idea to keep both your health and safety, and your guests’, top of mind. For example, it’s a good idea to:

Familiarize yourself with official sources or seek legal advice to understand the requirements for providing professional esthetician, cosmetology and related service

Ask your guests in advance about any specific looks or goals they may have in mind, to best provide a service that will cater to your guest’s needs
If you want to provide beauty services to guests outside of your salon

If you want to provide beauty services outside of a traditional brick and mortar salon, (such as in a guest’s home), find out if you need any additional requirements or regulations under your local laws.

NOTE: In some jurisdictions, in-home services are not permitted by local laws, or separate licensing may be required to provide a beauty or aesthetic service outside a salon. In other jurisdictions, you may also be permitted to operate your service from a mobile establishment or mobile salon. Check your local requirements for any additional licensing requirements for these types of establishments.

Additional things to think about when providing a beauty service


You’ll need to check with your local authorities to be certain you’re meeting all local requirements before you provide a service.

In some jurisdictions, it may be necessary to obtain a general business licence in order to be able to provide beauty services to members of the public. Below are some examples (note this is not a comprehensive list):

Check with your local zoning board or planning authority to find out whether any local rules limit the ways in which the property for your service or experience may be used
Find out what tax rules may apply to your activity, and check whether you are legally required to obtain special insurance cover

If you are unsure about anything relating to your service, check with your local licensing board directly, or speak to a lawyer, to discuss and confirm your service complies with local laws including health, tax, and insurance requirements.

*Airbnb isn’t responsible for the reliability or correctness of the information contained in any links to third party sites (including any links to legislation and regulations) Airbnb also doesn’t have control over the conduct of those who provide a service on Airbnb, and disclaims all liability.

Failure of hosts or co-hosts to satisfy their responsibilities may result in suspension of activity or removal from the Airbnb website.

Did this article help?
Yes
No
Get help with your reservations, account, and more.
Log in or sign up
Site Footer
Support
Help Center
AirCover
Anti-discrimination
Disability support
Cancellation options
Report neighborhood concern
Hosting
Airbnb your home
AirCover for Hosts
Hosting resources
Community forum
Hosting responsibly
Airbnb-friendly apartments
Join a free Hosting class
Find a co‑host
Airbnb
2025 Summer Release
Newsroom
New features
Careers
Investors
Gift cards
Airbnb.org emergency stays
Footer section
© 2025 Airbnb, Inc.·Terms·Sitemap·Privacy·Your Privacy Choices
English (US)
€
EUR | Photography-related services: Skip to content
Help Center
– home page
Search
Suggestions will show after typing in the search input. Use the up and down arrows to review. Use enter to select. If the selection is a phrase, that phrase will be submitted to search. If the suggestion is a link, the browser will navigate to that page.
Home
All topics
About hosting
Service categories and guidelines
Photography-related services
Rules • Service host
Photography-related services

If you’re providing a service on Airbnb, it’s important to be familiar with the laws and registration requirements that may apply to your service listing.*

It’s important to note that different countries, states, and cities have different licensing requirements and rules. It’s your responsibility as someone providing a service on Airbnb to make sure you comply with local laws and regulations.

NOTE: If you are unsure about how local laws or this information may apply to you or your services and experiences, check with official sources or seek legal advice.

In this article
Basic principles for photography-related services
Licenses and permits for photography services on public areas or monuments
Insurance requirements for your photography service
Basic principles for photography-related services

How you handle your service and listing is up to you, but we encourage you to:

Ask your guests about their goals of the photography session, including any special occasions, types of photos they’re seeking, and location preferences;
Explain what guests should expect from your photography session, including the duration and any limitations affected by the selected location or time of day;
Consider pricing your photography session based on group or duration, rather than number of guests;
Let your guests know when they may expect the final product, and how they will receive it;
Inform guests on your listing page if you have any additional agreements they will need to sign, like a release regarding rights to the photos; and
Provide a copy of any additional agreement upon request.
Licenses and permits for photography services on public areas or monuments

Under your local, city, state, provincial or national laws, you may need a license or permit to offer a service or sell goods to customers on public lands. Each park or public land has its own rules on what activities are allowed within the space. The types of activities permitted in public areas may depend on the land location, size, terrain, and resources. We encourage you to confirm with an appropriate park official that your service is allowed on the specific public land. If a permit is required, the type of permit you’ll need may vary based on what your service involves. In addition, certain services may trigger additional licensing requirements. It’s possible that multiple government or public entities have jurisdiction over a public space.

Permit and license requirements.The processes and requirements for obtaining permits and licenses vary. Park managers and the heads of local, regional, and national entities controlling a public space have wide discretion regarding what’s required to receive an individual permit.
Fees and taxes. You’ll likely need to pay a fee for your permit, and the fee amounts may vary. Depending on what your service involves, additional fees may apply for using the public space. It’s your responsibility to ensure that all applicable fees and taxes related to your service are paid.
Insurance requirements for your photography service

Most services on public lands require some type of insurance. However, the insurance requirements and who should be listed on the policy can vary by type of activity, permit type, and the governing entity. Be sure to confirm insurance requirements directly with the issuer of your permit.

If you’re unsure about anything relating to your service, check with your local public lands authority directly, or speak to a lawyer, to discuss and confirm your service complies with local laws including safety, tax, and insurance requirements.

*Airbnb isn’t responsible for the reliability or correctness of the information contained in any links to third party sites (including any links to legislation and regulations). Airbnb also doesn’t have control over the conduct of those who provide a service on Airbnb, and disclaims all liability.

Failure of hosts or co-hosts to satisfy their responsibilities may result in suspension of activity or removal from the Airbnb website.

Did this article help?
Yes
No
Get help with your reservations, account, and more.
Log in or sign up
Site Footer
Support
Help Center
AirCover
Anti-discrimination
Disability support
Cancellation options
Report neighborhood concern
Hosting
Airbnb your home
AirCover for Hosts
Hosting resources
Community forum
Hosting responsibly
Airbnb-friendly apartments
Join a free Hosting class
Find a co‑host
Airbnb
2025 Summer Release
Newsroom
New features
Careers
Investors
Gift cards
Airbnb.org emergency stays
Footer section
© 2025 Airbnb, Inc.·Terms·Sitemap·Privacy·Your Privacy Choices
English (US)
€
EUR | Massage and spa treatment related services: Skip to content
Help Center
– home page
Search
Suggestions will show after typing in the search input. Use the up and down arrows to review. Use enter to select. If the selection is a phrase, that phrase will be submitted to search. If the suggestion is a link, the browser will navigate to that page.
Home
All topics
About hosting
Service categories and guidelines
Massage and spa treatment related services
Rules • Service host
Massage and spa treatment related services

If you are providing a service on Airbnb, it’s important to be familiar with the laws and registration requirements that may apply to your service listing.*

It’s important to note that different countries, states, and cities have different licensing requirements and rules. It’s your responsibility as someone providing a service on Airbnb to make sure you comply with local laws and regulations.

NOTE: If you are unsure about how local laws or this information may apply to you or your services and experiences, check with official sources or seek legal advice.

In this article
Basic principles for any massage or spa treatment related services
If you want to provide massage or spa treatments to guests outside of your salon or studio
Additional things to think about when providing massage or spa treatments
Basic principles for any massage or spa treatment related services

Many countries have certification or licensing requirements for a therapist to provide massage or spa treatment services. Because these services involve close engagement with a guest, it’s pertinent to keep both your health and safety, and your guests’, top of mind. For example, it’s a good idea to:

Familiarize yourself with official sources or seek legal advice to understand the rules that apply to providing massage or spa and wellness related services to a guest
Ask your guests in advance about any preferences or considerations, to ensure their comfort and safety during the service
Certain types of massages and spa services are not permitted, such as:
Medical massages or spa treatments aimed at treatment of specific health conditions diagnosed by a doctor
Massages advertising sexual activity
Use of needles or laser treatments in massage or spa related services
Non-surgical fat reduction treatments
Chemical peels and dermal fillers
If you want to provide massage or spa treatments to guests outside of your salon or studio

If you want to provide massage or spa treatments outside of a salon or studio, (such as in the guest’s home), find out if this triggers additional regulations or requirements under your local laws.

NOTE: Some jurisdictions may prohibit you from providing these types of services outside of a licensed business establishment, or require you to obtain specific outcall permits or permissions to carry out such activities. Check your local city, state, or national (if applicable) requirements for restrictions on where these services may be performed.

Additional things to think about when providing massage or spa treatments

You’ll need to check with your local authorities to be certain you’re meeting all local requirements before you provide a service.

In some jurisdictions, it may be necessary to obtain a general business licence in order to be able to provide spa treatments or massage services to members of the public. Below are some examples (note this is not a comprehensive list):

Check with your local zoning board or planning authority to find out whether any local rules limit the ways in which the property for your service or experience may be used
Find out what tax rules may apply to your activity, and check whether you’re legally required to obtain special insurance cover

If you’re unsure about anything relating to your service, check with your local licensing board directly, or speak to a lawyer, to discuss and confirm your service complies with local laws including health, tax, and insurance requirements.

*Airbnb isn’t responsible for the reliability or correctness of the information contained in any links to third party sites (including any links to legislation and regulations). Airbnb also doesn’t have control over the conduct of those who provide a service on Airbnb, and disclaims all liability.

Failure of hosts or co-hosts to satisfy their responsibilities may result in suspension of activity or removal from the Airbnb website.

Did this article help?
Yes
No
Get help with your reservations, account, and more.
Log in or sign up
Site Footer
Support
Help Center
AirCover
Anti-discrimination
Disability support
Cancellation options
Report neighborhood concern
Hosting
Airbnb your home
AirCover for Hosts
Hosting resources
Community forum
Hosting responsibly
Airbnb-friendly apartments
Join a free Hosting class
Find a co‑host
Airbnb
2025 Summer Release
Newsroom
New features
Careers
Investors
Gift cards
Airbnb.org emergency stays
Footer section
© 2025 Airbnb, Inc.·Terms·Sitemap·Privacy·Your Privacy Choices
English (US)
€
EUR",2025-07-08T11:10:39.244Z,
service-host,Managing your service,Calendar and bookings,https://www.airbnb.com/help/topic/1666,"Skip to content
Help Center
– home page
Search
Suggestions will show after typing in the search input. Use the up and down arrows to review. Use enter to select. If the selection is a phrase, that phrase will be submitted to search. If the suggestion is a link, the browser will navigate to that page.
Home
All topics
Managing your service
Calendar and bookings
Calendar and bookings
How-to
Sync your Airbnb Experiences and Services with your Google Calendar
Add your Airbnb Experiences and Services to your Google calendar from your desktop or mobile browser.
How-to • Anfitrión
How booking works for hosts of services and experiences
When a guest books a service or experience, you’ll receive their information and we’ll let them know all the details about their reservation.
How-to • Anfitrión
When guests request to reschedule a service or experience
Guests can request to book your service or experience any date or time not listed on your calendar or ask to reschedule a reservation they have already made.
How-to • Anfitrión
What guest details hosts can expect prior to booking
Find out what details you'll be able to review when a potential guest sends you a request.
How-to
Manage your availability for services
Service hosts can set their availability and customize how much advance notice and preparation time they need for each of their offerings.
Related topics
Updating your service page
Pricing your service
Marketing and promoting your service
Site Footer
Support
Help Center
AirCover
Anti-discrimination
Disability support
Cancellation options
Report neighborhood concern
Hosting
Airbnb your home
AirCover for Hosts
Hosting resources
Community forum
Hosting responsibly
Airbnb-friendly apartments
Join a free Hosting class
Find a co‑host
Airbnb
2025 Summer Release
Newsroom
New features
Careers
Investors
Gift cards
Airbnb.org emergency stays
Footer section
© 2025 Airbnb, Inc.·Terms·Sitemap·Privacy·Your Privacy Choices
English (US)
€
EUR",3,Sync your Airbnb Experiences and Services with your Google Calendar | How booking works for hosts of services and experiences | When guests request to reschedule a service or experience,"Sync your Airbnb Experiences and Services with your Google Calendar: Skip to content
Help Center
– home page
Search
Suggestions will show after typing in the search input. Use the up and down arrows to review. Use enter to select. If the selection is a phrase, that phrase will be submitted to search. If the suggestion is a link, the browser will navigate to that page.
Home
All topics
Managing your experience
Calendar and bookings
Sync your Airbnb Experiences and Services with your Google Calendar
How-to
Sync your Airbnb Experiences and Services with your Google Calendar

Add your Airbnb Experiences and Services to your Google Calendar from your desktop or mobile browser.

In this article
Sync your Airbnb calendar with your Google Calendar
Syncing all Airbnb Experiences and Services
Sync your Airbnb calendar with your Google Calendar

Your Google Calendar displays your Airbnb calendar under Other calendars.

Desktop
iOS app
Android app
Mobile browser
Sync your services and experiences with your Google Calendar on desktop
Click Calendar and then click Connect
Click Continue
Choose your Google Calendar and click Connect calendars
Syncing all Airbnb Experiences and Services

You have options to sync all experiences and services as one calendar, select a few experiences and services as one calendar, or sync each experience or service as one calendar. These options are helpful if:

You have a co-host for some of your experiences, and want to sync these as one calendar to share with them
You have multiple instances for each experience and service, and want to sync them one-by-one, allowing you to toggle between calendars in your personal calendar

Events on your Google Calendar will be synced to your experiences and services listings as blocked times, and booked reservations will be synced to your Google Calendar.

Did this article help?
Yes
No
Related articles
How-to • Home host
How can I hold dates for a guest?
Sometimes hosts want to make dates on their calendar available so that only a certain guest can book. To do this, your guest can request to book or send an inquiry.
How-to • Home host
Sync your home host calendar to other websites
If you host your home on other websites, you can link all of your hosting calendars to prevent multiple guests from booking the same dates.
How-to • Home host
What are my choices to sync listings through software?
You can change your sync settings through your PMS/CM software or using Airbnb.
Get help with your reservations, account, and more.
Log in or sign up
Site Footer
Support
Help Center
AirCover
Anti-discrimination
Disability support
Cancellation options
Report neighborhood concern
Hosting
Airbnb your home
AirCover for Hosts
Hosting resources
Community forum
Hosting responsibly
Airbnb-friendly apartments
Join a free Hosting class
Find a co‑host
Airbnb
2025 Summer Release
Newsroom
New features
Careers
Investors
Gift cards
Airbnb.org emergency stays
Footer section
© 2025 Airbnb, Inc.·Terms·Sitemap·Privacy·Your Privacy Choices
English (US)
€
EUR | How booking works for hosts of services and experiences: Skip to content
Help Center
– home page
Search
Suggestions will show after typing in the search input. Use the up and down arrows to review. Use enter to select. If the selection is a phrase, that phrase will be submitted to search. If the suggestion is a link, the browser will navigate to that page.
Home
All topics
Managing your experience
Calendar and bookings
How booking works for hosts of services and experiences
How-to • Οικοδεσπότης
How booking works for hosts of services and experiences

Hosting services and experiences through Airbnb is a great way to share your skills and meet new people. Once Airbnb has approved your service or experience and you've published it on Airbnb, guests can book available dates.

Guests can check out your listing, ask questions, and decide if your service or experience is right for them. Then they will need to review your requirements before making a reservation.

What happens once they’ve booked

When a guest books, we'll send you an email with their profile and contact information. Guests will receive a confirmation with details about where to meet and when, and what to bring (if applicable).

A group message thread is automatically created between you, the booker, and any additional guests. This thread allows you to stay in touch before, during, and after their reservation.

Need to get in contact with a guest of an experience? You can contact them privately by heading to Details and clicking or tapping the messaging icon next to their name in Who’s going.

You can also give guests a better idea of what to expect by sending them visual attachments.

Primary bookers for groups

If you need the primary booker to verify their ID before attending your service or experience, they’ll have 3 days to do so, or their entire reservation will be automatically canceled.

Did this article help?
Yes
No
Related articles
How-to • Επισκέπτης
Booking services and experiences
It’s easy to book an Airbnb service or experience. You can choose a specific city and date, or browse through what’s available.
How-to • Guest
Booking requirements for experiences
You must comply with local laws and regulations when you go on an experience. Some activities require different skills or a specific licence.
How-to • Experience host
Choosing great photos for your Airbnb Experience
You’ll need at least 5 great, high-quality photos that capture the essence of your experience. These photos should tell your unique story and they’ll be displayed in a grid on your experience page.
Get help with your reservations, account, and more.
Log in or sign up
Site Footer
Support
Help Center
AirCover
Anti-discrimination
Disability support
Cancellation options
Report neighborhood concern
Hosting
Airbnb your home
AirCover for Hosts
Hosting resources
Community forum
Hosting responsibly
Airbnb-friendly apartments
Join a free Hosting class
Find a co‑host
Airbnb
2025 Summer Release
Newsroom
New features
Careers
Investors
Gift cards
Airbnb.org emergency stays
Footer section
© 2025 Airbnb, Inc.·Terms·Sitemap·Privacy·Your Privacy Choices
English (US)
€
EUR | When guests request to reschedule a service or experience: Skip to content
Help Center
– home page
Search
Suggestions will show after typing in the search input. Use the up and down arrows to review. Use enter to select. If the selection is a phrase, that phrase will be submitted to search. If the suggestion is a link, the browser will navigate to that page.
Home
All topics
Managing your experience
Calendar and bookings
When guests request to reschedule a service or experience
How-to • Gastgeber:in
When guests request to reschedule a service or experience

If guests are within the free cancellation period of their reservation, they can cancel and instantly rebook for any other available time and date on your calendar.

Requests to reschedule a reservation

If a guest is outside your cancellation window, they can send you a request to change their reservation. You can review the reservation details in your message thread where you have 24 hours to accept or decline the request. If you accept it, the booking modification will be completed and you will waive any amount you would have received for a late cancellation. If you reject it and the guest cannot make the original date and time, you will receive any earnings to which you are entitled for a late cancellation.

If you accept a guest’s request to reschedule, it’ll be scheduled on your calendar. If you decline a guest’s request, the original reservation will stay the same.

Review a guest’s request to reschedule a reservation
Desktop
iOS app
Android app
Mobile browser
Reviewing a guest’s request on desktop
Click Messages and go to the message thread with your guest’s request
Click Review
Click Accept or Decline
Click Show details to view the updated reservation
Did this article help?
Yes
No
Related articles
How-to • Guest
Request a custom date or time for a service or experience
Contact the host to request to book a date or time not listed on their calendar. They'll review and accept or deny your request.
How-to • Guest
Search for Airbnb home listings
Use filters, check out maps, and read the descriptions of places to narrow your options to find a good fit for your trip.
How-to • Gast
Change the date or time of your service or experience reservation
When you book a service or experience, you can update the date or time depending on your host’s availability and their cancellation policy.
Get help with your reservations, account, and more.
Log in or sign up
Site Footer
Support
Help Center
AirCover
Anti-discrimination
Disability support
Cancellation options
Report neighborhood concern
Hosting
Airbnb your home
AirCover for Hosts
Hosting resources
Community forum
Hosting responsibly
Airbnb-friendly apartments
Join a free Hosting class
Find a co‑host
Airbnb
2025 Summer Release
Newsroom
New features
Careers
Investors
Gift cards
Airbnb.org emergency stays
Footer section
© 2025 Airbnb, Inc.·Terms·Sitemap·Privacy·Your Privacy Choices
English (US)
€
EUR",2025-07-08T11:10:58.210Z,
service-host,Managing your service,Updating your service page,https://www.airbnb.com/help/topic/1667,"Skip to content
Help Center
– home page
Search
Suggestions will show after typing in the search input. Use the up and down arrows to review. Use enter to select. If the selection is a phrase, that phrase will be submitted to search. If the suggestion is a link, the browser will navigate to that page.
Home
All topics
Managing your service
Updating your service page
Updating your service page
How-to • Experience host
Add accessibility features to experience and service listings
Guests with accessibility needs can search for experiences and services based on their individual requirements.
How-to • Service host
Changing your service listing after it’s published
Even after you publish your service listing, you may be able to update a few things. Here’s what you can (and can’t) edit on your service listing.
How-to • Hôte de logement
Unlist or remove your service or experience listing
You can stop receiving new reservations and remove your listing from search results by either unlisting or removing your service or experience.
How-to • Hôte de logement
Change your service or experience cancellation policy
Services and experiences have specific cancellation policies based on what they're offering.
How-to • Hôte de logement
Display your full name as a service or experience host
As a service or experience host, you can choose to display your full name on your listing when you host services and experiences.
How-to • Home host
Edit your listing’s title
You can change the title of your listing whenever you want, so feel free to give it a name that highlights what makes your place special.
Related topics
Calendar and bookings
Pricing your service
Marketing and promoting your service
Site Footer
Support
Help Center
AirCover
Anti-discrimination
Disability support
Cancellation options
Report neighborhood concern
Hosting
Airbnb your home
AirCover for Hosts
Hosting resources
Community forum
Hosting responsibly
Airbnb-friendly apartments
Join a free Hosting class
Find a co‑host
Airbnb
2025 Summer Release
Newsroom
New features
Careers
Investors
Gift cards
Airbnb.org emergency stays
Footer section
© 2025 Airbnb, Inc.·Terms·Sitemap·Privacy·Your Privacy Choices
English (US)
€
EUR",3,Add accessibility features to experience and service listings | Changing your service listing after it’s published | Unlist or remove your service or experience listing,"Add accessibility features to experience and service listings: Skip to content
Help Center
– home page
Search
Suggestions will show after typing in the search input. Use the up and down arrows to review. Use enter to select. If the selection is a phrase, that phrase will be submitted to search. If the suggestion is a link, the browser will navigate to that page.
Home
All topics
Managing your experience
Updating your experience page
Add accessibility features to experience and service listings
How-to • Experience host
Add accessibility features to experience and service listings

It's wonderful when you can welcome even more people to your experience or service. When you add accessibility features to your listing, guests can use these features in their search to find experiences and services that may meet their specific accessibility needs.

How it works

You can edit your experience or service listing to highlight accessibility features that your experience or service offers guests. Learn more about creating a listing that guests can book with confidence.

Edit your experience listing to include accessibility features
Desktop
iOS app
Android app
Mobile browser
Edit your experience listing on desktop
Click Listings and select the experience you want to update
Click Accessibility features and select the feature(s) you offer




Edit your service listing to include accessibility features
Desktop
iOS app
Android app
Mobile browser
Edit your service listing on desktop

Click Listings and select the service you want to update
Click Accessibility features and select the feature(s) you offer

Your features will be displayed in your listing’s Things to Know section and prospective guests can select these features in search.

Because guests rely on accessibility features to determine whether an experience or service is suitable for them, it’s important that you include detailed and complete information about your accessibility features. Some guests may still reach out to you for clarification or to ask about your accessibility features; it’s okay to ask additional questions for your own understanding and share when you’re unsure about something.

Learn more about belonging and inclusion at Airbnb by reading our commitment to accessibility and disability inclusion.

Did this article help?
Yes
No
Related articles
How-to • Home host
Hosting guests with accessibility needs
The most important thing hosts can do is to provide clear and accurate information about your listing, including adding any accessibility features a listing has, and to make sure to communicate with your guests.
Community policy
Accessibility Policy
Our community is built on the principles of inclusion, belonging, and respect, which includes welcoming and supporting people with disabilities.
How-to • Experience host
Choosing great photos for your Airbnb Experience
You’ll need at least 5 great, high-quality photos that capture the essence of your experience. These photos should tell your unique story and they’ll be displayed in a grid on your experience page.
Get help with your reservations, account, and more.
Log in or sign up
Site Footer
Support
Help Center
AirCover
Anti-discrimination
Disability support
Cancellation options
Report neighborhood concern
Hosting
Airbnb your home
AirCover for Hosts
Hosting resources
Community forum
Hosting responsibly
Airbnb-friendly apartments
Join a free Hosting class
Find a co‑host
Airbnb
2025 Summer Release
Newsroom
New features
Careers
Investors
Gift cards
Airbnb.org emergency stays
Footer section
© 2025 Airbnb, Inc.·Terms·Sitemap·Privacy·Your Privacy Choices
English (US)
€
EUR | Changing your service listing after it’s published: Skip to content
Help Center
– home page
Search
Suggestions will show after typing in the search input. Use the up and down arrows to review. Use enter to select. If the selection is a phrase, that phrase will be submitted to search. If the suggestion is a link, the browser will navigate to that page.
Home
All topics
Managing your service
Updating your service page
Changing your service listing after it’s published
How-to • Service host
Changing your service listing after it’s published

Your service has already been published, but maybe you’ve decided you want to edit something on your listing. Good news—you can make some updates to it even after it's been published.

What you can change:
Updates to your title and expertise
Languages
Accessibility features
Qualifications
You need to submit at least 5 high-quality color photos, including one photo for each offering, that give clear, realistic ideas of the service you provide and meet Airbnb’s photo standards and requirements
Adding new offerings, or updating your pricing for existing offerings (any new offerings need to be reviewed by Airbnb)

For photographers, we need at least 15 photos from your portfolio
For massage and spa listings, you must use the photos selected by Airbnb

Even though you can update some parts of your service listing, certain activities may have additional special requirements or restrictions.

If a guest booked a reservation before you changed your listing

If any guests booked a reservation before you changed your listing, you must either provide the offering as described when the guest booked or make sure the guest agrees to any new changes in a message.

For example, if you were a chef with a listing offering only Italian food and wanted to change your listing to offer only French food, but a guest booked when your listing offered Italian food, the guest would still be entitled to Italian food (unless they agreed otherwise).


What you can't change:
The category of your service  
The location of your service  

Note: Airbnb can reject any proposed changes to a service listing or notify you that your listing may be subject to removal if the listing doesn’t meet our standards and requirements.

Did this article help?
Yes
No
Related articles
Community policy • Experience host
Airbnb Services and Experiences standards and requirements
Find details on the standards and requirements that Airbnb Services and Experiences hosts must meet.
Rules • Experience host
Hosting services and experiences in public lands
Laws, rules, permits—here’s some helpful information to get you started learning about hosting your services or experiences on public lands as an Airbnb Experience host.
How-to • Host
Cancellation policies for service and experience listings
Most services and experiences will have a 1-day cancellation policy, but for certain services and experiences, hosts will have the option to choose a 3-day cancellation policy.
Get help with your reservations, account, and more.
Log in or sign up
Site Footer
Support
Help Center
AirCover
Anti-discrimination
Disability support
Cancellation options
Report neighborhood concern
Hosting
Airbnb your home
AirCover for Hosts
Hosting resources
Community forum
Hosting responsibly
Airbnb-friendly apartments
Join a free Hosting class
Find a co‑host
Airbnb
2025 Summer Release
Newsroom
New features
Careers
Investors
Gift cards
Airbnb.org emergency stays
Footer section
© 2025 Airbnb, Inc.·Terms·Sitemap·Privacy·Your Privacy Choices
English (US)
€
EUR | Unlist or remove your service or experience listing: Skip to content
Help Center
– home page
Search
Suggestions will show after typing in the search input. Use the up and down arrows to review. Use enter to select. If the selection is a phrase, that phrase will be submitted to search. If the suggestion is a link, the browser will navigate to that page.
Home
All topics
Managing your experience
Updating your experience page
Unlist or remove your service or experience listing
How-to • Gastgeber:in
Unlist or remove your service or experience listing

If you want to stop receiving new reservations and remove your service or experience listing from search results, you have options. Choose a way to manage your listing that works for you:

Unlist it indefinitely, and then relist it whenever you're ready
Permanently remove it if you’ll no longer host a home or provide a service (however, all confirmed reservations must be complete)

Even if you unlist, you’ll still need to host your guests or provide a service for any confirmed reservations.

Unlist your service or experience listing
Desktop
iOS app
Android app
Mobile browser
Unlist your service or experience on desktop
Click Listings and select the service or experience you want to unlist
In Listing editor, click Settings 

Click Listing status and select Unlisted
Click Unlist service or Unlist experience
Remove your service or experience listing
Desktop
iOS app
Android app
Mobile browser
Remove your service or experience on desktop
Click Listings and select the service you want to unlist
In Listing editor, click Settings 
Click Remove listing and then click Remove listing
Did this article help?
Yes
No
Related articles
How-to • Service host
Sign up to provide a service on Airbnb
If you want to provide a service on Airbnb, make sure to meet our standards and ground rules before creating a listing. Let’s get started.
How-to • Experience host
Sign up to host an Airbnb Experience
If you want to host an experience on Airbnb, make sure to meet our standards and ground rules before creating a listing. Let’s get started.
Community policy • Experience host
Airbnb Services and Experiences standards and requirements
Find details on the standards and requirements that Airbnb Services and Experiences hosts must meet.
Get help with your reservations, account, and more.
Log in or sign up
Site Footer
Support
Help Center
AirCover
Anti-discrimination
Disability support
Cancellation options
Report neighborhood concern
Hosting
Airbnb your home
AirCover for Hosts
Hosting resources
Community forum
Hosting responsibly
Airbnb-friendly apartments
Join a free Hosting class
Find a co‑host
Airbnb
2025 Summer Release
Newsroom
New features
Careers
Investors
Gift cards
Airbnb.org emergency stays
Footer section
© 2025 Airbnb, Inc.·Terms·Sitemap·Privacy·Your Privacy Choices
English (US)
€
EUR",2025-07-08T11:11:17.060Z,
service-host,Managing your service,Pricing your service,https://www.airbnb.com/help/topic/1668,"Skip to content
Help Center
– home page
Search
Suggestions will show after typing in the search input. Use the up and down arrows to review. Use enter to select. If the selection is a phrase, that phrase will be submitted to search. If the suggestion is a link, the browser will navigate to that page.
Home
All topics
Managing your service
Pricing your service
Pricing your service
How-to • Host
Why does Airbnb charge service fees for services and experiences?
We charge a service fee to help cover the costs of the products, services, and support we provide.
Related topics
Calendar and bookings
Updating your service page
Marketing and promoting your service
Site Footer
Support
Help Center
AirCover
Anti-discrimination
Disability support
Cancellation options
Report neighborhood concern
Hosting
Airbnb your home
AirCover for Hosts
Hosting resources
Community forum
Hosting responsibly
Airbnb-friendly apartments
Join a free Hosting class
Find a co‑host
Airbnb
2025 Summer Release
Newsroom
New features
Careers
Investors
Gift cards
Airbnb.org emergency stays
Footer section
© 2025 Airbnb, Inc.·Terms·Sitemap·Privacy·Your Privacy Choices
English (US)
€
EUR",2,Why does Airbnb charge service fees for services and experiences? | Cancellation options,"Why does Airbnb charge service fees for services and experiences?: Skip to content
Help Center
– home page
Search
Suggestions will show after typing in the search input. Use the up and down arrows to review. Use enter to select. If the selection is a phrase, that phrase will be submitted to search. If the suggestion is a link, the browser will navigate to that page.
Home
All topics
Managing your experience
Pricing your experience
Why does Airbnb charge service fees for services and experiences?
How-to • Host
Why does Airbnb charge service fees for services and experiences?

We charge a service fee to help cover the costs of the products, services, and support we provide. 

For service reservations, we typically charge a 15% fee, with a minimum fee of $6 USD (or the local currency equivalent), which may vary based on the daily exchange rate. For experience reservations, we typically charge a 20% service fee.

In this article
How the amount is calculated
How service fees are paid
Service fee refunds
How the amount is calculated

The amount of the service fee is calculated from the price that hosts set for their service or experience. Guests who are browsing services and experiences are shown the total price that they’ll pay to book. No other service fees are charged to guests at this time.

How service fees are paid

Airbnb automatically withholds service fees from host payouts after a completed booking. Payouts are released after the service or experience has been completed. Hosts are paid their earnings with the service fees already removed. They don’t need to reimburse Airbnb for the service fees.

Service fee refunds

If your guest requests a refund for a booking that had a fee applied, please contact us and we can help you issue the right amount.

Did this article help?
Yes
No
Related articles
How-to • Guest
How pricing works for homes
Learn more about how the total price of a reservation is calculated
Community policy • Home host
Host Cancellation Policy for homes
Because cancellations can disrupt guests' plans and impact confidence in the Airbnb community, there are penalties applied for Host cancellations.
How-to • Guest
Add or remove a payment method
Find out how to manage your payment methods.
Get help with your reservations, account, and more.
Log in or sign up
Site Footer
Support
Help Center
AirCover
Anti-discrimination
Disability support
Cancellation options
Report neighborhood concern
Hosting
Airbnb your home
AirCover for Hosts
Hosting resources
Community forum
Hosting responsibly
Airbnb-friendly apartments
Join a free Hosting class
Find a co‑host
Airbnb
2025 Summer Release
Newsroom
New features
Careers
Investors
Gift cards
Airbnb.org emergency stays
Footer section
© 2025 Airbnb, Inc.·Terms·Sitemap·Privacy·Your Privacy Choices
English (US)
€
EUR | Cancellation options: Skip to content
Help Center
– home page
Search
Suggestions will show after typing in the search input. Use the up and down arrows to review. Use enter to select. If the selection is a phrase, that phrase will be submitted to search. If the suggestion is a link, the browser will navigate to that page.
Home
All topics
Your reservations
Cancellations
Major Disruptive Events Policy
Community policy
Major Disruptive Events Policy
In this article
Overview
What events are covered
What happens if a reservation is impacted by a covered Event
What is not covered
How this policy affects hosts
Other things to be aware of
Overview

In general, cancellations and refunds for Airbnb reservations are governed by the listing’s cancellation policy. In the rare circumstances that large-scale events prevent or legally prohibit completion of a reservation, the Major Disruptive Events Policy (the “Policy”) may apply. When this Policy applies, guests can cancel their reservation and receive a refund, travel credit, and/or other consideration regardless of the reservation’s cancellation policy, and hosts can cancel without fees or other adverse consequences, although their listing’s calendar will be blocked for the dates of the canceled reservation.

This Policy applies to reservations for homes, services, and experiences and is applicable to reservations that are ongoing or that have a check-in on or after the effective date, except as otherwise notified by Airbnb to users. The Major Disruptive Events Policy is not an insurance policy.

What events are covered

The following events are covered under this Policy if they impact your reservation location, occur after the time of booking, and prevent or legally prohibit completion of a future or ongoing reservation (referred to in this Policy as “Events”):

Declared public health emergencies and epidemics. Government-declared epidemics, pandemics, and public health emergencies. This does not include diseases that are endemic (for example, the flu) or commonly associated with an area (for example, malaria in Thailand). COVID-19 is not covered under this Major Disruptive Events Policy.

Government travel restrictions. Mandatory travel restrictions imposed by a governmental agency, such as an evacuation order or shelter-in-place order. This does not include non-binding travel advisories and similar government guidance.

Military actions and other hostilities. Acts of war, hostilities, invasions, civil war, terrorism, explosions, bombings, rebellions, riots, and insurrection.

Large-scale outages of essential utilities. Prolonged outages of essential utilities, such as heat, water, and electricity, impacting the vast majority of homes in a given location.

Unforeseeable natural disasters and severe weather events. Unforeseeable natural disasters, like earthquakes and tsunamis, and unforeseeable severe weather events, like tornadoes. This does not include events that are foreseeable for a given location, as described further below.

What happens if a reservation is impacted by a covered Event

When a large-scale event occurs, we assess the situation to determine whether the Major Disruptive Events Policy applies. If it does, we activate the Policy for the impacted area and timeframe where we anticipate that the Event will prevent or legally prohibit completion of reservations. Reservations outside of the defined area and timeframe may not be eligible, though hosts may still be able to cancel without adverse consequences if they are unable to host. We continuously monitor these situations and adjust coverage as needed to reflect changing conditions. If you believe this Policy applies to your reservation, please contact us to inquire about eligibility.

What is not covered

We understand that other circumstances outside of your control may disrupt your plans. In any situations not listed above, your reservation remains subject to the host’s cancellation policy for the listing.

Examples of common events not covered by this policy include:

Events that impact a guest or their ability to travel, but not the reservation location
Unexpected injury or illness
Government obligations like jury duty or court appearances
Non-binding travel advisories or other government guidance that fall short of a travel ban or prohibition
Cancellation or rescheduling of an event for which the reservation was made
Transportation disruptions such as airline insolvency, flight cancellations, transportation strikes, and road closures due to maintenance
Weather or natural conditions that are common enough to be foreseeable in a given location, such as hurricanes in Florida during hurricane season or winter weather in the northern hemisphere during winter months—unless the event triggers a covered Event that prevents completion of the reservation, such as government-issued mandatory travel restrictions

For reservations not covered by this Policy, we encourage guests and hosts to find a mutually acceptable arrangement, such as a full or partial refund or an alteration of the booking dates. Note that any refunds outside of the reservation’s cancellation policy are at the host’s discretion. Airbnb does not take part in or guarantee such refunds.

How this policy affects hosts

If a reservation is covered by the Major Disruptive Events Policy, hosts can cancel without fees or other adverse consequences. If a host cancels under this policy, their listing’s calendar will be blocked for the dates of the canceled reservation. If a reservation is canceled under this Policy, the host does not receive a payout for the canceled dates of the reservation, or, if the payout has already been made, the refunded amount will be withheld from the next payout(s).

Regardless of whether a reservation is covered by this Policy, hosts can cancel for certain valid reasons, such as major damage to a listing, without fees or other adverse consequences. Hosts are obligated to cancel a reservation if their listing is uninhabitable or is inconsistent with what the guest booked. Failure to do so may result in listing suspension, cancellation of existing reservations, and refunds to guests until the listing is habitable and consistent with the listing description. This also violates our Ground rules for hosts, and can lead to consequences up to and including account removal.

Other things to be aware of

This Policy does not limit your rights under local regulations, and any decisions made by Airbnb under this Policy do not affect your statutory rights.

Did this article help?
Yes
No
Related articles
How-to • Gost
Canceling a trip due to a Major Disruptive Event
If you need to cancel because a large-scale event at your destination prevents completion of your reservation, we can help.
Community policy • Home host
Host Cancellation Policy for homes
Because cancellations can disrupt guests' plans and impact confidence in the Airbnb community, there are penalties applied for Host cancellations.
How-to • Guest
Find the cancellation policy for any home, service, or experience
Here’s where to find the cancellation policy for any home, service, or experience.
Get help with your reservations, account, and more.
Log in or sign up
Site Footer
Support
Help Center
AirCover
Anti-discrimination
Disability support
Cancellation options
Report neighborhood concern
Hosting
Airbnb your home
AirCover for Hosts
Hosting resources
Community forum
Hosting responsibly
Airbnb-friendly apartments
Join a free Hosting class
Find a co‑host
Airbnb
2025 Summer Release
Newsroom
New features
Careers
Investors
Gift cards
Airbnb.org emergency stays
Footer section
© 2025 Airbnb, Inc.·Terms·Sitemap·Privacy·Your Privacy Choices
English (US)
€
EUR",2025-07-08T11:11:33.209Z,
service-host,Managing your service,Marketing and promoting your service,https://www.airbnb.com/help/topic/1674,"Skip to content
Help Center
– home page
Search
Suggestions will show after typing in the search input. Use the up and down arrows to review. Use enter to select. If the selection is a phrase, that phrase will be submitted to search. If the suggestion is a link, the browser will navigate to that page.
Home
All topics
Managing your service
Marketing and promoting your service
Marketing and promoting your service
Related topics
Calendar and bookings
Updating your service page
Pricing your service
Site Footer
Support
Help Center
AirCover
Anti-discrimination
Disability support
Cancellation options
Report neighborhood concern
Hosting
Airbnb your home
AirCover for Hosts
Hosting resources
Community forum
Hosting responsibly
Airbnb-friendly apartments
Join a free Hosting class
Find a co‑host
Airbnb
2025 Summer Release
Newsroom
New features
Careers
Investors
Gift cards
Airbnb.org emergency stays
Footer section
© 2025 Airbnb, Inc.·Terms·Sitemap·Privacy·Your Privacy Choices
English (US)
€
EUR",1,Cancellation options,"Cancellation options: Skip to content
Help Center
– home page
Search
Suggestions will show after typing in the search input. Use the up and down arrows to review. Use enter to select. If the selection is a phrase, that phrase will be submitted to search. If the suggestion is a link, the browser will navigate to that page.
Home
All topics
Your reservations
Cancellations
Major Disruptive Events Policy
Community policy
Major Disruptive Events Policy
In this article
Overview
What events are covered
What happens if a reservation is impacted by a covered Event
What is not covered
How this policy affects hosts
Other things to be aware of
Overview

In general, cancellations and refunds for Airbnb reservations are governed by the listing’s cancellation policy. In the rare circumstances that large-scale events prevent or legally prohibit completion of a reservation, the Major Disruptive Events Policy (the “Policy”) may apply. When this Policy applies, guests can cancel their reservation and receive a refund, travel credit, and/or other consideration regardless of the reservation’s cancellation policy, and hosts can cancel without fees or other adverse consequences, although their listing’s calendar will be blocked for the dates of the canceled reservation.

This Policy applies to reservations for homes, services, and experiences and is applicable to reservations that are ongoing or that have a check-in on or after the effective date, except as otherwise notified by Airbnb to users. The Major Disruptive Events Policy is not an insurance policy.

What events are covered

The following events are covered under this Policy if they impact your reservation location, occur after the time of booking, and prevent or legally prohibit completion of a future or ongoing reservation (referred to in this Policy as “Events”):

Declared public health emergencies and epidemics. Government-declared epidemics, pandemics, and public health emergencies. This does not include diseases that are endemic (for example, the flu) or commonly associated with an area (for example, malaria in Thailand). COVID-19 is not covered under this Major Disruptive Events Policy.

Government travel restrictions. Mandatory travel restrictions imposed by a governmental agency, such as an evacuation order or shelter-in-place order. This does not include non-binding travel advisories and similar government guidance.

Military actions and other hostilities. Acts of war, hostilities, invasions, civil war, terrorism, explosions, bombings, rebellions, riots, and insurrection.

Large-scale outages of essential utilities. Prolonged outages of essential utilities, such as heat, water, and electricity, impacting the vast majority of homes in a given location.

Unforeseeable natural disasters and severe weather events. Unforeseeable natural disasters, like earthquakes and tsunamis, and unforeseeable severe weather events, like tornadoes. This does not include events that are foreseeable for a given location, as described further below.

What happens if a reservation is impacted by a covered Event

When a large-scale event occurs, we assess the situation to determine whether the Major Disruptive Events Policy applies. If it does, we activate the Policy for the impacted area and timeframe where we anticipate that the Event will prevent or legally prohibit completion of reservations. Reservations outside of the defined area and timeframe may not be eligible, though hosts may still be able to cancel without adverse consequences if they are unable to host. We continuously monitor these situations and adjust coverage as needed to reflect changing conditions. If you believe this Policy applies to your reservation, please contact us to inquire about eligibility.

What is not covered

We understand that other circumstances outside of your control may disrupt your plans. In any situations not listed above, your reservation remains subject to the host’s cancellation policy for the listing.

Examples of common events not covered by this policy include:

Events that impact a guest or their ability to travel, but not the reservation location
Unexpected injury or illness
Government obligations like jury duty or court appearances
Non-binding travel advisories or other government guidance that fall short of a travel ban or prohibition
Cancellation or rescheduling of an event for which the reservation was made
Transportation disruptions such as airline insolvency, flight cancellations, transportation strikes, and road closures due to maintenance
Weather or natural conditions that are common enough to be foreseeable in a given location, such as hurricanes in Florida during hurricane season or winter weather in the northern hemisphere during winter months—unless the event triggers a covered Event that prevents completion of the reservation, such as government-issued mandatory travel restrictions

For reservations not covered by this Policy, we encourage guests and hosts to find a mutually acceptable arrangement, such as a full or partial refund or an alteration of the booking dates. Note that any refunds outside of the reservation’s cancellation policy are at the host’s discretion. Airbnb does not take part in or guarantee such refunds.

How this policy affects hosts

If a reservation is covered by the Major Disruptive Events Policy, hosts can cancel without fees or other adverse consequences. If a host cancels under this policy, their listing’s calendar will be blocked for the dates of the canceled reservation. If a reservation is canceled under this Policy, the host does not receive a payout for the canceled dates of the reservation, or, if the payout has already been made, the refunded amount will be withheld from the next payout(s).

Regardless of whether a reservation is covered by this Policy, hosts can cancel for certain valid reasons, such as major damage to a listing, without fees or other adverse consequences. Hosts are obligated to cancel a reservation if their listing is uninhabitable or is inconsistent with what the guest booked. Failure to do so may result in listing suspension, cancellation of existing reservations, and refunds to guests until the listing is habitable and consistent with the listing description. This also violates our Ground rules for hosts, and can lead to consequences up to and including account removal.

Other things to be aware of

This Policy does not limit your rights under local regulations, and any decisions made by Airbnb under this Policy do not affect your statutory rights.

Did this article help?
Yes
No
Related articles
How-to • Guest
Canceling a trip due to a Major Disruptive Event
If you need to cancel because a large-scale event at your destination prevents completion of your reservation, we can help.
Community policy • Home host
Host Cancellation Policy for homes
Because cancellations can disrupt guests' plans and impact confidence in the Airbnb community, there are penalties applied for Host cancellations.
How-to • Guest
Find the cancellation policy for any home, service, or experience
Here’s where to find the cancellation policy for any home, service, or experience.
Get help with your reservations, account, and more.
Log in or sign up
Site Footer
Support
Help Center
AirCover
Anti-discrimination
Disability support
Cancellation options
Report neighborhood concern
Hosting
Airbnb your home
AirCover for Hosts
Hosting resources
Community forum
Hosting responsibly
Airbnb-friendly apartments
Join a free Hosting class
Find a co‑host
Airbnb
2025 Summer Release
Newsroom
New features
Careers
Investors
Gift cards
Airbnb.org emergency stays
Footer section
© 2025 Airbnb, Inc.·Terms·Sitemap·Privacy·Your Privacy Choices
English (US)
€
EUR",2025-07-08T11:11:46.087Z,
service-host,Your reservations,Changes and Cancellations,https://www.airbnb.com/help/topic/1662,"Skip to content
Help Center
– home page
Search
Suggestions will show after typing in the search input. Use the up and down arrows to review. Use enter to select. If the selection is a phrase, that phrase will be submitted to search. If the suggestion is a link, the browser will navigate to that page.
Home
All topics
Your reservations
Changes and Cancellations
Changes and Cancellations
How-to • Experience host
Host Cancellation Policy for Services and Experiences
This Policy sets out the host’s responsibility to honor confirmed service or experience reservations on Airbnb.
How-to • เจ้าของที่พัก
Change your service or experience cancellation policy
Services and experiences have specific cancellation policies based on what they're offering.
How-to • เจ้าของที่พัก
Cancellation policies for service and experience listings
Most services and experiences will have a 1-day cancellation policy, but for certain services and experiences, hosts will have the option to choose a 3-day cancellation policy.
How-to
What guests need to know about a service or experience cancellation policy
Here’s how to find the cancellation policy for your service or experience reservation, whether you simply want to understand more or if you need to cancel.
How-to • Experience host
What to do if bad weather affects the service or experience you're hosting
If weather conditions are unsafe for guests before or during an experience, you may cancel the experience without fees or other consequences.
Community policy
Major Disruptive Events Policy
Find details on how cancellations are handled when unforeseen events beyond your control arise after booking and make it impracticable or illegal to complete your reservation.
Related topics
Refunds and reimbursements
Communicating with guests
Issues with a reservation
Site Footer
Support
Help Center
AirCover
Anti-discrimination
Disability support
Cancellation options
Report neighborhood concern
Hosting
Airbnb your home
AirCover for Hosts
Hosting resources
Community forum
Hosting responsibly
Airbnb-friendly apartments
Join a free Hosting class
Find a co‑host
Airbnb
2025 Summer Release
Newsroom
New features
Careers
Investors
Gift cards
Airbnb.org emergency stays
Footer section
© 2025 Airbnb, Inc.·Terms·Sitemap·Privacy·Your Privacy Choices
English (US)
€
EUR",3,Host Cancellation Policy for Services and Experiences | Change your service or experience cancellation policy | Cancellation policies for service and experience listings,"Host Cancellation Policy for Services and Experiences: Skip to content
Help Center
– home page
Search
Suggestions will show after typing in the search input. Use the up and down arrows to review. Use enter to select. If the selection is a phrase, that phrase will be submitted to search. If the suggestion is a link, the browser will navigate to that page.
Home
All topics
Your reservations
Changes and cancellations
Host Cancellation Policy for Services and Experiences
How-to • Experience host
Host Cancellation Policy for Services and Experiences

Although cancellations by hosts are rare, and some cancellations are beyond a host’s control, cancellations by hosts can disrupt guest plans and undermine confidence in our community.


This Policy sets out the host’s responsibility to honor confirmed service or experience reservations on Airbnb. If a host cancels a confirmed service or experience reservation, or is found to be responsible for a cancellation under this Policy, Airbnb may impose fees and other consequences. The fees and other consequences set out in this Policy are intended to reflect the costs and other impacts of these cancellations on guests, the broader host community, and Airbnb.

We will waive the fees and, in some cases, the other consequences, if the host cancels because of a Major Disruptive Event or certain valid reasons beyond the host’s control.

In this article
Cancellation fees
Other consequences
Situations in which fees may be waived
When a host may be found responsible for a cancellation
Other things to consider
Cancellation fees

If a host cancels a confirmed reservation, or is found to be responsible for a cancellation under this Policy, we may charge a cancellation fee of 20% of the booking value of the canceled service or experience. We’ll notify the host if a fee will be charged before they complete a cancellation.

When calculating cancellation fees, the booking value includes the base rate for the service or experience but excludes taxes or other fees. If the host cancels a reservation that has multiple guest bookings, such as multiple spots booked on a walking tour, then the cancellation fee will be based on the total booking value of all guest reservations booked for the canceled date(s) and time(s).

Cancellation fees are typically withheld from the host’s next payout(s) as provided in the Payments Terms of Service. In addition to the fees and consequences set out in this Policy, the host will not receive a payout for the canceled reservation. If the payout has already been made, then the amount of the payout will be withheld from the host’s next payout(s).

Other consequences

In addition to a cancellation fee, other consequences may apply, such as preventing the host from accepting another reservation on the affected date(s) or time(s) by blocking the calendar for the service or experience listing. Hosts who cancel confirmed bookings without a valid reason, who cancel frequently or are no-shows may experience additional adverse consequences, as explained in our Terms of Service and Host Ground Rules and Hosting Safety for Services and Experiences, such as removal of their service or experience from Airbnb.

Situations in which fees may be waived

We will waive the fees and any adverse consequences set out in this Policy when a host cancels for a valid reason beyond the host’s control that prevents them from honoring their service or experience. In the event a fee or adverse consequences are waived, we may still block the host’s calendar for the affected date(s) and time(s) to prevent rebookings. Some examples of valid reasons include:

Unexpected issues with the host’s health or venue conditions that are outside of the host’s control. This may include if the host has an illness or injury that prevents them from hosting the service or experience, or if the venue for the service or experience is unexpectedly unavailable or unsafe for hosting. If the service or experience takes place outdoors, a host may cancel if the weather prevents them from hosting. Unpleasant weather that does not prevent the service or experience from taking place is not a valid reason for cancellation.
If a guest causes a disruption that prevents the host from hosting or completing the activity. This may include a guest failing to provide accurate or complete information about their reservation (e.g., inaccurate number of guests or inaccurate location), failing to follow stated instructions, or behaving in a manner that violates our community policies.
The guest has several unfavorable reviews or a lack of profile information that concerns the host.
If a service or experience is at an Airbnb stay, and the stay has an issue that prevents hosting. If a guest has booked a service or experience to take place at an Airbnb stay, and an issue at the stay Listing prevents the service and experience from taking place, the host of the service or experience may cancel (e.g., the stay is canceled, or a guest books a chef service at a stay that does not have a working oven).
If the host and guest agree to an alternate date and/or time to hold the service or experience and the host cancels so that the guest can rebook. The host will need to contact us after canceling to let us know, and after we verify that the guest agreed to the change and rebooked, we’ll remove any fees and consequences that were applied.

The host will be required to provide documentation or other evidence to Airbnb to verify that they are cancelling for a valid reason. We will determine whether to waive any fees and other consequences after evaluating the available evidence. In general, the host will not receive a payout for the canceled reservation, even if we waive fees or other consequences. However, if the cancellation is due to a guest-caused disruption or an issue at the Airbnb stay that prevents the service or experience from continuing, the host may retain their payout.

If a problem stems from an API software provider and the host needs to cancel a reservation as a result, the host must provide evidence of the API software provider’s outage or incident for consideration when requesting a fees and consequences waiver.

When a host may be found responsible for a cancellation

A host of a service or experience may be responsible for a cancellation when it occurs because the execution of the service or experience differs substantially from how it was described at the time of booking. In these cases, the host may be subject to the fees and other adverse consequences laid out in this Policy, regardless of who initiates the cancellation. Examples include: failing to start the service or experience within 15 minutes of the stated start time, substituting a host or co-host to provide the service or experience that differs from the host booked by the guest, or failing to provide essential information to guests in a timely manner.

Service and experience hosts may not encourage a guest to cancel their reservation in an attempt to avoid fees and other consequences. If a guest cancels their reservation at the service or experience host’s request, including if the host promised a full or partial refund to induce the guest to cancel, we may find the host responsible for the cancellation under this Policy and may require the host to provide the stated refund to the guest by taking the refund out of the host’s next payout(s).

Other things to consider

If a host cannot honor a reservation—regardless of the reason—it’s the host’s responsibility to cancel in a timely manner to allow guests time to adjust their plans. Providing false statements or materials in connection with this Policy violates our Terms of Service and may result in further consequences, including account termination. This Policy applies to cancellations that occur on or after the effective date. Any right that guests or hosts may have to initiate legal action remains unaffected. Any changes to this Policy will be made in accordance with our Terms of Service. This Policy applies to service and experience listings, but does not apply to home listings.

Did this article help?
Yes
No
Related articles
How-to • Gast
If your host cancels your service or experience
If a host needs to cancel your service or experience, you'll be notified immediately and you'll be refunded in full.
How-to • Experience host
What to do if bad weather affects the service or experience you're hosting
If weather conditions are unsafe for guests before or during an experience, you may cancel the experience without fees or other consequences.
How-to
What guests need to know about a service or experience cancellation policy
Here’s how to find the cancellation policy for your service or experience reservation, whether you simply want to understand more or if you need to cancel.
Get help with your reservations, account, and more.
Log in or sign up
Site Footer
Support
Help Center
AirCover
Anti-discrimination
Disability support
Cancellation options
Report neighborhood concern
Hosting
Airbnb your home
AirCover for Hosts
Hosting resources
Community forum
Hosting responsibly
Airbnb-friendly apartments
Join a free Hosting class
Find a co‑host
Airbnb
2025 Summer Release
Newsroom
New features
Careers
Investors
Gift cards
Airbnb.org emergency stays
Footer section
© 2025 Airbnb, Inc.·Terms·Sitemap·Privacy·Your Privacy Choices
English (US)
€
EUR | Change your service or experience cancellation policy: Skip to content
Help Center
– home page
Search
Suggestions will show after typing in the search input. Use the up and down arrows to review. Use enter to select. If the selection is a phrase, that phrase will be submitted to search. If the suggestion is a link, the browser will navigate to that page.
Home
All topics
Managing your experience
Updating your experience page
Change your service or experience cancellation policy
How-to • Host
Change your service or experience cancellation policy

You can check the cancellation policy for your listing in your Listing editor and change it if the option is available. Note that depending on the type of service or experience you’re providing, additional cancellation policy options may not be available.

In this article
Most services and experiences have a 1-day cancellation policy
Certain services and experiences may have a 3-day cancellation policy
Change your service or experience cancellation policy
What happens to the cancellation policy for existing reservations when you make a change
Cancellation policy options for home hosts
Most services and experiences have a 1-day cancellation policy

This means guests can cancel for a full refund until 1 day (24 hours) before the service or experience start time (at the local time of the service or experience), and you won’t be paid for that booking.

Certain services and experiences may have a 3-day cancellation policy

In addition to the 1-day policy option, some hosts will have the option of choosing a cancellation policy that allows guests to cancel for a full refund until 3 days (72-hours) before the service or experience start time. This policy option is only available to certain hosts depending on their offering.

Change your service or experience cancellation policy
Desktop
iOS app
Android app
Mobile browser
Change your cancellation policy on desktop
Click Listings and select the listing you want to edit
Under Listing editor, click Cancellation policy
If you have an option, make your selection
What happens to the cancellation policy for existing reservations when you make a change

If you have the option to change to your cancellation policy for your service or experience, the changes will only apply to future reservations and won’t affect any pending or confirmed reservations. The cancellation policy that was set when you received a reservation will still apply to that reservation.

Cancellation policy options for home hosts

If you're a home host who wants to learn more about what cancellation policies are available, please refer to changing your home cancellation policy.

Did this article help?
Yes
No
Related articles
How-to • Home host
Change your home cancellation policy
It’s easy to change your cancellation policy once you decide on one that works for you.
How-to • Host
Cancellation policies for service and experience listings
Most services and experiences will have a 1-day cancellation policy, but for certain services and experiences, hosts will have the option to choose a 3-day cancellation policy.
Get help with your reservations, account, and more.
Log in or sign up
Site Footer
Support
Help Center
AirCover
Anti-discrimination
Disability support
Cancellation options
Report neighborhood concern
Hosting
Airbnb your home
AirCover for Hosts
Hosting resources
Community forum
Hosting responsibly
Airbnb-friendly apartments
Join a free Hosting class
Find a co‑host
Airbnb
2025 Summer Release
Newsroom
New features
Careers
Investors
Gift cards
Airbnb.org emergency stays
Footer section
© 2025 Airbnb, Inc.·Terms·Sitemap·Privacy·Your Privacy Choices
English (US)
€
EUR | Cancellation policies for service and experience listings: Skip to content
Help Center
– home page
Search
Suggestions will show after typing in the search input. Use the up and down arrows to review. Use enter to select. If the selection is a phrase, that phrase will be submitted to search. If the suggestion is a link, the browser will navigate to that page.
Home
All topics
Your reservations
Changes and cancellations
Cancellation policies for service and experience listings
How-to • Host
Cancellation policies for service and experience listings

Most services and experiences will have a 1-day cancellation policy. This means guests can cancel for a full refund until 1 day (24 hours) before the service or experience start time (at the local time of the service or experience), and the host won’t be paid for that booking.

For certain services and experiences, hosts will have the option to choose a 3-day cancellation policy when setting up or managing their listing. This means guests can cancel for a full refund until 3 days (72 hours) before the service or experience start time (at the local time of the service or experience), and the host won’t be paid for that booking. This policy option is only available to certain hosts depending on the specifications of their service or experience.

Guests can review the host’s cancellation policy when they book a service or experience.

When the listing cancellation policy may be overridden for a guest refund

There are certain circumstances in which a guest might be entitled to a refund notwithstanding the cancellation policy for the service or experience. For example, if a large-scale event at the location of the listing prevents or legally prohibits completion of the reservation, the Major Disruptive Events Policy will apply and a guest may cancel for a full refund. The host won’t get a payout for that booking, notwithstanding the listing cancellation policy.

The listing cancellation policy may be overridden in other situations as well, entitling guests to cancel for a refund. Find out more about when a cancellation policy may be overridden.

Our final decisions relating to cancellations and refunds do not affect other contractual or statutory rights that may be available to you. Any right that guests or hosts may have to initiate legal action remains unaffected.

Did this article help?
Yes
No
Related articles
Guide • Experience host
Changes and cancellations
We’ll help you navigate any cancellations or alterations, and explain what happens when changes are made.
How-to • Host
Exception requests for service or experience guest cancellations
If you need to refund a guest for service or experience, you can do so through your message thread.
How-to • Guest
What to do if the place you're staying isn’t clean at check-in
If you find that the place you’re staying in isn’t clean, report the issue to your Host or to Airbnb within 72 hours.
Get help with your reservations, account, and more.
Log in or sign up
Site Footer
Support
Help Center
AirCover
Anti-discrimination
Disability support
Cancellation options
Report neighborhood concern
Hosting
Airbnb your home
AirCover for Hosts
Hosting resources
Community forum
Hosting responsibly
Airbnb-friendly apartments
Join a free Hosting class
Find a co‑host
Airbnb
2025 Summer Release
Newsroom
New features
Careers
Investors
Gift cards
Airbnb.org emergency stays
Footer section
© 2025 Airbnb, Inc.·Terms·Sitemap·Privacy·Your Privacy Choices
English (US)
€
EUR",2025-07-08T11:12:04.856Z,
service-host,Your reservations,Refunds and reimbursements,https://www.airbnb.com/help/topic/1663,"Skip to content
Help Center
– home page
Search
Suggestions will show after typing in the search input. Use the up and down arrows to review. Use enter to select. If the selection is a phrase, that phrase will be submitted to search. If the suggestion is a link, the browser will navigate to that page.
Home
All topics
Your reservations
Refunds and reimbursements
Refunds and reimbursements
How-to
How the Resolution Center helps you
The Resolution Center lets you request or send money for things related to your home stay, service, or experience.
How-to
Find your Resolution Center requests
Check on the status of a Resolution Center request you sent, respond to one that you received, or review a past request.
How-to • Host
Request or send money in the Resolution Center
The Resolution Center makes it easy for hosts and guests to request or send money to one another for things related to an Airbnb home, service, or experience.
How-to • Host
Exception requests for service or experience guest cancellations
If you need to refund a guest for service or experience, you can do so through your message thread.
Related topics
Changes and Cancellations
Communicating with guests
Issues with a reservation
Site Footer
Support
Help Center
AirCover
Anti-discrimination
Disability support
Cancellation options
Report neighborhood concern
Hosting
Airbnb your home
AirCover for Hosts
Hosting resources
Community forum
Hosting responsibly
Airbnb-friendly apartments
Join a free Hosting class
Find a co‑host
Airbnb
2025 Summer Release
Newsroom
New features
Careers
Investors
Gift cards
Airbnb.org emergency stays
Footer section
© 2025 Airbnb, Inc.·Terms·Sitemap·Privacy·Your Privacy Choices
English (US)
€
EUR",3,How the Resolution Center helps you | Find your Resolution Center requests | Request or send money in the Resolution Center,"How the Resolution Center helps you: Skip to content
Help Center
– home page
Search
Suggestions will show after typing in the search input. Use the up and down arrows to review. Use enter to select. If the selection is a phrase, that phrase will be submitted to search. If the suggestion is a link, the browser will navigate to that page.
Home
All topics
About hosting
Protection and insurance
How the Resolution Center helps you
How-to
How the Resolution Center helps you

Need to send or request money for things related to your home stay, service, or experience? No problem! Go to the Resolution Center to open a refund or payment request.

In this article
Sending or requesting money in the Resolution Center
What you can use the Resolution Center for
What the Resolution Center can’t be used for
Where to find your Resolution Center requests
If a host and guest can't reach an agreement
Getting reimbursed for damage
Sending or requesting money in the Resolution Center

You may need to add a payment method before sending or requesting money through the Resolution Center.

You have up to 60 days after your reservation’s checkout date or the end of the service or experience to submit a Resolution Center request.

What you can use the Resolution Center for

Refunds

Refunds agreed upon by both host and guests
Requests from guests for refunds

Optional fees

For example:

Host offering paid transportation service to their home, business, or experience location 
Guest access to elected amenities or upgrades

Security deposits

Security deposits can only be charged by select software-connected hosts and must be properly disclosed in the appropriate fee field, so that it is disclosed to guests at checkout.
What the Resolution Center can’t be used for

Reservation alteration

You can’t use the Resolution Center to collect payment for additional costs or provide refunds for modifications to nights, guest count, or pet count. You must use Change reservation for reservation alterations.

Mandatory fees and security deposits

All mandatory fees must be disclosed in the appropriate fee field or in the nightly price if there is no applicable fee field. Including these fees in the listing description at the time of booking is insufficient. Limited exceptions exist:

Select software-connected hosts may collect payment for disclosed mandatory fees and security deposits separately in the Resolution Center. These mandatory fees include:
Utilities (water, heat, electricity, air conditioning)
Resort fees
Linen fees
Management fees
HOA fees
Cleaning fees
Security deposits

In locations where Airbnb does not collect taxes or where hosts are legally required to collect them directly from guests, hosts must disclose taxes in the listing description.

Hotel stays

The Resolution Center may not be available for use with some hotel stays. Hotels may also collect payment off of the Airbnb platform for optional fees (ex: parking) where it is in the course of normal business practices.

Where to find your Resolution Center requests

If a host or guest requests money for extra services or a refund, you’ll find their request in your email associated with your Airbnb account or in the Resolution Center.

If a host and guest can't reach an agreement

Every now and then, hosts and guests aren’t able to make it work. If you haven’t come to an agreement, you’ll see the option to ask Airbnb to help you mediate.

Issues must be reported to Airbnb within 72 hours of discovery to be eligible under our rebooking and refund policy for homes or our refund policy for services and experiences. From there, a dedicated team member will review the info provided by everyone and ask questions (if necessary) before making a final decision.

Getting reimbursed for damage

Sometimes accidents happen, which is why there’s AirCover for Hosts. 

AirCover for Hosts is top-to-bottom protection for hosts. It includes $3 million in Host damage protection, in addition to $1 million liability insurance, guest identity verification, reservation screening and a 24-hour safety line. It’s always included and always free whenever you host.

If a guest causes damage to your place or belongings during an Airbnb stay, you can file a reimbursement request through our Resolution Centre. You’re reimbursed for certain damage caused by guests to your home and belongings if the guest does not pay for the damage. Learn about the process.

Host damage protection isn’t an insurance policy. Host damage protection and Experiences & Services liability insurance don’t cover Hosts who offer stays through Airbnb Travel, LLC or Hosts who offer Stays or Experiences in Japan – where Japan Host Insurance and Japan Experience Protection Insurance apply. For listings in Washington state, Airbnb’s contractual obligations under Host damage protection are covered by an insurance policy purchased by Airbnb. For hosts whose country of residence or establishment is outside of Australia, these Host Damage Protection Terms apply. For Hosts whose country of residence or establishment is within Australia, Host damage protection is subject to the Host Damage Protection Terms for Australian Users. Keep in mind that all coverage limits are shown in USD.

Host liability insurance and Experiences & Services liability insurance are underwritten by third-party insurers. If you’re hosting in the UK, the Host liability insurance policy and Experiences & Services liability insurance policy are underwritten by Zurich Insurance Company Ltd and are arranged and concluded at no additional cost for UK Hosts by Airbnb UK Services Limited – an appointed representative of Aon UK Limited, authorised and regulated by the Financial Conduct Authority. Aon’s FCA register number is 310451. You can check this on the Financial Services Register by visiting the FCA’s website or contacting the FCA on 0800 111 6768. The Host liability and Experiences & Services liability policies within AirCover for Hosts are regulated by the Financial Conduct Authority; the remaining products and services are not regulated products arranged by Airbnb UK Services Limited. FP.AFF.476.LC

In the EU, these policies have been arranged and concluded at no additional cost for the benefit of EU Hosts by Airbnb Marketing Services SLU, an external collaborator of Aon Iberia Correduría de Seguros y Reaseguros, SAU, which is authorised and regulated by Autoridad de Control de la Dirección General de Seguros y Fondos de Pensiones, registered by the serial number of J0170. Aon Iberia Correduría de Seguros y Reaseguros SAU is acting as intermediary for the EU, participating in the distribution of insurance in EU countries under the freedom of services regime to provide services under the Spanish Insurance Distribution Law, the Insurance Distribution Directive, and other legal or regulatory provisions. Without prejudice to the authority of the Host country where insurance distribution services are provided, the member state responsible for the supervision of Aon is the Kingdom of Spain and the Supervisory Authority, the General Directorate of Insurance and Pension Funds, at Paseo de la Castellana 44, 28046 – Madrid.

Did this article help?
Yes
No
Related articles
How-to • Guest
If a host asks for more money
All pricing information is included when you book a home, service, or experience—but there are a few situations where you may owe more after paying.
Guide • Guest
Help with post-trip issues
Your trip is over, but there are a few things to wrap up (maybe you left something at the place, or your Host charged you for something extra).
How-to • Guest
After your trip: Handling disagreements
If your disagreement is money-related, you can use our Resolution Center to request or send money for things related to your Airbnb trip.
Get help with your reservations, account, and more.
Log in or sign up
Site Footer
Support
Help Center
AirCover
Anti-discrimination
Disability support
Cancellation options
Report neighborhood concern
Hosting
Airbnb your home
AirCover for Hosts
Hosting resources
Community forum
Hosting responsibly
Airbnb-friendly apartments
Join a free Hosting class
Find a co‑host
Airbnb
2025 Summer Release
Newsroom
New features
Careers
Investors
Gift cards
Airbnb.org emergency stays
Footer section
© 2025 Airbnb, Inc.·Terms·Sitemap·Privacy·Your Privacy Choices
English (US)
€
EUR | Find your Resolution Center requests: Skip to content
Help Center
– home page
Search
Suggestions will show after typing in the search input. Use the up and down arrows to review. Use enter to select. If the selection is a phrase, that phrase will be submitted to search. If the suggestion is a link, the browser will navigate to that page.
Home
All topics
Your reservations
Guest refunds and reimbursements
Find your Resolution Center requests
How-to
Find your Resolution Center requests

Want to check on the status of a request you sent, respond to one that you received, or review a past request? Learn how to find Resolution Center requests.

Find a request in the Resolution Center
Desktop
iOS app
Android app
Mobile browser
Find a request in the Resolution Center on desktop
Click Resolution Center
Locate the request you want and click anywhere in the row to open it
If you need to submit a new request in the Resolution Center

Find out how to send or request money in the Resolution Center.

Did this article help?
Yes
No
Related articles
How-to • Ev sahibi
Request or send money in the Resolution Center
The Resolution Center makes it easy for hosts and guests to request or send money to one another for things related to an Airbnb home, service, or experience.
Get help with your reservations, account, and more.
Log in or sign up
Site Footer
Support
Help Center
AirCover
Anti-discrimination
Disability support
Cancellation options
Report neighborhood concern
Hosting
Airbnb your home
AirCover for Hosts
Hosting resources
Community forum
Hosting responsibly
Airbnb-friendly apartments
Join a free Hosting class
Find a co‑host
Airbnb
2025 Summer Release
Newsroom
New features
Careers
Investors
Gift cards
Airbnb.org emergency stays
Footer section
© 2025 Airbnb, Inc.·Terms·Sitemap·Privacy·Your Privacy Choices
English (US)
€
EUR | Request or send money in the Resolution Center: Skip to content
Help Center
– home page
Search
Suggestions will show after typing in the search input. Use the up and down arrows to review. Use enter to select. If the selection is a phrase, that phrase will be submitted to search. If the suggestion is a link, the browser will navigate to that page.
Home
All topics
Payments and pricing
Refunds
Request or send money in the Resolution Center
How-to • Anfitrião
Request or send money in the Resolution Center

A host sending their guest a partial refund for a missing amenity, a guest sending their host a payment for breaking a coffee mug, and much more—the Resolution Center makes it easy to handle money-related requests for an Airbnb home, service, or experience.


In this article
How hosts can use the Resolution Center
Request money from your host or guest in the Resolution Center
Send money to your host or guest in the Resolution Center
If the reservation completion date was more than 60 days ago
If the reservation hasn’t yet started
If the reservation check-in or start time has passed
If the reservation is a hotel stay
How hosts can use the Resolution Center

Just keep in mind that:

You must use Airbnb’s Change reservation tool for reservation alterations. You can’t use the Resolution Center to collect payment for additional costs or provide refunds to nights, guest count, or pet count.
With few exceptions, hosts cannot charge guests for mandatory fees through the Resolution Center. Exceptions include:
Select software-connected hosts that may collect payment for mandatory fees and security deposits separately in the Resolution Center. These fees would be detailed in the listing’s price breakdown at checkout.
In locations where Airbnb does not collect taxes or where hosts are legally required to collect them directly from guests, hosts must disclose taxes in the listing description and may collect them over the Resolution Center.

Learn more about what the Resolution Center can and cannot be used for.

Request money from your host or guest in the Resolution Center
Desktop
iOS app
Android app
Mobile browser
Request money from your host or guest on desktop
Click Resolution Center and then click Request money
Select the reservation and click Choose
Under What is this request for?, choose the reason that best describes why you’re requesting money
Enter the amount you’re requesting
Upload optional attachments and add a note
Click Next and then Request
Send money to your host or guest in the Resolution Center
Desktop
iOS app
Android app
Mobile browser
Send money on desktop
Click Resolution Center and then click Send money
Select the reservation and click Choose
Under What is this payment for?, choose the reason that best describes why you’re sending money
Enter the payment amount and add a note
Click Next
Choose a payment method and then click Confirm and pay
If the reservation completion date was more than 60 days ago

You can only submit a new Resolution Center request up to 60 days after a completed reservation (except for damage-related claims, which need to be filed 14 days within checkout).

You can respond to an existing Resolution Center request—like choosing to pay the full amount, paying a different amount, or declining the request—more than 60 days after checkout, as long as the request was submitted within the 60 days after completion.

If the reservation hasn’t yet started

Hosts can use the Resolution Center to request money from a guest before their confirmed reservation starts, but they can't send money to a guest until the reservation has started or has been canceled. Guests can send money to a host before their reservation starts, but they can’t request money from a host until their reservation has started.

If a guest cancels their reservation before it starts and their host has agreed to a full refund, either the guest or host can initiate it:

The guest can request a full refund from the host in the Resolution Center
The host can contact Airbnb to have our Community Support team refund the guest in full
If the reservation check-in or start time has passed

Hosts and guests can both use the Resolution Center to send or request money from one another after the reservation starts.

If a guest cancels their reservation and it’s past the start date or time, their host can send a full refund to the guest in the Resolution Center.

If the reservation is a hotel stay

The Resolution Center may not be available for use with some hotel stays. In those cases, guests of hotel stays and their hosts will need to resolve any money-related requests directly.

Did this article help?
Yes
No
Related articles
How-to
How the Resolution Center helps you
The Resolution Center lets you request or send money for things related to your home stay, service, or experience.
How-to • Home host
Managing listings with property management software
If the team owner account manages Airbnb listings through property management software, the software can be used to manage listings created by the hosting team.
Get help with your reservations, account, and more.
Log in or sign up
Site Footer
Support
Help Center
AirCover
Anti-discrimination
Disability support
Cancellation options
Report neighborhood concern
Hosting
Airbnb your home
AirCover for Hosts
Hosting resources
Community forum
Hosting responsibly
Airbnb-friendly apartments
Join a free Hosting class
Find a co‑host
Airbnb
2025 Summer Release
Newsroom
New features
Careers
Investors
Gift cards
Airbnb.org emergency stays
Footer section
© 2025 Airbnb, Inc.·Terms·Sitemap·Privacy·Your Privacy Choices
English (US)
€
EUR",2025-07-08T11:12:23.729Z,
service-host,Your reservations,Communicating with guests,https://www.airbnb.com/help/topic/1664,"Skip to content
Help Center
– home page
Search
Suggestions will show after typing in the search input. Use the up and down arrows to review. Use enter to select. If the selection is a phrase, that phrase will be submitted to search. If the suggestion is a link, the browser will navigate to that page.
Home
All topics
Your reservations
Communicating with guests
Communicating with guests
How-to
How to read and send messages
You must be logged in to your Airbnb account to read or send messages. You can click or tap on a message thread to read existing messages or send a new one.
How-to • Hôte de logement
Communicating with guests about their service or experience
Use the message thread to communicate with guests before or after you receive notification of their booking.
How-to • Hôte de logement
Managing guest messages
Hosts use messaging to connect with guests before, during, and after a home stay, service, or experience.
How-to
Why we review messages on Airbnb
We remove text from messages when our system detects words or numbers that might include contact info.
How-to
Manage all your Airbnb messages
However you travel or host, it’s good to know that all your messages are organized and searchable in one place.
How-to • Hôte de logement
Create and send quick replies to guests
Hosts can create quick reply templates personalized with details that dynamically complete guest, reservation, and listing details.
How-to
Send photos and videos in a message
Once a reservation for a home, service or experience is confirmed, you can share photos and videos in a message.
Related topics
Changes and Cancellations
Refunds and reimbursements
Issues with a reservation
Site Footer
Support
Help Center
AirCover
Anti-discrimination
Disability support
Cancellation options
Report neighborhood concern
Hosting
Airbnb your home
AirCover for Hosts
Hosting resources
Community forum
Hosting responsibly
Airbnb-friendly apartments
Join a free Hosting class
Find a co‑host
Airbnb
2025 Summer Release
Newsroom
New features
Careers
Investors
Gift cards
Airbnb.org emergency stays
Footer section
© 2025 Airbnb, Inc.·Terms·Sitemap·Privacy·Your Privacy Choices
English (US)
€
EUR",3,How to read and send messages | Communicating with guests about their service or experience | Managing guest messages,"How to read and send messages: Skip to content
Help Center
– home page
Search
Suggestions will show after typing in the search input. Use the up and down arrows to review. Use enter to select. If the selection is a phrase, that phrase will be submitted to search. If the suggestion is a link, the browser will navigate to that page.
Home
All topics
Searching and booking
Messaging
How to read and send messages
How-to
How to read and send messages

It all starts with a message, whether you’re a guest who has a question about a listing or a host who wants to share information about your home, service, or experience. You’ll just need to be logged in to your Airbnb account first to read or send messages in the Airbnb app or website.


In this article
Automatic group threads keep everyone informed
Read and send messages as a host
Read and send messages as a guest
Manage your messages
Threaded replies
Messaging limits
Automatic group threads keep everyone informed

Your Messages will help you keep your communication organized for all your trips. Every reservation automatically creates a group thread where all bookers, co-travelers, hosts and co-hosts can connect.

Just click on a message thread to read an existing message or send a new one. By default, read receipts are enabled for all messages on Airbnb to help keep communication between guests and hosts transparent.

Read and send messages as a host

If you’re a host, just go to your Messages and click on a message thread to read an existing message or send a new one.

If you’re hosting an experience and need to chat with a guest privately, you have that option. Just head to Details and click or tap the messaging icon next to their name under Who’s going.

Read and send messages as a guest

Guests can message a host before a reservation, after a trip is confirmed, or after the trip is completed. They can always find their message threads by going to Messages.

Need to get in contact with the host of an experience? You can contact them privately by heading to Details and tapping or clicking Message host(s).

Manage your messages

You can filter, search, and archive your messages to stay on top of your conversations. Made a mistake? You can edit a message within 15 minutes after sending it, or unsend your message up to 24 hours after it’s sent.

Threaded replies

Guests and hosts can reply directly to specific messages anywhere in the thread, so it’s easier to keep track of responses as conversations grow busier.

Messaging limits

Guests and hosts are limited to 25 messages within any 24-hour period or 10 messages per hour. They’ll see an error message if they’ve reached their message limit.

If a message makes you feel uncomfortable or someone tries to get you to pay outside Airbnb, click or tap the flag or three dots next to the message and select report this message to let us know. 

Did this article help?
Yes
No
Related articles
How-to • Huésped
Contacting hosts
If you want to find out more about a home, service, or experience before booking, you can message the host on Airbnb.
How-to • Travel admin
How messaging works when you use Airbnb for Work
Both the company's travel admin or trip planner and the business traveler will join the message thread with the host.
How-to
Updating your host profile: What I do for work
As a host, sharing more information about yourself, such as your profession, helps the Airbnb community get to know you better.
Get help with your reservations, account, and more.
Log in or sign up
Site Footer
Support
Help Center
AirCover
Anti-discrimination
Disability support
Cancellation options
Report neighborhood concern
Hosting
Airbnb your home
AirCover for Hosts
Hosting resources
Community forum
Hosting responsibly
Airbnb-friendly apartments
Join a free Hosting class
Find a co‑host
Airbnb
2025 Summer Release
Newsroom
New features
Careers
Investors
Gift cards
Airbnb.org emergency stays
Footer section
© 2025 Airbnb, Inc.·Terms·Sitemap·Privacy·Your Privacy Choices
English (US)
€
EUR | Communicating with guests about their service or experience: Skip to content
Help Center
– home page
Search
Suggestions will show after typing in the search input. Use the up and down arrows to review. Use enter to select. If the selection is a phrase, that phrase will be submitted to search. If the suggestion is a link, the browser will navigate to that page.
Home
All topics
Your reservations
Communicating with guests
Communicating with guests about their service or experience
How-to • Host
Communicating with guests about their service or experience

As soon as you publish your service or experience on Airbnb, guests can start booking available dates. Guests may reach out to ask questions about your listing before they make a reservation by using Contact host.

When someone makes a reservation, we’ll send you a confirmation email with details on who’s coming and how many guests to expect. The email will also include a link to message them through our platform.

How message threads help hosts

Every reservation automatically creates a group thread where all bookers, guests, hosts and co-hosts can connect. We recommend sending guests a message after booking—to introduce yourself, answer any questions, and share what they can expect from your service or experience. It's a great way to get to know each other in advance.

If you’re hosting an experience and need to chat with a guest privately, you have that option. Click or tap Details and find them in Who’s going. You can tap Messages  to send a message to an individual guest. This message will be private between you, the guest, and any co-hosts.

Note: Private message threads cannot be created with individual guests of services.

Share a taste of what’s coming with photos and videos

You can send photos and videos to get guests excited about their upcoming service or experience or share memories after the service or experience. All of the photos and videos sent between guests, hosts, and co-hosts can be viewed in the Gallery section of your Details.

Want to improve guest communication? Learn more about managing guest messages.

Did this article help?
Yes
No
Related articles
How-to • Experience host
Choosing great photos for your Airbnb Experience
You’ll need at least 5 great, high-quality photos that capture the essence of your experience. These photos should tell your unique story and they’ll be displayed in a grid on your experience page.
How-to • Host
How booking works for hosts of services and experiences
When a guest books a service or experience, you’ll receive their information and we’ll let them know all the details about their reservation.
Guide • Experience host
Managing your experience
Get important tips and tools to help you manage your reservations and your calendar.
Get help with your reservations, account, and more.
Log in or sign up
Site Footer
Support
Help Center
AirCover
Anti-discrimination
Disability support
Cancellation options
Report neighborhood concern
Hosting
Airbnb your home
AirCover for Hosts
Hosting resources
Community forum
Hosting responsibly
Airbnb-friendly apartments
Join a free Hosting class
Find a co‑host
Airbnb
2025 Summer Release
Newsroom
New features
Careers
Investors
Gift cards
Airbnb.org emergency stays
Footer section
© 2025 Airbnb, Inc.·Terms·Sitemap·Privacy·Your Privacy Choices
English (US)
€
EUR | Managing guest messages: Skip to content
Help Center
– home page
Search
Suggestions will show after typing in the search input. Use the up and down arrows to review. Use enter to select. If the selection is a phrase, that phrase will be submitted to search. If the suggestion is a link, the browser will navigate to that page.
Home
All topics
Your reservations
Messaging with guests
Managing guest messages
How-to • Host
Managing guest messages

Hosting starts with a warm welcome, and your first message with your guests sets the tone for your future conversations. You can use Messages to connect with guests before, during, and after a home stay, service, or experience.

In this article
Connect with everyone in a group message thread
Direct messages for experience hosts
Search messages easily
Filters keep you focused
Managing messages with a team
Connect with everyone in a group message thread
Hosts will be added to a group thread where all bookers, co-hosts, and additional guests can connect once a reservation has been confirmed. Guest information and reservation details are always available by clicking or tapping Details at the top of each specific messaging thread. You’ll be able to differentiate between the booker and co-traveler in the message thread.

Save time with quick replies and scheduled quick replies, which allow you to send personalized messages quickly and automatically.

Direct messages for experience hosts

If you’re hosting an experience and need to chat with a guest privately, you have that option. Click or tap Details and find them in Who’s going. You can tap Messages  to send a message to an individual guest. You can also give guests a better idea of what you provide with photos and videos.

Search messages easily

You can quickly and easily search your messages by specific word, guest name, or confirmation code using the magnifying glass icon at the top of the message thread list. If you can’t remember a person’s name or topic of conversation, just start typing to see possible results in real-time.

Filters keep you focused

Organization starts with the filters. You can apply a quick filter to differentiate the type of thread you want to access. Ex: Hosting, Experiences, Support.

The Starred filter helps you focus on the messages you marked as most important, and the Unread filter displays only unread messages, or messages you’ve marked as unread. You can also filter by listing (if you have more than one) and stage of trip:

Reservation requests
Upcoming reservations
Currently hosting
Past reservations

Your conversations with Airbnb customer support are filtered into the Airbnb Support folder.

Archive filters

It’s easy to archive messages in the Archive folder. Archived messages will return to the All messages folder if a guest sends a new message.

Managing messages with a team

If you host with a team, every team member with guest management permissions will receive the same messages, but they can customize their own messages using the star, read/unread, and archive tools. These team members can also view and interact with support threads for hosting tickets created by their teammates.

Did this article help?
Yes
No
Related articles
How-to • Guest
Buying services and experiences for other people
Find out how to share an Airbnb service or experience with friends.
How-to
How Early Access works
Early Access allows you to explore new features before they’re available to everyone else and to let us know what you think.
How-to • Guest
What guest info is shared with hosts before booking
When requesting to book, a limited version of the guest's profile is shown to the host. The guest's profile photo is not shared until after booking.
Get help with your reservations, account, and more.
Log in or sign up
Site Footer
Support
Help Center
AirCover
Anti-discrimination
Disability support
Cancellation options
Report neighborhood concern
Hosting
Airbnb your home
AirCover for Hosts
Hosting resources
Community forum
Hosting responsibly
Airbnb-friendly apartments
Join a free Hosting class
Find a co‑host
Airbnb
2025 Summer Release
Newsroom
New features
Careers
Investors
Gift cards
Airbnb.org emergency stays
Footer section
© 2025 Airbnb, Inc.·Terms·Sitemap·Privacy·Your Privacy Choices
English (US)
€
EUR",2025-07-08T11:12:42.625Z,
service-host,Your reservations,Issues with a reservation,https://www.airbnb.com/help/topic/1665,"Skip to content
Help Center
– home page
Search
Suggestions will show after typing in the search input. Use the up and down arrows to review. Use enter to select. If the selection is a phrase, that phrase will be submitted to search. If the suggestion is a link, the browser will navigate to that page.
Home
All topics
Your reservations
Issues with a reservation
Issues with a reservation
How-to • Experience host
Experiences & Services liability insurance
Experiences & Services liability insurance is a key component of AirCover for hosts, which is top-to-bottom protection for Airbnb hosts.
How-to
For hosts—injuries during an Airbnb Service or Experience
You should get everyone to a safe place and contact local emergency services immediately. After that, report the incident to us.
How-to • Home host
Update your house rules to share which services you allow
Services can be offered in an Airbnb home, out in a place of business, or out in the world. If you’re a home host, you have the option to allow some, all, or none of the categories in your home, and will need to contact us to update your house rules to reflect your choices.
Related topics
Changes and Cancellations
Refunds and reimbursements
Communicating with guests
Site Footer
Support
Help Center
AirCover
Anti-discrimination
Disability support
Cancellation options
Report neighborhood concern
Hosting
Airbnb your home
AirCover for Hosts
Hosting resources
Community forum
Hosting responsibly
Airbnb-friendly apartments
Join a free Hosting class
Find a co‑host
Airbnb
2025 Summer Release
Newsroom
New features
Careers
Investors
Gift cards
Airbnb.org emergency stays
Footer section
© 2025 Airbnb, Inc.·Terms·Sitemap·Privacy·Your Privacy Choices
English (US)
€
EUR",3,Experiences & Services liability insurance | For hosts—injuries during an Airbnb Service or Experience | Update your house rules to share which services you allow,"Experiences & Services liability insurance: Skip to content
Help Center
– home page
Search
Suggestions will show after typing in the search input. Use the up and down arrows to review. Use enter to select. If the selection is a phrase, that phrase will be submitted to search. If the suggestion is a link, the browser will navigate to that page.
Home
All topics
About hosting
Protection and insurance
Experiences & Services liability insurance
How-to • Experience host
Experiences & Services liability insurance

Experiences & Services liability insurance (“ELI Program”), a part of AirCover for Hosts, provides Hosts with $1 million in coverage in the rare event you are found legally responsible for a guest getting hurt or their belongings being damaged or stolen during an Airbnb Experience or Service. People who help you host, like Co-Hosts, are also included, so you can feel confident hosting on Airbnb.

Airbnb requires that all Experience and Service Hosts maintain liability insurance appropriate for their business. Based on the type of Experience or Service you want to host, you may be required to provide proof of licensure and/or insurance as part of the submission process. When insurance maintained by an Experience or Service Host applies to a claim, the ELI Program provides coverage to the extent the claim exceeds the Experience or Service Host’s insurance limits.

To learn more about Experiences & Services liability insurance, go to the comprehensive program summary.

Start a liability claim

File a claim if a guest gets hurt or their belongings are damaged or stolen.

Go to intake form

What's covered

Experiences & Services liability insurance covers you if you’re found legally responsible for:

Bodily injury to a guest (or others)
Damage to or theft of property belonging to a guest (or others)

The incident must arise out of the booking of an Airbnb Experience or Service through the Airbnb platform and occur during the Experience or Service, or while you’re preparing for or cleaning up after your Experience or Service, not to exceed a 24 hour period.

Experiences & Services liability insurance doesn't cover:

Damage or injury to a guest resulting from something done intentionally
Damage, loss, or theft to your personal property
Experiences involving aircraft or certain types of extreme activities (like bungee jumping)
Online-related risks such as defamation, theft of electronic data, or infringement of intellectual property rights
Other exclusions apply
The claims process

If you need to file a claim, just fill out our liability insurance intake form. The info will be sent to our trusted third-party insurer, who will assign your claim to a representative. They’ll resolve your claim according to the terms of the insurance policy.

No opt-in required


AirCover for Hosts and its benefits are always included and always free. By simply agreeing to host or continuing to host an Experience or Service, you are automatically covered whenever you host an Airbnb Experience or Service.

If you want to opt out


Email us from the email address associated with your Host account. Be sure to include the exact title of your listing, your full name, and the phone number associated with your Host account.

The email link above is only for opting out.

Please note that Hosts in the UK can’t opt out of this free liability insurance.

To learn more about Experiences liability insurance, go to the comprehensive program summary.

Disclaimer: Experiences & Services liability insurance doesn’t cover Hosts who offer experiences in Japan. For Hosts who offered experiences in mainland China, the China Host Protection Plan applies. Keep in mind that all coverage limits are shown in USD, and that there are other terms, conditions, and exclusions. If you’re hosting in the UK, the Experiences & Services liability insurance policy is underwritten by Zurich Insurance Company Ltd., and is arranged and concluded at no additional cost for UK Hosts by Airbnb UK Services Limited—an appointed representative of Aon UK Limited, authorized and regulated by the Financial Conduct Authority. Aon’s FCA register number is 310451. You can check this on the Financial Services Register by visiting the FCA’s website or contacting the FCA on 0800 111 6768. FP.AFF.416.LC If you’re hosting in the EU, you can access the full details of the insurance intermediary here.
Note: This article is part of Getting protected through AirCover for Hosts, a guide about damage and liability coverage.
Did this article help?
Yes
No
Related articles
Legal terms • Host
Host Liability Insurance Program Summary
Details on this key component of AirCover for hosts, which is top-to-bottom protection for Airbnb hosts.
How-to • Host
Host liability insurance
Host liability insurance is a key component of AirCover for hosts, which is top-to-bottom protection for Airbnb hosts.
Community policy • Experience host
Airbnb Services and Experiences standards and requirements
Find details on the standards and requirements that Airbnb Services and Experiences hosts must meet.
Get help with your reservations, account, and more.
Log in or sign up
Site Footer
Support
Help Center
AirCover
Anti-discrimination
Disability support
Cancellation options
Report neighborhood concern
Hosting
Airbnb your home
AirCover for Hosts
Hosting resources
Community forum
Hosting responsibly
Airbnb-friendly apartments
Join a free Hosting class
Find a co‑host
Airbnb
2025 Summer Release
Newsroom
New features
Careers
Investors
Gift cards
Airbnb.org emergency stays
Footer section
© 2025 Airbnb, Inc.·Terms·Sitemap·Privacy·Your Privacy Choices
English (US)
€
EUR | For hosts—injuries during an Airbnb Service or Experience: Skip to content
Help Center
– home page
Search
Suggestions will show after typing in the search input. Use the up and down arrows to review. Use enter to select. If the selection is a phrase, that phrase will be submitted to search. If the suggestion is a link, the browser will navigate to that page.
Home
All topics
Safety
Safety concerns
For hosts—injuries during an Airbnb Service or Experience
How-to
For hosts—injuries during an Airbnb Service or Experience

The safety of our community is a top priority—and we know that, as the host of a service or experience, it’s on your mind too. If someone is injured or requires medical attention during a service or experience, get everyone to a safe place and contact local emergency services immediately.

Once immediate needs are addressed, contact us to report the incident and please let us know if we can help.

Learn more about our hosting safety expectations.

Find in-depth information on safety tips and guidelines for guests and hosts. Check out more safety resources in the USA.

Did this article help?
Yes
No
Related articles
How-to
If you're injured on an Airbnb service or experience
If you’re injured or require medical attention while on an experience, get to a safe place and contact local emergency services immediately.
How-to • Anfitrión
Host liability insurance
Host liability insurance is a key component of AirCover for hosts, which is top-to-bottom protection for Airbnb hosts.
Community policy • Experience host
Airbnb Services and Experiences standards and requirements
Find details on the standards and requirements that Airbnb Services and Experiences hosts must meet.
Get help with your reservations, account, and more.
Log in or sign up
Site Footer
Support
Help Center
AirCover
Anti-discrimination
Disability support
Cancellation options
Report neighborhood concern
Hosting
Airbnb your home
AirCover for Hosts
Hosting resources
Community forum
Hosting responsibly
Airbnb-friendly apartments
Join a free Hosting class
Find a co‑host
Airbnb
2025 Summer Release
Newsroom
New features
Careers
Investors
Gift cards
Airbnb.org emergency stays
Footer section
© 2025 Airbnb, Inc.·Terms·Sitemap·Privacy·Your Privacy Choices
English (US)
€
EUR | Update your house rules to share which services you allow: Skip to content
Help Center
– home page
Search
Suggestions will show after typing in the search input. Use the up and down arrows to review. Use enter to select. If the selection is a phrase, that phrase will be submitted to search. If the suggestion is a link, the browser will navigate to that page.
Home
All topics
Your reservations
Issues with a reservation
Update your house rules to share which services you allow
How-to • Home host
Update your house rules to share which services you allow

Airbnb Services make trips more special for guests with incredible offerings—like photography, massages, and spa treatments—that can take place in your home or at your service host's location, at a place of business, or in a public space. Service hosts are experienced, covered under Experience and Services liability insurance, and have completed identity verification. 

As a home host, you can choose which services you’ll allow in your home. Once you decide, contact us to update your house rules so guests know which services are allowed.   

Allowing services at your place

It’s up to you to decide which services can take place in your home. Types of services include:

Chefs: Fully customizable in-home meals from professional chefs
Photography: Personalized photo sessions from experienced photographers 
Catering: Full-service catering with custom menus, decor, and equipment, plus setup and cleanup 
Personal training: Yoga strength training, HIIT, and more, with personal trainers, including renowned fitness professionals and world-champion athletes
Massage: Restorative massages including Swedish, deep tissue, and reflexology from experienced therapists
Spa treatments: Facials, microdermabrasion, body scrubs, and other treatments, provided by professional estheticians
Hair: Professional haircuts, blowouts, and more from experienced stylists 
Makeup: Makeup for every day or special occasions from professional makeup artists
Nails: Manicures and pedicures from experienced nail specialists

If there are any services you’d rather not allow in your listing, contact us so a team member can help you update your house rules.

If you don’t want to allow any services at your place

If you want to tell guests that you don't allow certain services to take place in your home, contact us so a team member can help you update your house rules.

Note: Prepared meals (ready-to-eat meals prepared by professional chefs) are allowed for all home listings since those are delivered and won’t take place in your home.

Did this article help?
Yes
No
Related articles
How-to • Service host
Sign up to provide a service on Airbnb
If you want to provide a service on Airbnb, make sure to meet our standards and ground rules before creating a listing. Let’s get started.
Community policy • Experience host
Airbnb Services and Experiences standards and requirements
Find details on the standards and requirements that Airbnb Services and Experiences hosts must meet.
Rules • Misafir
How Airbnb Services and Experiences are vetted for quality
Services and experiences on Airbnb are vetted for quality to help guests book with confidence.
Get help with your reservations, account, and more.
Log in or sign up
Site Footer
Support
Help Center
AirCover
Anti-discrimination
Disability support
Cancellation options
Report neighborhood concern
Hosting
Airbnb your home
AirCover for Hosts
Hosting resources
Community forum
Hosting responsibly
Airbnb-friendly apartments
Join a free Hosting class
Find a co‑host
Airbnb
2025 Summer Release
Newsroom
New features
Careers
Investors
Gift cards
Airbnb.org emergency stays
Footer section
© 2025 Airbnb, Inc.·Terms·Sitemap·Privacy·Your Privacy Choices
English (US)
€
EUR",2025-07-08T11:13:01.426Z,
service-host,Payouts and taxes,Payouts,https://www.airbnb.com/help/topic/1651,"Skip to content
Help Center
– home page
Search
Suggestions will show after typing in the search input. Use the up and down arrows to review. Use enter to select. If the selection is a phrase, that phrase will be submitted to search. If the suggestion is a link, the browser will navigate to that page.
Home
All topics
Payouts and taxes
Payouts
Payouts
Fixing payout issues
How-to • Host
Why does Airbnb charge service fees for services and experiences?
We charge a service fee to help cover the costs of the products, services, and support we provide.
How-to • Host
What an adjustment on your earnings means
An adjustment is an amount of money a host owes as a result of a cancellation, reservation change, or violation of our Guest Refund Policy.
How-to • Host
What it means when a payout method is “not available”
If a payout method available in the past is no longer supported, it’s usually because of changes to local laws or regulations for your country or region.
How-to • Host
Requests to update your payout method
It’s our priority to make sure you get paid, and in some cases, we may request that you provide necessary updates for your payout info within a certain timeframe.
How-to
If you've received an extra payout
No need to do anything. The amount you were overpaid will be automatically deducted from your future payout(s).
How-to • Host
How long it takes for payout methods to be verified
After you add a payout method, it takes some time for it to be verified. While it's being verified, its status shows as Pending. Verification time depends on the payout method.
Payment methods
How-to • Host
Add a payout method
You can add or change payout methods in your account settings.
How-to • Host
Choose a default payout method
When you add more than one payout method, you can specify which one you want to be your default.
How-to • Host
Changing your payout method when you have an unpaid Airbnb balance
You can’t change your payout method if you have a pending payout adjustment.
How-to • Host
Split payouts between different payout methods
Once a payout method that you've added is ready, you can split your payouts by listing, percentage, or both using routing rules.
How-to • Host
How to use PayPal for payouts
If PayPal appears as an option for your selected country, you'll be able to connect your existing PayPal account as a payout method.
How-to • Host
Payouts by Fast Pay
Fast Pay is a quick and flexible option for getting your earnings. You can opt in or out anytime, depending on your needs.
How-to • Host
Payouts by Western Union
If Western Union shows as an option for your selected country, you'll be able to use it as a payout method.
How-to • Host
Payouts by international wire transfer
If international wire transfer is available for your country or region, it’ll be shown as an option when you add a payout method.
How-to • Host
Payouts by Payoneer debit card
If Payoneer shows as an option for your selected country, you'll be able to connect your existing Payoneer card as a payout method.
Payout details and preferences
How-to • Host
Find your earnings
You can check the status of your earnings and review detailed information on your earnings from your earnings dashboard.
How-to • Host
Change your payout currency
The currency you’re paid in is based on the country and method you selected when you first added your payout method. You can add other payout methods at any time.
How-to • Host
Set a minimum payout amount
You can cut down on transaction fees charged by your bank or financial service provider by setting a minimum payout amount.
How-to • Host
What it means when a payout method is “not available”
If a payout method available in the past is no longer supported, it’s usually because of changes to local laws or regulations for your country or region.
Related topics
Taxes
Site Footer
Support
Help Center
AirCover
Anti-discrimination
Disability support
Cancellation options
Report neighborhood concern
Hosting
Airbnb your home
AirCover for Hosts
Hosting resources
Community forum
Hosting responsibly
Airbnb-friendly apartments
Join a free Hosting class
Find a co‑host
Airbnb
2025 Summer Release
Newsroom
New features
Careers
Investors
Gift cards
Airbnb.org emergency stays
Footer section
© 2025 Airbnb, Inc.·Terms·Sitemap·Privacy·Your Privacy Choices
English (US)
€
EUR",3,Why does Airbnb charge service fees for services and experiences? | What an adjustment on your earnings means | What it means when a payout method is “not available”,"Why does Airbnb charge service fees for services and experiences?: Skip to content
Help Center
– home page
Search
Suggestions will show after typing in the search input. Use the up and down arrows to review. Use enter to select. If the selection is a phrase, that phrase will be submitted to search. If the suggestion is a link, the browser will navigate to that page.
Home
All topics
Managing your experience
Pricing your experience
Why does Airbnb charge service fees for services and experiences?
How-to • Host
Why does Airbnb charge service fees for services and experiences?

We charge a service fee to help cover the costs of the products, services, and support we provide. 

For service reservations, we typically charge a 15% fee, with a minimum fee of $6 USD (or the local currency equivalent), which may vary based on the daily exchange rate. For experience reservations, we typically charge a 20% service fee.

In this article
How the amount is calculated
How service fees are paid
Service fee refunds
How the amount is calculated

The amount of the service fee is calculated from the price that hosts set for their service or experience. Guests who are browsing services and experiences are shown the total price that they’ll pay to book. No other service fees are charged to guests at this time.

How service fees are paid

Airbnb automatically withholds service fees from host payouts after a completed booking. Payouts are released after the service or experience has been completed. Hosts are paid their earnings with the service fees already removed. They don’t need to reimburse Airbnb for the service fees.

Service fee refunds

If your guest requests a refund for a booking that had a fee applied, please contact us and we can help you issue the right amount.

Did this article help?
Yes
No
Related articles
How-to • Guest
How pricing works for homes
Learn more about how the total price of a reservation is calculated
Community policy • Home host
Host Cancellation Policy for homes
Because cancellations can disrupt guests' plans and impact confidence in the Airbnb community, there are penalties applied for Host cancellations.
How-to • Guest
Add or remove a payment method
Find out how to manage your payment methods.
Get help with your reservations, account, and more.
Log in or sign up
Site Footer
Support
Help Center
AirCover
Anti-discrimination
Disability support
Cancellation options
Report neighborhood concern
Hosting
Airbnb your home
AirCover for Hosts
Hosting resources
Community forum
Hosting responsibly
Airbnb-friendly apartments
Join a free Hosting class
Find a co‑host
Airbnb
2025 Summer Release
Newsroom
New features
Careers
Investors
Gift cards
Airbnb.org emergency stays
Footer section
© 2025 Airbnb, Inc.·Terms·Sitemap·Privacy·Your Privacy Choices
English (US)
€
EUR | What an adjustment on your earnings means: Skip to content
Help Center
– home page
Search
Suggestions will show after typing in the search input. Use the up and down arrows to review. Use enter to select. If the selection is a phrase, that phrase will be submitted to search. If the suggestion is a link, the browser will navigate to that page.
Home
All topics
Payouts and taxes
Fixing payout issues
What an adjustment on your earnings means
How-to • Host
What an adjustment on your earnings means

An adjustment is an amount of money a Host owes as a result of a cancellation, reservation change, or violation of our Guest Refund Policy.


Check the status of an adjustment
Desktop
iOS app
Android app
Mobile browser
Check the status of an adjustment on desktop
Click Today > Menu > Earnings
Go to Paid or Upcoming to find your adjustment

Adjustments will be automatically deducted from the next scheduled payout(s). If you have set up any payout routing rules, the adjustment will be split according to the percentages that you set up, on a per-listing basis. Additionally, adjustments may also impact Co-Host payouts.


Did this article help?
Yes
No
Related articles
How-to • Host
Find your earnings
You can check the status of your earnings and review detailed information on your earnings from your earnings dashboard.
How-to • Home host
When guest complaints may require a refund
If you don’t meet one or more of our basic requirements, Airbnb may require you to refund a guest.
How-to • Host
When you'll get your payout
We typically send payouts about 24 hours after a guest checks in for home stays, and after the completion of a service or experience. However, when you'll get your payout can depend on several factors.
Get help with your reservations, account, and more.
Log in or sign up
Site Footer
Support
Help Center
AirCover
Anti-discrimination
Disability support
Cancellation options
Report neighborhood concern
Hosting
Airbnb your home
AirCover for Hosts
Hosting resources
Community forum
Hosting responsibly
Airbnb-friendly apartments
Join a free Hosting class
Find a co‑host
Airbnb
2025 Summer Release
Newsroom
New features
Careers
Investors
Gift cards
Airbnb.org emergency stays
Footer section
© 2025 Airbnb, Inc.·Terms·Sitemap·Privacy·Your Privacy Choices
English (US)
€
EUR | What it means when a payout method is “not available”: Skip to content
Help Center
– home page
Search
Suggestions will show after typing in the search input. Use the up and down arrows to review. Use enter to select. If the selection is a phrase, that phrase will be submitted to search. If the suggestion is a link, the browser will navigate to that page.
Home
All topics
Payouts and taxes
Payout details and preferences
What it means when a payout method is “not available”
How-to • Gastgeber:in
What it means when a payout method is “not available”

When a payout method is not available, this means it can’t receive any additional payouts because it’s no longer supported.


In this article
Why a payout method may be “not available”
How to keep getting payouts
Why a payout method may be “not available”

If a payout method available in the past is no longer supported, it’s usually because of changes to local laws or regulations for your country or region, or simply because we no longer support it.

It’s our priority to make sure you can get paid however you’d like, and in these cases, we hope you’ll be able to use one of the other payout method options supported in your area.

How to keep getting payouts
Review your payout methods by going to Payments & payouts in your account, and add a new payout method, if needed
Choose a new default payout method so that any payouts can be released automatically
Did this article help?
Yes
No
Related articles
How-to • Home host
Hosts in South Africa must submit their Bidvest form annually
Hosts in South Africa must complete an annual Bidvest form to receive Airbnb payouts in South African Rand (ZAR) and avoid additional fees.
How-to • Gastgeber:in
How to know if your payout method is working
You can check if the status next to your payout method is Default, Pending, Error, or there’s no status listed (meaning it’s verified but not your default payout method).
How-to • Travel admin
Manage the frequency of your Airbnb for Work email notifications
You can change how often you receive email notifications for employee requests and reservations from Airbnb for Work.
Get help with your reservations, account, and more.
Log in or sign up
Site Footer
Support
Help Center
AirCover
Anti-discrimination
Disability support
Cancellation options
Report neighborhood concern
Hosting
Airbnb your home
AirCover for Hosts
Hosting resources
Community forum
Hosting responsibly
Airbnb-friendly apartments
Join a free Hosting class
Find a co‑host
Airbnb
2025 Summer Release
Newsroom
New features
Careers
Investors
Gift cards
Airbnb.org emergency stays
Footer section
© 2025 Airbnb, Inc.·Terms·Sitemap·Privacy·Your Privacy Choices
English (US)
€
EUR",2025-07-08T11:13:20.313Z,
service-host,Payouts and taxes,Taxes,https://www.airbnb.com/help/topic/1652,"Skip to content
Help Center
– home page
Search
Suggestions will show after typing in the search input. Use the up and down arrows to review. Use enter to select. If the selection is a phrase, that phrase will be submitted to search. If the suggestion is a link, the browser will navigate to that page.
Home
All topics
Payouts and taxes
Taxes
Taxes
How-to • Home host
Manual tax collection
Hosts generally need to collect taxes manually unless automatic tax collection and payment is set up for their jurisdiction.
Related topics
Payouts
Site Footer
Support
Help Center
AirCover
Anti-discrimination
Disability support
Cancellation options
Report neighborhood concern
Hosting
Airbnb your home
AirCover for Hosts
Hosting resources
Community forum
Hosting responsibly
Airbnb-friendly apartments
Join a free Hosting class
Find a co‑host
Airbnb
2025 Summer Release
Newsroom
New features
Careers
Investors
Gift cards
Airbnb.org emergency stays
Footer section
© 2025 Airbnb, Inc.·Terms·Sitemap·Privacy·Your Privacy Choices
English (US)
€
EUR",2,Manual tax collection | Cancellation options,"Manual tax collection: Skip to content
Help Center
– home page
Search
Suggestions will show after typing in the search input. Use the up and down arrows to review. Use enter to select. If the selection is a phrase, that phrase will be submitted to search. If the suggestion is a link, the browser will navigate to that page.
Home
All topics
Payouts and taxes
Taxes
Manual tax collection
How-to • Home host
Manual tax collection

Hosts generally need to collect taxes manually unless automatic tax collection and payment is set up for their jurisdiction. Even if Airbnb automatically collects and pays certain taxes on your behalf, you may still be required to manually collect other taxes on their stay, experience, or service price. For example, Airbnb may collect regional taxes but not local ones in some places.

In this article
Manually collecting taxes on stays
Manually collecting taxes on experiences and services
Understanding other tax obligations
Manually collecting taxes on stays

There are several ways you can manually collect taxes on the stay price from guests:

If you’re using professional hosting tools, you may be able to add taxes for a listing
You can include tax within a special offer
You can collect from guests by using the Resolution Center after check-in

In each case, it's important that you inform guests of the exact tax amount prior to booking. Hosts that need to collect taxes on the stay price in person should only collect it upon arrival. We’re unable to assist with manual collection.

Manually collecting taxes on experiences and services

You can manually collect taxes on the experience or service price from guests by using the Resolution Center after check-in.

In each case, it's important that you inform guests of the exact tax amount prior to booking. Hosts that need to collect taxes on the experience or service price in person should only collect it upon arrival. We’re unable to assist with manual collection.

Understanding other tax obligations

We recommend doing some research to make sure you understand and comply with any local tax rules and obligations that apply to your offering. Check with your local government or a tax professional for information about additional taxes, rules, or regulations that may apply to your situation.

Note: Airbnb provides general information to hosts regarding taxes and informs hosts to educate themselves about and follow their local laws and regulations, as well as to inform their guests of the exact tax amount prior to booking.

Did this article help?
Yes
No
Related articles
Rules • Home host
Areas where tax collection and remittance by Airbnb is available
Airbnb is collecting and remitting taxes on behalf of the host in a number of locations worldwide.
How-to • Home host
Adding taxes to a listing
If you’ve provided us the relevant tax info, you may be eligible to collect taxes directly from guests by using our professional hosting tools.
How-to • Home host
Collecting taxes for bookings
If you’ve provided your business tax ID and relevant tourist tax registration info, you may be eligible to collect taxes directly from guests.
Get help with your reservations, account, and more.
Log in or sign up
Site Footer
Support
Help Center
AirCover
Anti-discrimination
Disability support
Cancellation options
Report neighborhood concern
Hosting
Airbnb your home
AirCover for Hosts
Hosting resources
Community forum
Hosting responsibly
Airbnb-friendly apartments
Join a free Hosting class
Find a co‑host
Airbnb
2025 Summer Release
Newsroom
New features
Careers
Investors
Gift cards
Airbnb.org emergency stays
Footer section
© 2025 Airbnb, Inc.·Terms·Sitemap·Privacy·Your Privacy Choices
English (US)
€
EUR | Cancellation options: Skip to content
Help Center
– home page
Search
Suggestions will show after typing in the search input. Use the up and down arrows to review. Use enter to select. If the selection is a phrase, that phrase will be submitted to search. If the suggestion is a link, the browser will navigate to that page.
Home
All topics
Your reservations
Cancellations
Major Disruptive Events Policy
Community policy
Major Disruptive Events Policy
In this article
Overview
What events are covered
What happens if a reservation is impacted by a covered Event
What is not covered
How this policy affects hosts
Other things to be aware of
Overview

In general, cancellations and refunds for Airbnb reservations are governed by the listing’s cancellation policy. In the rare circumstances that large-scale events prevent or legally prohibit completion of a reservation, the Major Disruptive Events Policy (the “Policy”) may apply. When this Policy applies, guests can cancel their reservation and receive a refund, travel credit, and/or other consideration regardless of the reservation’s cancellation policy, and hosts can cancel without fees or other adverse consequences, although their listing’s calendar will be blocked for the dates of the canceled reservation.

This Policy applies to reservations for homes, services, and experiences and is applicable to reservations that are ongoing or that have a check-in on or after the effective date, except as otherwise notified by Airbnb to users. The Major Disruptive Events Policy is not an insurance policy.

What events are covered

The following events are covered under this Policy if they impact your reservation location, occur after the time of booking, and prevent or legally prohibit completion of a future or ongoing reservation (referred to in this Policy as “Events”):

Declared public health emergencies and epidemics. Government-declared epidemics, pandemics, and public health emergencies. This does not include diseases that are endemic (for example, the flu) or commonly associated with an area (for example, malaria in Thailand). COVID-19 is not covered under this Major Disruptive Events Policy.

Government travel restrictions. Mandatory travel restrictions imposed by a governmental agency, such as an evacuation order or shelter-in-place order. This does not include non-binding travel advisories and similar government guidance.

Military actions and other hostilities. Acts of war, hostilities, invasions, civil war, terrorism, explosions, bombings, rebellions, riots, and insurrection.

Large-scale outages of essential utilities. Prolonged outages of essential utilities, such as heat, water, and electricity, impacting the vast majority of homes in a given location.

Unforeseeable natural disasters and severe weather events. Unforeseeable natural disasters, like earthquakes and tsunamis, and unforeseeable severe weather events, like tornadoes. This does not include events that are foreseeable for a given location, as described further below.

What happens if a reservation is impacted by a covered Event

When a large-scale event occurs, we assess the situation to determine whether the Major Disruptive Events Policy applies. If it does, we activate the Policy for the impacted area and timeframe where we anticipate that the Event will prevent or legally prohibit completion of reservations. Reservations outside of the defined area and timeframe may not be eligible, though hosts may still be able to cancel without adverse consequences if they are unable to host. We continuously monitor these situations and adjust coverage as needed to reflect changing conditions. If you believe this Policy applies to your reservation, please contact us to inquire about eligibility.

What is not covered

We understand that other circumstances outside of your control may disrupt your plans. In any situations not listed above, your reservation remains subject to the host’s cancellation policy for the listing.

Examples of common events not covered by this policy include:

Events that impact a guest or their ability to travel, but not the reservation location
Unexpected injury or illness
Government obligations like jury duty or court appearances
Non-binding travel advisories or other government guidance that fall short of a travel ban or prohibition
Cancellation or rescheduling of an event for which the reservation was made
Transportation disruptions such as airline insolvency, flight cancellations, transportation strikes, and road closures due to maintenance
Weather or natural conditions that are common enough to be foreseeable in a given location, such as hurricanes in Florida during hurricane season or winter weather in the northern hemisphere during winter months—unless the event triggers a covered Event that prevents completion of the reservation, such as government-issued mandatory travel restrictions

For reservations not covered by this Policy, we encourage guests and hosts to find a mutually acceptable arrangement, such as a full or partial refund or an alteration of the booking dates. Note that any refunds outside of the reservation’s cancellation policy are at the host’s discretion. Airbnb does not take part in or guarantee such refunds.

How this policy affects hosts

If a reservation is covered by the Major Disruptive Events Policy, hosts can cancel without fees or other adverse consequences. If a host cancels under this policy, their listing’s calendar will be blocked for the dates of the canceled reservation. If a reservation is canceled under this Policy, the host does not receive a payout for the canceled dates of the reservation, or, if the payout has already been made, the refunded amount will be withheld from the next payout(s).

Regardless of whether a reservation is covered by this Policy, hosts can cancel for certain valid reasons, such as major damage to a listing, without fees or other adverse consequences. Hosts are obligated to cancel a reservation if their listing is uninhabitable or is inconsistent with what the guest booked. Failure to do so may result in listing suspension, cancellation of existing reservations, and refunds to guests until the listing is habitable and consistent with the listing description. This also violates our Ground rules for hosts, and can lead to consequences up to and including account removal.

Other things to be aware of

This Policy does not limit your rights under local regulations, and any decisions made by Airbnb under this Policy do not affect your statutory rights.

Did this article help?
Yes
No
Related articles
How-to • Gost
Canceling a trip due to a Major Disruptive Event
If you need to cancel because a large-scale event at your destination prevents completion of your reservation, we can help.
Community policy • Home host
Host Cancellation Policy for homes
Because cancellations can disrupt guests' plans and impact confidence in the Airbnb community, there are penalties applied for Host cancellations.
How-to • Guest
Find the cancellation policy for any home, service, or experience
Here’s where to find the cancellation policy for any home, service, or experience.
Get help with your reservations, account, and more.
Log in or sign up
Site Footer
Support
Help Center
AirCover
Anti-discrimination
Disability support
Cancellation options
Report neighborhood concern
Hosting
Airbnb your home
AirCover for Hosts
Hosting resources
Community forum
Hosting responsibly
Airbnb-friendly apartments
Join a free Hosting class
Find a co‑host
Airbnb
2025 Summer Release
Newsroom
New features
Careers
Investors
Gift cards
Airbnb.org emergency stays
Footer section
© 2025 Airbnb, Inc.·Terms·Sitemap·Privacy·Your Privacy Choices
English (US)
€
EUR",2025-07-08T11:13:36.509Z,
service-host,About Airbnb,Getting started,https://www.airbnb.com/help/topic/1375,"Skip to content
Help Center
– home page
Search
Suggestions will show after typing in the search input. Use the up and down arrows to review. Use enter to select. If the selection is a phrase, that phrase will be submitted to search. If the suggestion is a link, the browser will navigate to that page.
Home
All topics
About Airbnb
Getting started
Getting started
How-to
Create an account
Signing up is free—use your email address, phone number, Google account, or Apple ID.
How-to
Log in to your Airbnb account
Trying to log in? Here's how to access your Airbnb account.
How-to
All the ways to host on Airbnb
It's free to sign up to host a place to stay, host an experience like a class, tour, or music event, or provide a service. Learn more about the criteria you need to meet in order to host.
How-to
Create a listing
Start by creating listings in your host profile. It can take up to 72 hours for a new listing to be included in search results.
How-to
Hosting Airbnb Adventures
Every host of an Airbnb Adventure must demonstrate relevant expertise for that particular adventure. Find out how to apply.
How-to
Update the Airbnb app
Using the most recent version of the Airbnb app helps ensure you have a great experience.
Related topics
How Airbnb works
Our community policies
Partnerships
Site Footer
Support
Help Center
AirCover
Anti-discrimination
Disability support
Cancellation options
Report neighborhood concern
Hosting
Airbnb your home
AirCover for Hosts
Hosting resources
Community forum
Hosting responsibly
Airbnb-friendly apartments
Join a free Hosting class
Find a co‑host
Airbnb
2025 Summer Release
Newsroom
New features
Careers
Investors
Gift cards
Airbnb.org emergency stays
Footer section
© 2025 Airbnb, Inc.·Terms·Sitemap·Privacy·Your Privacy Choices
English (US)
€
EUR",3,Create an account | Log in to your Airbnb account | All the ways to host on Airbnb,"Create an account: Skip to content
Help Center
– home page
Search
Suggestions will show after typing in the search input. Use the up and down arrows to review. Use enter to select. If the selection is a phrase, that phrase will be submitted to search. If the suggestion is a link, the browser will navigate to that page.
Home
All topics
Your account and reviews
Creating an account
Create an account
How-to
Create an account

Creating an Airbnb account is free and easy. To sign up, visit Airbnb.com, or download the Airbnb app from the App Store or Google Play.

Multiple ways to sign up for an account

You can sign up for a new account on desktop or mobile browser, or in the Airbnb app by providing any of the following:

An email address and a password
Your phone number
Google or Apple account
Naver account (for South Korea)
What’s required before you list or book a stay

Every Airbnb community member is required to go through our identity verification process. For hosts, we'll collect this when you publish your listing. We’ll collect this for guests when you book. You can begin the verification process here.

If more information is needed, we’ll let you know so you can complete the creation of your account.

What’s required before you can host

You’ll need to verify your identity before you can get started hosting. Every community member is required to go through this process.

If you already have another account

If you have more than one Airbnb account, you unfortunately can’t merge accounts. However, you can delete or deactivate the account you use the least. Learn more about what to do if you have multiple accounts.

Did this article help?
Yes
No
Related articles
Guide
Getting started on Airbnb
Whether you want to book a dream stay away from home, host an Airbnb Experience in your own backyard, or provide a service to make a guest’s trip more memorable, here’s how Airbnb works for you—as a host or a guest.
How-to
Disconnect your social accounts from Airbnb
You can disconnect your social accounts from your Airbnb account at any time.
How-to
Booking requirements for reservations
When booking a home, service, or experience, we need to know some basic information about you.
Get help with your reservations, account, and more.
Log in or sign up
Site Footer
Support
Help Center
AirCover
Anti-discrimination
Disability support
Cancellation options
Report neighborhood concern
Hosting
Airbnb your home
AirCover for Hosts
Hosting resources
Community forum
Hosting responsibly
Airbnb-friendly apartments
Join a free Hosting class
Find a co‑host
Airbnb
2025 Summer Release
Newsroom
New features
Careers
Investors
Gift cards
Airbnb.org emergency stays
Footer section
© 2025 Airbnb, Inc.·Terms·Sitemap·Privacy·Your Privacy Choices
English (US)
€
EUR | Log in to your Airbnb account: Skip to content
Help Center
– home page
Search
Suggestions will show after typing in the search input. Use the up and down arrows to review. Use enter to select. If the selection is a phrase, that phrase will be submitted to search. If the suggestion is a link, the browser will navigate to that page.
Home
All topics
Your account and reviews
Creating an account
Log in to your Airbnb account
How-to
Log in to your Airbnb account

Whether you’re just getting started or simply want a refresher on how to get into your account, we’re here to help you get access.

In this article
If you’re new to Airbnb
Log in to an existing Airbnb account
If you have trouble logging in
Getting to your host or guest account after logging in
If you’re new to Airbnb

We’re glad you’re here. You can start by creating an account. You can also find everything you need to know about getting started.

Log in to an existing Airbnb account

When you created your account, you chose the way that you sign in. It could be via email, phone number, Apple ID, Facebook or Google account, or Naver (South Korea). 

Desktop
iOS app
Android app
Mobile browser
Log in on desktop
Click Account
Select your login method from the options listed
Enter your login details and follow the instructions
If you have trouble logging in

If you’re are experiencing difficulty logging in, try the following options:


Make sure you’re connected to a stable internet connection.
You can use the phone number or email associated with your Airbnb account to log in.
You can always reset your password if you forgot it.

If you’ve logged in to Airbnb with your Facebook credentials in the past, you’ll need to use one of these methods to log in.

Getting to your host or guest account after logging in

You’re automatically taken to your guest account when you log in. If you’re also a host, you can switch between traveling and hosting on airbnb.com and the Airbnb app.

Did this article help?
Yes
No
Related articles
How-to
Reset or change your password
Learn how to reset your password, update your password, or create one for Airbnb if you’ve been logging in a different way.
How-to
Create an account
Signing up is free—use your email address, phone number, Google account, or Apple ID.
How-to
Disconnect your social accounts from Airbnb
You can disconnect your social accounts from your Airbnb account at any time.
Get help with your reservations, account, and more.
Log in or sign up
Site Footer
Support
Help Center
AirCover
Anti-discrimination
Disability support
Cancellation options
Report neighborhood concern
Hosting
Airbnb your home
AirCover for Hosts
Hosting resources
Community forum
Hosting responsibly
Airbnb-friendly apartments
Join a free Hosting class
Find a co‑host
Airbnb
2025 Summer Release
Newsroom
New features
Careers
Investors
Gift cards
Airbnb.org emergency stays
Footer section
© 2025 Airbnb, Inc.·Terms·Sitemap·Privacy·Your Privacy Choices
English (US)
€
EUR | All the ways to host on Airbnb: Skip to content
Help Center
– home page
Search
Suggestions will show after typing in the search input. Use the up and down arrows to review. Use enter to select. If the selection is a phrase, that phrase will be submitted to search. If the suggestion is a link, the browser will navigate to that page.
Home
All topics
About Airbnb
Getting started
All the ways to host on Airbnb
How-to
All the ways to host on Airbnb

Maybe you have a special place to stay, a great idea for an unforgettable experience, or want to provide a service like a catered dinner that could make a guests’ stay more special. Whether you want to host your home, an experience, or provide a service, you can connect to guests around the world—and we’re here to help.

In this article
How to sign up
Host a home
Host an Airbnb Experience
Provide a service on Airbnb
Regulations for hosting
How to sign up

Let’s get started! It’s free to create an account and list a home, experience, or service. Before you begin, get to know our hosting regulations and standards.

Host a home

How you host is up to you. You can list an entire home, or a private room—or perhaps another unique space. You might want to greet your guests on site, or offer self check-in. In order to set yourself up for success, check out Airbnb’s basic requirements to host.

There are different ways to host:

Host your place yourself
Invite a friend or family member to be your co-host
Hire a high-quality, local co-host through the Co-Host Network

You can also offer your Airbnb home for free by joining a community of more than 60,000 hosts providing emergency housing in times of crisis.

Need more help? Learn more about the world of hosting, connect with a Superhost, or join a free hosting class. If you’re ready to host, it’s easy to create your listing.

Host an Airbnb Experience

Airbnb Experiences bring people together—whether it’s classes, tours, concerts, or other activities—all over the world.

If you are ready to share some local expertise, just make sure:

You have formal training or other relevant background, the activity you plan to host is connected to what a city is known for, and the location for your experience is safe, clean, and comfortable
Your experience follows these standards and requirements
You’re in compliance with applicable local laws and regulations
You have completed our identity verification process and, where applicable, criminal background checks
You have required insurance
You have appropriate licenses and certifications for the activity

Here’s how to sign up to host an experience.

Provide a service on Airbnb

Airbnb Services make trips more special for guests with incredible services like private chefs, photography, massage, and spa treatments. Services are vetted and take place either in an Airbnb home, at a place of business, or in public spaces.

If you want to offer your services, you need to:

Have a minimum of 2 years of professional experience in the relevant category or 5 years for chefs without a culinary degree, maintain a high-quality professional reputation, and a portfolio that highlights your professional experience is needed for photography, chefs, catering, prepared meals, personal trainers, hair styling, makeup, and nails
Provide offerings that meet our standards and requirements
Meet our listing standards
Be in compliance with applicable local laws and regulations
Complete our identity verification process and, where applicable, criminal background checks
Have required insurance
Have appropriate licenses and certifications for the activity

Interested in providing a service? Create your listing.

Regulations for hosting

Homes, experiences, and services are offered all around the world, though we’re required to comply with international regulations that restrict the use of our site by residents of certain countries or regions. Because of this, our services are not available in some places, such as Crimea, Iran, Syria, and North Korea. Find out more about legal and regulatory issues for hosting places to stay, and responsible hosting for experiences on Airbnb.

Did this article help?
Yes
No
Related articles
How-to • Home host
Prepare to host your home
From keeping your calendar updated to giving guests soap and snacks, here are some tips to help get your home ready.
How-to • Home host
Hosting guests with accessibility needs
The most important thing hosts can do is to provide clear and accurate information about your listing, including adding any accessibility features a listing has, and to make sure to communicate with your guests.
Rules
Rome, Italy
If you're thinking about becoming an Airbnb Host, here's some information to help you understand the laws in your city.
Get help with your reservations, account, and more.
Log in or sign up
Site Footer
Support
Help Center
AirCover
Anti-discrimination
Disability support
Cancellation options
Report neighborhood concern
Hosting
Airbnb your home
AirCover for Hosts
Hosting resources
Community forum
Hosting responsibly
Airbnb-friendly apartments
Join a free Hosting class
Find a co‑host
Airbnb
2025 Summer Release
Newsroom
New features
Careers
Investors
Gift cards
Airbnb.org emergency stays
Footer section
© 2025 Airbnb, Inc.·Terms·Sitemap·Privacy·Your Privacy Choices
English (US)
€
EUR",2025-07-08T11:13:55.269Z,
service-host,About Airbnb,How Airbnb works,https://www.airbnb.com/help/topic/1378,"Skip to content
Help Center
– home page
Search
Suggestions will show after typing in the search input. Use the up and down arrows to review. Use enter to select. If the selection is a phrase, that phrase will be submitted to search. If the suggestion is a link, the browser will navigate to that page.
Home
All topics
About Airbnb
How Airbnb works
How Airbnb works
Contact info and feedback; Airbnb basics
Contact info and feedback
How-to
Get help or contact Airbnb Support
Most Hosts and guests are able to quickly resolve issues on their own. Explore ways to get the help you need before, during, or after a trip.
How-to
Share your feedback about Airbnb
Use our form to give feedback about how an Airbnb feature works or to report a bug.
How-to
Contact HotelTonight
For any questions related to HotelTonight reservations, contact the specialized support team, available 24/7.
Airbnb basics
How-to
About Airbnb: What it is and how it works
On Airbnb, you can host a home, experience, or provide a service to guests around the world.
How-to
Understand the Superhost program
Superhost listings include a badge, which hosts earn by going above and beyond to meet certain criteria.
How-to
About Airbnb for Work
Book and manage work trips for your employees, and use our tools to help manage business travel.
How-to
The Airbnb Community Center
Hosts can connect with each other, share stories, get advice, and keep current about Airbnb news and policies.
How-to
About Airbnb.org
Airbnb.org is an independent, publicly-supported nonprofit organization that partners with nonprofits to provide people with emergency housing in times of crisis.
How-to
About Airbnb Adventures
Adventures are small-group, multi-day trips to off-the-beaten-path places that are led by local experts.
How-to
Our Living Wage Pledge
US hosts who agree to pay their cleaners fairly can commit to Airbnb's Living Wage Pledge.
Related topics
Getting started
Our community policies
Partnerships
Site Footer
Support
Help Center
AirCover
Anti-discrimination
Disability support
Cancellation options
Report neighborhood concern
Hosting
Airbnb your home
AirCover for Hosts
Hosting resources
Community forum
Hosting responsibly
Airbnb-friendly apartments
Join a free Hosting class
Find a co‑host
Airbnb
2025 Summer Release
Newsroom
New features
Careers
Investors
Gift cards
Airbnb.org emergency stays
Footer section
© 2025 Airbnb, Inc.·Terms·Sitemap·Privacy·Your Privacy Choices
English (US)
€
EUR",3,Get help or contact Airbnb Support | Share your feedback about Airbnb | Contact HotelTonight,"Get help or contact Airbnb Support: Skip to content
Help Center
– home page
Search
Suggestions will show after typing in the search input. Use the up and down arrows to review. Use enter to select. If the selection is a phrase, that phrase will be submitted to search. If the suggestion is a link, the browser will navigate to that page.
Home
All topics
About Airbnb
How Airbnb works
Contact info and feedback
Get help or contact Airbnb Support
How-to
Get help or contact Airbnb Support

Whether you’re a Host or guest, find help before, during, or after a stay.

In this article
Contact your Host or guest
Explore the Help Center
Visit the Resolution Center
Contact Airbnb Customer Service
Contact your Host or guest

Sending a message is usually the quickest and easiest way to resolve an issue with your listing or reservation. Or you could try calling them.

Explore the Help Center

Visit the Help Center to find answers to common questions, including information about:

Refunds
Reviews
Payments
Cancellations
Visit the Resolution Center

If you need to securely send or request money for something that wasn’t included in a listing, visit the Resolution Center. We can also get involved if you need help working out the details with your Host or guest.

Contact Airbnb Customer Service

Need a little more help or have a complaint? Contact us by email, chat, or phone at 1-844-234-2500.

Did this article help?
Yes
No
Related articles
Guide • Guest
AirCover for guests
Every home booking comes with AirCover for guests. If there’s a serious issue with your Airbnb that your host can't resolve, we’ll help you find a similar place, depending on availability at comparable pricing, or give you a full or partial refund.
How-to
Neighborhood Support
Find out how you can report a party, noise complaint, or neighborhood concern.
How-to • Гость
If you have a problem or issue during your reservation
If anything unexpected comes up during your stay, message your host to discuss a solution first. It’s likely that they’ll be able to help you fix the issue. If your host can’t help or you’d like to request a refund, we’re here to support you.
Get help with your reservations, account, and more.
Log in or sign up
Site Footer
Support
Help Center
AirCover
Anti-discrimination
Disability support
Cancellation options
Report neighborhood concern
Hosting
Airbnb your home
AirCover for Hosts
Hosting resources
Community forum
Hosting responsibly
Airbnb-friendly apartments
Join a free Hosting class
Find a co‑host
Airbnb
2025 Summer Release
Newsroom
New features
Careers
Investors
Gift cards
Airbnb.org emergency stays
Footer section
© 2025 Airbnb, Inc.·Terms·Sitemap·Privacy·Your Privacy Choices
English (US)
€
EUR | Share your feedback about Airbnb: Skip to content
Help Center
– home page
Search
Suggestions will show after typing in the search input. Use the up and down arrows to review. Use enter to select. If the selection is a phrase, that phrase will be submitted to search. If the suggestion is a link, the browser will navigate to that page.
Home
All topics
About Airbnb
How Airbnb works
Contact info and feedback
Share your feedback about Airbnb
How-to
Share your feedback about Airbnb

We love to know how we’re doing. Give feedback about an Airbnb feature, report a bug, and more. 

If you have a question about something else, find help or contact Airbnb.

Did this article help?
Yes
No
Related articles
How-to
Get help or contact Airbnb Support
Most Hosts and guests are able to quickly resolve issues on their own. Explore ways to get the help you need before, during, or after a trip.
How-to • Home host
How discounts are applied
There are different kinds of discounts and promotions available for your listing, but only one offer can be applied per reservation.
How-to • Home host
How reservation changes affect your payout
When a guest submits a change request, it’s treated as a new booking, and the price is calculated at your current nightly rate.
Get help with your reservations, account, and more.
Log in or sign up
Site Footer
Support
Help Center
AirCover
Anti-discrimination
Disability support
Cancellation options
Report neighborhood concern
Hosting
Airbnb your home
AirCover for Hosts
Hosting resources
Community forum
Hosting responsibly
Airbnb-friendly apartments
Join a free Hosting class
Find a co‑host
Airbnb
2025 Summer Release
Newsroom
New features
Careers
Investors
Gift cards
Airbnb.org emergency stays
Footer section
© 2025 Airbnb, Inc.·Terms·Sitemap·Privacy·Your Privacy Choices
English (US)
€
EUR | Contact HotelTonight: Skip to content
Help Center
– home page
Search
Suggestions will show after typing in the search input. Use the up and down arrows to review. Use enter to select. If the selection is a phrase, that phrase will be submitted to search. If the suggestion is a link, the browser will navigate to that page.
Home
All topics
About Airbnb
How Airbnb works
Contact info and feedback
Contact HotelTonight
How-to
Contact HotelTonight

HotelTonight is part of the Airbnb team and offers on-demand booking for boutique and independent hotels. Working together is a win-win! Guests get even more choices and it’s easier for the best hotels to connect with new people.

Ready to make a reservation? Visit HotelTonight or download the app.

Have a question? The support team is available 24/7 at +1 833-338-0302 or online.

Did this article help?
Yes
No
Get help with your reservations, account, and more.
Log in or sign up
Site Footer
Support
Help Center
AirCover
Anti-discrimination
Disability support
Cancellation options
Report neighborhood concern
Hosting
Airbnb your home
AirCover for Hosts
Hosting resources
Community forum
Hosting responsibly
Airbnb-friendly apartments
Join a free Hosting class
Find a co‑host
Airbnb
2025 Summer Release
Newsroom
New features
Careers
Investors
Gift cards
Airbnb.org emergency stays
Footer section
© 2025 Airbnb, Inc.·Terms·Sitemap·Privacy·Your Privacy Choices
English (US)
€
EUR",2025-07-08T11:14:11.923Z,
service-host,About Airbnb,Our community policies,https://www.airbnb.com/help/feature/1,"Our community policies

What to expect, and what will be expected of you, as a member of the Airbnb community.",1,Cancellation options,"Cancellation options: Skip to content
Help Center
– home page
Search
Suggestions will show after typing in the search input. Use the up and down arrows to review. Use enter to select. If the selection is a phrase, that phrase will be submitted to search. If the suggestion is a link, the browser will navigate to that page.
Home
All topics
Your reservations
Cancellations
Major Disruptive Events Policy
Community policy
Major Disruptive Events Policy
In this article
Overview
What events are covered
What happens if a reservation is impacted by a covered Event
What is not covered
How this policy affects hosts
Other things to be aware of
Overview

In general, cancellations and refunds for Airbnb reservations are governed by the listing’s cancellation policy. In the rare circumstances that large-scale events prevent or legally prohibit completion of a reservation, the Major Disruptive Events Policy (the “Policy”) may apply. When this Policy applies, guests can cancel their reservation and receive a refund, travel credit, and/or other consideration regardless of the reservation’s cancellation policy, and hosts can cancel without fees or other adverse consequences, although their listing’s calendar will be blocked for the dates of the canceled reservation.

This Policy applies to reservations for homes, services, and experiences and is applicable to reservations that are ongoing or that have a check-in on or after the effective date, except as otherwise notified by Airbnb to users. The Major Disruptive Events Policy is not an insurance policy.

What events are covered

The following events are covered under this Policy if they impact your reservation location, occur after the time of booking, and prevent or legally prohibit completion of a future or ongoing reservation (referred to in this Policy as “Events”):

Declared public health emergencies and epidemics. Government-declared epidemics, pandemics, and public health emergencies. This does not include diseases that are endemic (for example, the flu) or commonly associated with an area (for example, malaria in Thailand). COVID-19 is not covered under this Major Disruptive Events Policy.

Government travel restrictions. Mandatory travel restrictions imposed by a governmental agency, such as an evacuation order or shelter-in-place order. This does not include non-binding travel advisories and similar government guidance.

Military actions and other hostilities. Acts of war, hostilities, invasions, civil war, terrorism, explosions, bombings, rebellions, riots, and insurrection.

Large-scale outages of essential utilities. Prolonged outages of essential utilities, such as heat, water, and electricity, impacting the vast majority of homes in a given location.

Unforeseeable natural disasters and severe weather events. Unforeseeable natural disasters, like earthquakes and tsunamis, and unforeseeable severe weather events, like tornadoes. This does not include events that are foreseeable for a given location, as described further below.

What happens if a reservation is impacted by a covered Event

When a large-scale event occurs, we assess the situation to determine whether the Major Disruptive Events Policy applies. If it does, we activate the Policy for the impacted area and timeframe where we anticipate that the Event will prevent or legally prohibit completion of reservations. Reservations outside of the defined area and timeframe may not be eligible, though hosts may still be able to cancel without adverse consequences if they are unable to host. We continuously monitor these situations and adjust coverage as needed to reflect changing conditions. If you believe this Policy applies to your reservation, please contact us to inquire about eligibility.

What is not covered

We understand that other circumstances outside of your control may disrupt your plans. In any situations not listed above, your reservation remains subject to the host’s cancellation policy for the listing.

Examples of common events not covered by this policy include:

Events that impact a guest or their ability to travel, but not the reservation location
Unexpected injury or illness
Government obligations like jury duty or court appearances
Non-binding travel advisories or other government guidance that fall short of a travel ban or prohibition
Cancellation or rescheduling of an event for which the reservation was made
Transportation disruptions such as airline insolvency, flight cancellations, transportation strikes, and road closures due to maintenance
Weather or natural conditions that are common enough to be foreseeable in a given location, such as hurricanes in Florida during hurricane season or winter weather in the northern hemisphere during winter months—unless the event triggers a covered Event that prevents completion of the reservation, such as government-issued mandatory travel restrictions

For reservations not covered by this Policy, we encourage guests and hosts to find a mutually acceptable arrangement, such as a full or partial refund or an alteration of the booking dates. Note that any refunds outside of the reservation’s cancellation policy are at the host’s discretion. Airbnb does not take part in or guarantee such refunds.

How this policy affects hosts

If a reservation is covered by the Major Disruptive Events Policy, hosts can cancel without fees or other adverse consequences. If a host cancels under this policy, their listing’s calendar will be blocked for the dates of the canceled reservation. If a reservation is canceled under this Policy, the host does not receive a payout for the canceled dates of the reservation, or, if the payout has already been made, the refunded amount will be withheld from the next payout(s).

Regardless of whether a reservation is covered by this Policy, hosts can cancel for certain valid reasons, such as major damage to a listing, without fees or other adverse consequences. Hosts are obligated to cancel a reservation if their listing is uninhabitable or is inconsistent with what the guest booked. Failure to do so may result in listing suspension, cancellation of existing reservations, and refunds to guests until the listing is habitable and consistent with the listing description. This also violates our Ground rules for hosts, and can lead to consequences up to and including account removal.

Other things to be aware of

This Policy does not limit your rights under local regulations, and any decisions made by Airbnb under this Policy do not affect your statutory rights.

Did this article help?
Yes
No
Related articles
How-to • Gost
Canceling a trip due to a Major Disruptive Event
If you need to cancel because a large-scale event at your destination prevents completion of your reservation, we can help.
Community policy • Home host
Host Cancellation Policy for homes
Because cancellations can disrupt guests' plans and impact confidence in the Airbnb community, there are penalties applied for Host cancellations.
How-to • Guest
Find the cancellation policy for any home, service, or experience
Here’s where to find the cancellation policy for any home, service, or experience.
Get help with your reservations, account, and more.
Log in or sign up
Site Footer
Support
Help Center
AirCover
Anti-discrimination
Disability support
Cancellation options
Report neighborhood concern
Hosting
Airbnb your home
AirCover for Hosts
Hosting resources
Community forum
Hosting responsibly
Airbnb-friendly apartments
Join a free Hosting class
Find a co‑host
Airbnb
2025 Summer Release
Newsroom
New features
Careers
Investors
Gift cards
Airbnb.org emergency stays
Footer section
© 2025 Airbnb, Inc.·Terms·Sitemap·Privacy·Your Privacy Choices
English (US)
€
EUR",2025-07-08T11:14:24.969Z,
service-host,About Airbnb,Partnerships,https://www.airbnb.com/help/topic/1381,"Skip to content
Help Center
– home page
Search
Suggestions will show after typing in the search input. Use the up and down arrows to review. Use enter to select. If the selection is a phrase, that phrase will be submitted to search. If the suggestion is a link, the browser will navigate to that page.
Home
All topics
About Airbnb
Partnerships
Partnerships
About Airbnb partners
How-to
How is Airbnb partnering with the American Red Cross and the IFRC?
From emergency plans to kitchen safety tips, our partners offer our community valuable information and resources.
How-to
How is Airbnb partnering with the Pan American Health Organization?
Airbnb has partnered with PAHO, the world’s oldest international public health organization, to provide our community with food safety resources.
How-to
How can the Airbnb community help with water conservation in Cape Town?
Airbnb is committed to promoting local and sustainable travel, and we encourage our community to conserve water during the drought whenever possible.
Animal welfare
How-to
What are the animal welfare guidelines for Airbnb Services and Experiences?
Airbnb hosts commit that their services or experiences ensure the highest quality of life for any animals involved, using the guiding principles of animal welfare.
How-to
How does Airbnb support animal welfare for services and experiences?
Our hosts adhere to our guidelines, which were created in consultation with World Animal Protection, an organization committed to improving the lives of animals.
How-to
How can I recognize a true animal sanctuary?
Find guidelines, developed in partnership with World Animal Protection, to help you determine if the sanctuary you want to visit is a genuine one that puts the animals' welfare first.
How-to
How can I recognize experiences with wild animals that don’t follow animal welfare guidelines?
Find questions to consider, developed in partnership with World Animal Protection, before taking part in activities with wild animals.
How-to
Why is it harmful to wildlife to keep marine mammals in captivity?
Find more info, developed in partnership with World Animal Protection, about marine mammals in captivity.
How-to
How do you know if an attraction or activity can harm an animal?
For Airbnb Experiences and Adventures that include animals, find the animal welfare guidelines developed in partnership with World Animal Protection.
How-to
How can I recognize elephant-friendly venues?
Find the animal welfare guidelines specific for elephants, developed in partnership with World Animal Protection.
Related topics
Getting started
How Airbnb works
Our community policies
Site Footer
Support
Help Center
AirCover
Anti-discrimination
Disability support
Cancellation options
Report neighborhood concern
Hosting
Airbnb your home
AirCover for Hosts
Hosting resources
Community forum
Hosting responsibly
Airbnb-friendly apartments
Join a free Hosting class
Find a co‑host
Airbnb
2025 Summer Release
Newsroom
New features
Careers
Investors
Gift cards
Airbnb.org emergency stays
Footer section
© 2025 Airbnb, Inc.·Terms·Sitemap·Privacy·Your Privacy Choices
English (US)
€
EUR",3,How is Airbnb partnering with the American Red Cross and the IFRC? | How is Airbnb partnering with the Pan American Health Organization? | How can the Airbnb community help with water conservation in Cape Town?,"How is Airbnb partnering with the American Red Cross and the IFRC?: Skip to content
Help Center
– home page
Search
Suggestions will show after typing in the search input. Use the up and down arrows to review. Use enter to select. If the selection is a phrase, that phrase will be submitted to search. If the suggestion is a link, the browser will navigate to that page.
Home
All topics
About Airbnb
Partnerships
About Airbnb partners
How is Airbnb partnering with the American Red Cross and the IFRC?
How-to
How is Airbnb partnering with the American Red Cross and the IFRC?

Airbnb has partnered with the American Red Cross and the International Federation of the Red Cross Red Crescent (IFRC) to provide our community with general safety resources.

These resources, applicable in 191 countries, were developed by the Red Cross Red Crescent’s Global Disaster Preparedness Center, which is an international reference center created to build a global community for disaster preparedness innovation and learning. Some of these resources include:

Making an emergency plan
General first aid tips
Host preparedness for physical activities
Guest preparedness for physical activities
Kitchen safety tips for hosting an Airbnb Experience
Kitchen safety tips for attending an Airbnb Experience
Preventing fires when hosting an Airbnb Experience
Preventing fires when attending an Airbnb Experience

In an emergency situation, contact local police or emergency services immediately.

Partner disclaimers

Courtesy of the American Red Cross and the International Federation of the Red Cross and Red Crescent Societies. ©2019 The American National Red Cross. ALL RIGHTS RESERVED.

The American Red Cross and the International Federation of the Red Cross Red Crescent name and emblem are used with its permission, which in no way constitutes an endorsement, express or implied, of any product, service, company, opinion, or political position. The American Red Cross logo is a registered trademark owned by The American National Red Cross. For more information about the American Red Cross, visit redcross.org.


Did this article help?
Yes
No
Related articles
How-to
About Airbnb.org
Airbnb.org is an independent, publicly-supported nonprofit organization that partners with nonprofits to provide people with emergency housing in times of crisis.
How-to • Home host
Receiving an Airbnb.org emergency stay request
Airbnb.org helps nonprofit organizations offer a temporary place to stay to people in need.
How-to • Home host
Sign up to host emergency stays through Airbnb.org
You can sign up to offer emergency stays to people in times of crisis by visiting Airbnb.org and clicking Offer Your Space.
Get help with your reservations, account, and more.
Log in or sign up
Site Footer
Support
Help Center
AirCover
Anti-discrimination
Disability support
Cancellation options
Report neighborhood concern
Hosting
Airbnb your home
AirCover for Hosts
Hosting resources
Community forum
Hosting responsibly
Airbnb-friendly apartments
Join a free Hosting class
Find a co‑host
Airbnb
2025 Summer Release
Newsroom
New features
Careers
Investors
Gift cards
Airbnb.org emergency stays
Footer section
© 2025 Airbnb, Inc.·Terms·Sitemap·Privacy·Your Privacy Choices
English (US)
€
EUR | How is Airbnb partnering with the Pan American Health Organization?: Skip to content
Help Center
– home page
Search
Suggestions will show after typing in the search input. Use the up and down arrows to review. Use enter to select. If the selection is a phrase, that phrase will be submitted to search. If the suggestion is a link, the browser will navigate to that page.
Home
All topics
About Airbnb
Partnerships
About Airbnb partners
How is Airbnb partnering with the Pan American Health Organization?
How-to
How is Airbnb partnering with the Pan American Health Organization?

Airbnb is collaborating with the Pan American Health Organization (PAHO) to provide our community with food safety resources. PAHO is world’s oldest international public health Organization. It serves as the Regional Office for the Americas of the World Health Organization and the specialized agency for health of the Organization of American States. PAHO’s mission is to lead strategic collaborative efforts among all of the countries in the Western Hemisphere and other partners to promote equity in health, to combat disease, and to improve the lives of the people of the Americas.

As part of its food safety program, PAHO supports technical cooperation between countries to strengthen their national systems to promote safe food and water, mitigating the risks of foodborne diseases.

The resources Airbnb has developed for food safety include:

For hosts:
Safety guidelines for experiences that involve cooking
Food allergies
Dietary restrictions or preferences
For guests:
Food allergies
Dietary restrictions or preferences
Did this article help?
Yes
No
Related articles
How-to • Experience host
What should I know about food allergies as a host of an Airbnb Experience?
Communication, planning ahead, as well as how you prep, cook, and perform cleanup are all important elements of keeping guests with food allergies safe.
Rules • Guest
Dietary restrictions on Airbnb Experiences
Hosts can often find ways to accommodate a variety of dietary restrictions so everyone gets the most out of the experience. Check with the Host to find out.
How-to • Experience host
What should I know about dietary restrictions as a host of an Airbnb Service or Experience involving food?
As a host, it’s important to be aware of the different dietary restrictions you might encounter to properly accommodate your guests’ needs.
Get help with your reservations, account, and more.
Log in or sign up
Site Footer
Support
Help Center
AirCover
Anti-discrimination
Disability support
Cancellation options
Report neighborhood concern
Hosting
Airbnb your home
AirCover for Hosts
Hosting resources
Community forum
Hosting responsibly
Airbnb-friendly apartments
Join a free Hosting class
Find a co‑host
Airbnb
2025 Summer Release
Newsroom
New features
Careers
Investors
Gift cards
Airbnb.org emergency stays
Footer section
© 2025 Airbnb, Inc.·Terms·Sitemap·Privacy·Your Privacy Choices
English (US)
€
EUR | How can the Airbnb community help with water conservation in Cape Town?: Skip to content
Help Center
– home page
Search
Suggestions will show after typing in the search input. Use the up and down arrows to review. Use enter to select. If the selection is a phrase, that phrase will be submitted to search. If the suggestion is a link, the browser will navigate to that page.
Home
All topics
About Airbnb
Partnerships
About Airbnb partners
How can the Airbnb community help with water conservation in Cape Town?
How-to
How can the Airbnb community help with water conservation in Cape Town?

We are continuously monitoring the water situation in Cape Town and have been in contact with hosts and guests, as well as with local officials, about the latest developments. Airbnb is committed to promoting local and sustainable travel, and we are encouraging our community to act responsibly during this drought and conserve water whenever possible.

Cape Town has worked hard to save water and increase their dam levels, but we ask that you still make every effort to use water sparingly. For water restrictions explained, visit the City of Cape Town website. You can find helpful information on Cape Town’s guidance for visitors and Wesgro’s FAQs.

If you are also interested in supporting local water-saving initiatives, you can visit FlowOffset to find out more about how to counteract your water consumption.

Additional info for hosts
How do I ask my guests to join us in our commitment to use water sparingly?

It’s a good idea to connect with your guest as soon as possible to let them know that you can still host, details about the water restrictions, and any changes they should expect as a result. This could include information like when and how often laundry is done, or if there are restrictions in the use of the swimming pool (if you have one). Also, you can let them know that you’re available to answer any questions about their stay. Many hosts tell us that when guests understand the situation, they are willing to do their part to use water responsibly.

Can I charge an additional fee for water?

Charging for water is a regulated activity and it is against the law to charge guests separate fees for water. For more info about the sale of water, you can visit Cape Town’s Water Restrictions.

Are there exceptions to the water restrictions?

It may be possible to apply for an increase in domestic water. You can find out more on the City of Cape Town website or by contacting the the City of Cape Town Metropolitan Municipality at +27-0860-103-089 or email water@capetown.gov.za.

Did this article help?
Yes
No
Get help with your reservations, account, and more.
Log in or sign up
Site Footer
Support
Help Center
AirCover
Anti-discrimination
Disability support
Cancellation options
Report neighborhood concern
Hosting
Airbnb your home
AirCover for Hosts
Hosting resources
Community forum
Hosting responsibly
Airbnb-friendly apartments
Join a free Hosting class
Find a co‑host
Airbnb
2025 Summer Release
Newsroom
New features
Careers
Investors
Gift cards
Airbnb.org emergency stays
Footer section
© 2025 Airbnb, Inc.·Terms·Sitemap·Privacy·Your Privacy Choices
English (US)
€
EUR",2025-07-08T11:14:44.126Z,
service-host,Your account and reviews,Creating an account,https://www.airbnb.com/help/topic/1383,"Skip to content
Help Center
– home page
Search
Suggestions will show after typing in the search input. Use the up and down arrows to review. Use enter to select. If the selection is a phrase, that phrase will be submitted to search. If the suggestion is a link, the browser will navigate to that page.
Home
All topics
Your account and reviews
Creating an account
Creating an account
How-to
Create an account
Signing up is free—use your email address, phone number, Google account, or Apple ID.
How-to
Log in to your Airbnb account
Trying to log in? Here's how to access your Airbnb account.
How-to
Switching between hosting and traveling
Many Airbnb hosts also book places and experiences through Airbnb as a guest. How do you switch your account between hosting and traveling?
How-to
Which internet browsers work best on Airbnb?
Our site works best on the current version of Google Chrome, Mozilla Firefox, Microsoft Edge, or Opera.
How-to
How do I use Sign in with Apple on Airbnb?
Instead of entering a password, this feature lets you use Face ID or Touch ID to log in. It’s only available for new accounts.
Legal terms
As a mainland China resident, what do I need to know to sign up for an Airbnb account?
Learn more about Airbnb’s service and privacy policies in China.
How-to
Disconnect your social accounts from Airbnb
You can disconnect your social accounts from your Airbnb account at any time.
How-to
Login to Airbnb accounts through Facebook is no longer supported
If you’ve logged in to your Airbnb account with your Facebook account in the past, find out how you can log in without Facebook.
Related topics
Managing your account
ID and verification
Account security
Reviews
Site Footer
Support
Help Center
AirCover
Anti-discrimination
Disability support
Cancellation options
Report neighborhood concern
Hosting
Airbnb your home
AirCover for Hosts
Hosting resources
Community forum
Hosting responsibly
Airbnb-friendly apartments
Join a free Hosting class
Find a co‑host
Airbnb
2025 Summer Release
Newsroom
New features
Careers
Investors
Gift cards
Airbnb.org emergency stays
Footer section
© 2025 Airbnb, Inc.·Terms·Sitemap·Privacy·Your Privacy Choices
English (US)
€
EUR",3,Create an account | Log in to your Airbnb account | Switching between hosting and traveling,"Create an account: Skip to content
Help Center
– home page
Search
Suggestions will show after typing in the search input. Use the up and down arrows to review. Use enter to select. If the selection is a phrase, that phrase will be submitted to search. If the suggestion is a link, the browser will navigate to that page.
Home
All topics
Your account and reviews
Creating an account
Create an account
How-to
Create an account

Creating an Airbnb account is free and easy. To sign up, visit Airbnb.com, or download the Airbnb app from the App Store or Google Play.

Multiple ways to sign up for an account

You can sign up for a new account on desktop or mobile browser, or in the Airbnb app by providing any of the following:

An email address and a password
Your phone number
Google or Apple account
Naver account (for South Korea)
What’s required before you list or book a stay

Every Airbnb community member is required to go through our identity verification process. For hosts, we'll collect this when you publish your listing. We’ll collect this for guests when you book. You can begin the verification process here.

If more information is needed, we’ll let you know so you can complete the creation of your account.

What’s required before you can host

You’ll need to verify your identity before you can get started hosting. Every community member is required to go through this process.

If you already have another account

If you have more than one Airbnb account, you unfortunately can’t merge accounts. However, you can delete or deactivate the account you use the least. Learn more about what to do if you have multiple accounts.

Did this article help?
Yes
No
Related articles
Guide
Getting started on Airbnb
Whether you want to book a dream stay away from home, host an Airbnb Experience in your own backyard, or provide a service to make a guest’s trip more memorable, here’s how Airbnb works for you—as a host or a guest.
How-to
Disconnect your social accounts from Airbnb
You can disconnect your social accounts from your Airbnb account at any time.
How-to
Booking requirements for reservations
When booking a home, service, or experience, we need to know some basic information about you.
Get help with your reservations, account, and more.
Log in or sign up
Site Footer
Support
Help Center
AirCover
Anti-discrimination
Disability support
Cancellation options
Report neighborhood concern
Hosting
Airbnb your home
AirCover for Hosts
Hosting resources
Community forum
Hosting responsibly
Airbnb-friendly apartments
Join a free Hosting class
Find a co‑host
Airbnb
2025 Summer Release
Newsroom
New features
Careers
Investors
Gift cards
Airbnb.org emergency stays
Footer section
© 2025 Airbnb, Inc.·Terms·Sitemap·Privacy·Your Privacy Choices
English (US)
€
EUR | Log in to your Airbnb account: Skip to content
Help Center
– home page
Search
Suggestions will show after typing in the search input. Use the up and down arrows to review. Use enter to select. If the selection is a phrase, that phrase will be submitted to search. If the suggestion is a link, the browser will navigate to that page.
Home
All topics
Your account and reviews
Creating an account
Log in to your Airbnb account
How-to
Log in to your Airbnb account

Whether you’re just getting started or simply want a refresher on how to get into your account, we’re here to help you get access.

In this article
If you’re new to Airbnb
Log in to an existing Airbnb account
If you have trouble logging in
Getting to your host or guest account after logging in
If you’re new to Airbnb

We’re glad you’re here. You can start by creating an account. You can also find everything you need to know about getting started.

Log in to an existing Airbnb account

When you created your account, you chose the way that you sign in. It could be via email, phone number, Apple ID, Facebook or Google account, or Naver (South Korea). 

Desktop
iOS app
Android app
Mobile browser
Log in on desktop
Click Account
Select your login method from the options listed
Enter your login details and follow the instructions
If you have trouble logging in

If you’re are experiencing difficulty logging in, try the following options:


Make sure you’re connected to a stable internet connection.
You can use the phone number or email associated with your Airbnb account to log in.
You can always reset your password if you forgot it.

If you’ve logged in to Airbnb with your Facebook credentials in the past, you’ll need to use one of these methods to log in.

Getting to your host or guest account after logging in

You’re automatically taken to your guest account when you log in. If you’re also a host, you can switch between traveling and hosting on airbnb.com and the Airbnb app.

Did this article help?
Yes
No
Related articles
How-to
Reset or change your password
Learn how to reset your password, update your password, or create one for Airbnb if you’ve been logging in a different way.
How-to
Create an account
Signing up is free—use your email address, phone number, Google account, or Apple ID.
How-to
Disconnect your social accounts from Airbnb
You can disconnect your social accounts from your Airbnb account at any time.
Get help with your reservations, account, and more.
Log in or sign up
Site Footer
Support
Help Center
AirCover
Anti-discrimination
Disability support
Cancellation options
Report neighborhood concern
Hosting
Airbnb your home
AirCover for Hosts
Hosting resources
Community forum
Hosting responsibly
Airbnb-friendly apartments
Join a free Hosting class
Find a co‑host
Airbnb
2025 Summer Release
Newsroom
New features
Careers
Investors
Gift cards
Airbnb.org emergency stays
Footer section
© 2025 Airbnb, Inc.·Terms·Sitemap·Privacy·Your Privacy Choices
English (US)
€
EUR | Switching between hosting and traveling: Skip to content
Help Center
– home page
Search
Suggestions will show after typing in the search input. Use the up and down arrows to review. Use enter to select. If the selection is a phrase, that phrase will be submitted to search. If the suggestion is a link, the browser will navigate to that page.
Home
All topics
Your account and reviews
Creating an account
Switching between hosting and traveling
How-to
Switching between hosting and traveling

Many hosts also book places and experiences through Airbnb as a guest. How do you switch your account between hosting and traveling and back again?

Switching from traveling to hosting

Your account must be set to hosting to manage reservations at your properties and communicate with your guests.

Using the Airbnb app: Tap Profile 

Using a browser: Next to your profile photo, click or tap Switch to hosting.

Switching from hosting to traveling

To manage your own travel and experiences, your account must be set to traveling.

Using the Airbnb app: Tap Menu.

Using a browser: Click or tap your profile photo, then in the menu click or tap Switch to traveling.

Did this article help?
Yes
No
Get help with your reservations, account, and more.
Log in or sign up
Site Footer
Support
Help Center
AirCover
Anti-discrimination
Disability support
Cancellation options
Report neighborhood concern
Hosting
Airbnb your home
AirCover for Hosts
Hosting resources
Community forum
Hosting responsibly
Airbnb-friendly apartments
Join a free Hosting class
Find a co‑host
Airbnb
2025 Summer Release
Newsroom
New features
Careers
Investors
Gift cards
Airbnb.org emergency stays
Footer section
© 2025 Airbnb, Inc.·Terms·Sitemap·Privacy·Your Privacy Choices
English (US)
€
EUR",2025-07-08T11:15:01.958Z,
service-host,Your account and reviews,Managing your account,https://www.airbnb.com/help/topic/1388,"Skip to content
Help Center
– home page
Search
Suggestions will show after typing in the search input. Use the up and down arrows to review. Use enter to select. If the selection is a phrase, that phrase will be submitted to search. If the suggestion is a link, the browser will navigate to that page.
Home
All topics
Your account and reviews
Managing your account
Managing your account
Editing your account details
How-to
Add or change your profile photo
Add or change a recognizable profile photo to help establish credibility and authenticity.
How-to
Reset or change your password
Learn how to reset your password, update your password, or create one for Airbnb if you’ve been logging in a different way.
How-to
Quick access to all your essential account settings
You can edit your account settings, as well as some information on your public profile, from your Account section.
How-to
Merging multiple accounts
You can’t merge accounts, so you will need to choose one and deactivate the other.
How-to
Change your name in your profile
While we’ll need your legal name for some stuff, we’re happy to make you feel welcomed by using your preferred first name on your public Airbnb profile.
How-to
Change your email address
You can change or add an email address to your profile.
How-to
Edit phone numbers on your account
Find out how to change or add phone numbers on your account.
How-to
Disconnect your social accounts from Airbnb
You can disconnect your social accounts from your Airbnb account at any time.
How-to
Login to Airbnb accounts through Facebook is no longer supported
If you’ve logged in to your Airbnb account with your Facebook account in the past, find out how you can log in without Facebook.
How-to
Add an emergency contact
You can add up to 4 contacts. Go to your profile to add or make updates.
How-to
Changing the language on Airbnb
For desktop and browsers, select your preferred language in your account’s global preferences section. For your phone, check under system settings.
How-to
Change your public profile location
You can change the location that shows publicly in your profile. Your country of residence is determined automatically.
How-to
Updating your host profile: What I do for work
As a host, sharing more information about yourself, such as your profession, helps the Airbnb community get to know you better.
How-to • Anfitrión
Add your business details
Find out how to add your business details.
Managing your profile
How-to
Overview of your profile
You can use your profile to help hosts and guests get to know you better as a person. It helps build trust with hosts you might want to stay with, or guests who are interested in staying at your place.
How-to
Where your profile information may appear
Information shown on your profile can be viewed by others in the Airbnb community.
How-to
What info is shown on your profile
Your profile contains information that introduces you to others on Airbnb.
How-to
Add optional info to your profile
Airbnb automatically adds some basic info to your profile, but you have the opportunity to edit your profile to add some personality to help hosts and guests get to know you.
How-to • Home host
How your host profile for rooms works
Your host profile is a great way for guests to get to know you, what you’re into, how you host, and what makes staying at your place special.
How-to • Guest
Show where you've been with travel stamps on your profile
Add travel stamps to your profile to show others where you’ve been as a guest on Airbnb.
How-to • Huésped
Find and share your past trips
Review your collection of travel stamps and share the listings from your past trips.
Deactivating or deleting
How-to
Deactivating or deleting your account
You can temporarily deactivate your account and reactivate it later, or you can permanently delete it.
How-to
How to exercise your data subject rights
Read about privacy and data protection and the ways you can manage your data, from how we communicate to data portability.
How-to
Exercising data subject rights as a user from mainland China
Read about privacy and data protection and the ways you can manage your data, from how we communicate to data portability.
How-to
Can Airbnb deactivate my account?
Yes. Learn why and when Airbnb may limit, suspend, or deactivate your account.
How-to
What does it mean if Airbnb closes my home host account?
Find out what you can and can’t do if your host account is closed.
Notifications
How-to
Managing your notifications
Manage email, text, phone, or push notifications in your account's notification settings.
How-to
Missing email notifications
You might miss an email notification if your account has an incorrect email address or outdated notification settings.
Business travel
How-to
Join your company’s Airbnb for Work account
Join your employer's Airbnb for Work account to streamline your business travel.
How-to
Link or unlink your work email address with your personal Airbnb account
You can add or delete your work email in your profile.
Referrals
How-to
Refer a friend to join Airbnb and get rewarded
When your friends use your referral link to join Airbnb, you and your friends can earn rewards. Available in select countries: China, Italy, Japan, and Mexico.
How-to
Booking a trip with travel credit from referrals
Qualified travel credits are automatically added to your account. Your travel credit will show on the checkout page when you pay for your next reservation.
How-to
Find your Airbnb sign up referral coupon
Your referral coupon should automatically show on the checkout page when you pay for your first qualifying reservation.
How-to
Superhost Ambassadors
Superhost Ambassadors are Superhosts who help people all over the world discover the benefits of hosting.
Related topics
Creating an account
ID and verification
Account security
Reviews
Site Footer
Support
Help Center
AirCover
Anti-discrimination
Disability support
Cancellation options
Report neighborhood concern
Hosting
Airbnb your home
AirCover for Hosts
Hosting resources
Community forum
Hosting responsibly
Airbnb-friendly apartments
Join a free Hosting class
Find a co‑host
Airbnb
2025 Summer Release
Newsroom
New features
Careers
Investors
Gift cards
Airbnb.org emergency stays
Footer section
© 2025 Airbnb, Inc.·Terms·Sitemap·Privacy·Your Privacy Choices
English (US)
€
EUR",3,Add or change your profile photo | Reset or change your password | Quick access to all your essential account settings,"Add or change your profile photo: Skip to content
Help Center
– home page
Search
Suggestions will show after typing in the search input. Use the up and down arrows to review. Use enter to select. If the selection is a phrase, that phrase will be submitted to search. If the suggestion is a link, the browser will navigate to that page.
Home
All topics
Your account and reviews
Managing your account
Editing your account details
Add or change your profile photo
How-to
Add or change your profile photo

Whether you're a guest who reserved the perfect stay, experience or service, or a host welcoming guests, a clear and recognizable profile photo can help establish credibility and authenticity.

In this article
Edit your profile photo
Guided photo capture helps you get your best profile photo
When photos are shared with hosts
Edit your profile photo
Desktop
iOS app
Android app
Mobile browser
Edit your photo on desktop
Click Profile > Edit profile
Under your profile photo, click Edit
Choose a photo and click Submit
Guided photo capture helps you get your best profile photo

When selecting a profile photo, our guided photo capture experience will locate your face and give you AI-powered tips to help ensure it’s clear and visible.

Tips may include:

Centering your head in the frame with auto-zoom
Zooming in on yourself if your photo has multiple people in it
Suggesting that you provide a photo where your face is facing the camera
Letting you know if your photo is too blurry to use
Recommending against adding a photo without you in it—like photos of landscapes or animals

These tips are optional—you can bypass the recommendations and add the photo of your choice, just make sure it meets the standards of our content policy.

Note: Additional photo requirements apply for co-hosts to be displayed on the Co-Host Network.

When photos are shared with hosts

While host photos are always visible on Airbnb, guest profile photos aren’t shown until after the host has accepted the reservation. Additionally, while a profile photo is recommended for all Airbnb users, it’s not mandatory for guests.


Did this article help?
Yes
No
Related articles
How-to • Host
What guest details hosts can expect prior to booking
Find out what details you'll be able to review when a potential guest sends you a request.
Community policy
Airbnb's Content Policy
Read about the content that is not allowed on Airbnb, and how the Content Policy works.
How-to • Home host
Co-Host Network: An introduction
The Co-Host Network is available in select countries worldwide to hosts (or soon to be hosts) who are looking for hosting support.
Get help with your reservations, account, and more.
Log in or sign up
Site Footer
Support
Help Center
AirCover
Anti-discrimination
Disability support
Cancellation options
Report neighborhood concern
Hosting
Airbnb your home
AirCover for Hosts
Hosting resources
Community forum
Hosting responsibly
Airbnb-friendly apartments
Join a free Hosting class
Find a co‑host
Airbnb
2025 Summer Release
Newsroom
New features
Careers
Investors
Gift cards
Airbnb.org emergency stays
Footer section
© 2025 Airbnb, Inc.·Terms·Sitemap·Privacy·Your Privacy Choices
English (US)
€
EUR | Reset or change your password: Skip to content
Help Center
– home page
Search
Suggestions will show after typing in the search input. Use the up and down arrows to review. Use enter to select. If the selection is a phrase, that phrase will be submitted to search. If the suggestion is a link, the browser will navigate to that page.
Home
All topics
Your account and reviews
Managing your account
Editing your account details
Reset or change your password
How-to
Reset or change your password

Having trouble logging in? Forgot your password? We’ve all been there. Find out how to reset or change your password.

In this article
Reset your password
Creating a password if you don’t already have one
What to do if you don’t receive a password reset link
How to change your current password
Reset your password
Desktop
iOS app
Android app
Mobile browser
Reset your password on desktop
Click Forgot password
Enter the email associated with your account
Click Send reset link 

You'll be emailed a link to reset your password.




Creating a password if you don’t already have one

If you created an Airbnb account by connecting to Facebook, Google, Apple, or using your phone number, you weren’t required to create a password.

If you’d like to create a password to log in directly, simply log out of your account and follow the steps for resetting your password. Even though you don’t yet have a password, going through the reset process will create a temporary password that allows you to create a permanent one.

What to do if you don’t receive a password reset link

If you’ve requested the reset link more than once, make sure you’re using the right email address. If you’re not sure which email address you used, try searching your email inbox for previous Airbnb messages. If you don’t find any, you may need to try another email address.

You may also need to disable your email service’s link preview (ex: Outlook) or mail-scanner feature, which could cause the link to expire before you open it.

How to change your current password
Desktop
iOS app
Android app
Mobile browser
Change your password on desktop
Click Menu > Account settings > Login & security

Next to Password, click Update
Enter your current password
Enter and confirm your new password
Click Update password
Did this article help?
Yes
No
Related articles
How-to
Change your email address
You can change or add an email address to your profile.
How-to
Link or unlink your work email address with your personal Airbnb account
You can add or delete your work email in your profile.
How-to • Guest
What should I do if my coupon code isn’t working?
There are a number of reasons a coupon code might not work, for instance, it could have expired or already been used.
Get help with your reservations, account, and more.
Log in or sign up
Site Footer
Support
Help Center
AirCover
Anti-discrimination
Disability support
Cancellation options
Report neighborhood concern
Hosting
Airbnb your home
AirCover for Hosts
Hosting resources
Community forum
Hosting responsibly
Airbnb-friendly apartments
Join a free Hosting class
Find a co‑host
Airbnb
2025 Summer Release
Newsroom
New features
Careers
Investors
Gift cards
Airbnb.org emergency stays
Footer section
© 2025 Airbnb, Inc.·Terms·Sitemap·Privacy·Your Privacy Choices
English (US)
€
EUR | Quick access to all your essential account settings: Skip to content
Help Center
– home page
Search
Suggestions will show after typing in the search input. Use the up and down arrows to review. Use enter to select. If the selection is a phrase, that phrase will be submitted to search. If the suggestion is a link, the browser will navigate to that page.
Home
All topics
Your account and reviews
Managing your account
Editing your account details
Quick access to all your essential account settings
How-to
Quick access to all your essential account settings

Once you’re logged in to Airbnb, your Account settings is a convenient place to access any personal settings and preferences, from editing your email address to choosing your default language.

Personal information: View or edit your personal details, including your legal name, preferred name, phone number, email address, physical address, emergency contact, and identity verification status
Login and security: Update your password and secure your account with two-factor authentication, view device history, and approve shared access to your account
Privacy and sharing: Turn read receipts on or off, allow search engines to include your listing in results, update review settings, request your personal data, opt-into anti-discrimination research, choose what information is shared with third parties, and delete your account
Notifications: Choose notification preferences for your account, including offers and updates, and how you want to be contacted
Payments and payouts: Add payment methods, review your payments, view credits and coupons, add or change a payout method, and view your earnings dashboard
Translation: Select whether you want reviews, descriptions, and messages automatically translated into the language you’ve set to view Airbnb in
Taxes: Manage taxpayer information and your tax documents
Professional hosting tools: Manage several properties in one place
Accessibility: Choose whether you prefer infinite scroll, add zoom and pan controls to maps
Did this article help?
Yes
No
Related articles
Guide • Guest
Setting up your Airbnb account
You’ve logged in, but you need to edit your account. Where do you go? Here’s how to update your profile, manage notification settings, and more so you can book a home, experience, or service on Airbnb.
How-to
Overview of your profile
You can use your profile to help hosts and guests get to know you better as a person. It helps build trust with hosts you might want to stay with, or guests who are interested in staying at your place.
How-to
Change your email address
You can change or add an email address to your profile.
Get help with your reservations, account, and more.
Log in or sign up
Site Footer
Support
Help Center
AirCover
Anti-discrimination
Disability support
Cancellation options
Report neighborhood concern
Hosting
Airbnb your home
AirCover for Hosts
Hosting resources
Community forum
Hosting responsibly
Airbnb-friendly apartments
Join a free Hosting class
Find a co‑host
Airbnb
2025 Summer Release
Newsroom
New features
Careers
Investors
Gift cards
Airbnb.org emergency stays
Footer section
© 2025 Airbnb, Inc.·Terms·Sitemap·Privacy·Your Privacy Choices
English (US)
€
EUR",2025-07-08T11:15:20.756Z,
service-host,Your account and reviews,ID and verification,https://www.airbnb.com/help/topic/1389,"Skip to content
Help Center
– home page
Search
Suggestions will show after typing in the search input. Use the up and down arrows to review. Use enter to select. If the selection is a phrase, that phrase will be submitted to search. If the suggestion is a link, the browser will navigate to that page.
Home
All topics
Your account and reviews
ID and verification
ID and verification
How-to
Verifying your identity on Airbnb
At Airbnb, trust is the cornerstone of our community—where millions of people across the world place trust in each other as they travel or host services, experiences, or homes.
How-to
Booking requirements for reservations
When booking a home, service, or experience, we need to know some basic information about you.
How-to
Verify your phone number
Once you’ve added your phone number to your account, guests, hosts, and Airbnb can contact you about your reservation.
How-to
Benefits of an Airbnb profile
Your profile is how you introduce yourself on Airbnb, and it represents you to others in our community, which can help build trust.
How-to
Background checks
We may conduct background checks on US-based users and India-based hosts. Find out more about how and when we do this.
How-to
Ways your ID info may be used
Sometimes, where permitted by applicable law, we may use personal info from a government ID to run background checks against public records for criminal convictions.
How-to
Photo matching
You may be asked to share a photo of your government ID and selfie in the identity verification process.
How-to
Submit an ID for verification
Often, your legal name and address and/or other personal information are enough for us to verify your identity. We may also ask you to provide a copy of your government ID that includes a photo of you.
Legal terms
Limitations of background checks
Because our background checks are limited, you shouldn’t rely on them as a guarantee that the user has no criminal background or other red flags.
How-to
Implications of background checks
Learn about how the background checks we perform can impact your account.
Rules
Safety tips for interacting with others
Learn how to help improve your safety when interacting with other Hosts and guests.
Rules
ID verification in China
To reduce fraud, Airbnb provides a localized ID verification process, specially designed for Chinese Hosts and guests.
How-to • Guest
Can't add phone number to your account
Having trouble verifying your phone number? Here are some tips you can try.
How-to
Facial recognition for identity verification
Get more info on our identity verification process, a series of steps we take to help ensure users are genuine.
Related topics
Creating an account
Managing your account
Account security
Reviews
Site Footer
Support
Help Center
AirCover
Anti-discrimination
Disability support
Cancellation options
Report neighborhood concern
Hosting
Airbnb your home
AirCover for Hosts
Hosting resources
Community forum
Hosting responsibly
Airbnb-friendly apartments
Join a free Hosting class
Find a co‑host
Airbnb
2025 Summer Release
Newsroom
New features
Careers
Investors
Gift cards
Airbnb.org emergency stays
Footer section
© 2025 Airbnb, Inc.·Terms·Sitemap·Privacy·Your Privacy Choices
English (US)
€
EUR",3,Verifying your identity on Airbnb | Booking requirements for reservations | Verify your phone number,"Verifying your identity on Airbnb: Skip to content
Help Center
– home page
Search
Suggestions will show after typing in the search input. Use the up and down arrows to review. Use enter to select. If the selection is a phrase, that phrase will be submitted to search. If the suggestion is a link, the browser will navigate to that page.
Home
All topics
Your account and reviews
ID and verification
Verifying your identity on Airbnb
How-to
Verifying your identity on Airbnb

At Airbnb, trust is the cornerstone of our community—where millions of people across the world place trust in each other as they travel or host services, experiences, or homes.


In this article
Building trust with each other
Why we verify identity
How identity verification works
What info we ask for
When we ask to verify
How long the process takes
Tips if you’re having trouble
Where we display your identity verified badge
Losing your identity verification badge
Identity info your host can ask for
How we share and manage your data
Building trust with each other

A key part of building this trust is verifying the identity of our users. Our identity verification process is a series of steps we take to help ensure users within our community are genuine so that everyone can feel more confident using Airbnb. Every host, new co-host, and booking guest must be identity verified to use our platform.

While no process is perfect, this aims to minimize fraudulent behavior, promote safety, and enable meaningful, real world interactions within our community.

Note: Our identity verification process checks a person's information against trusted third-party sources or a government ID. The process has safeguards, but doesn't guarantee that someone is who they say they are.

Why we verify identity

Verifying the identity of guests and hosts helps us to:

Promote trust between guests and hosts
Uphold Airbnb’s community guidelines
Reduce fraudulent behavior
Perform background checks when permitted by law
Respond to, support and investigate safety and security issues
Comply with applicable laws and regulations, including payments and tax laws
How identity verification works

We require primary hosts, new co-hosts, and booking guests to complete identity verification for all stays, services, and experiences on Airbnb.

Verifying your identity means verifying certain personal information, such as your legal name, address, phone number or other contact details using trusted third-party sources or your government ID. In some cases, we can do this without any additional info needed from you. In other cases, we may need to ask for more information, as described below.

Some users may be able to choose to use facial recognition technology—also known as facial recognition— as part of completing identity verification.

Identity verification methods may also differ across regions. For example, South Korean users may also use third-party certificates for identity verification.

Don’t worry—any identity information you provide to verify your identity won’t be shared with any hosts or guests on Airbnb, and will be handled according to our Privacy Policy.


What info we ask for
Legal name, address, and/or other personal information: In some cases, personal info is all we need to verify your identity—but this depends on a few factors, including the country you’re located in or if we detect anomalies on our platform. We’ll collect your legal name during sign up or verification, but you can always add a preferred first name that shows to hosts and guests.
Photo of your government ID: If we can’t verify you with the information above, or if a certain verification method isn’t available or effective in your country, we may ask you to provide a photo of your government ID. This could be a driving license, passport or national identity card. You can learn more about the types of IDs permitted—as well as country-specific guidelines.
Selfie: We may need to ask you for a photo of yourself in addition to the above photo of your government ID. This selfie won’t be used on your profile or shown to other users. If you can’t provide a selfie that matches your government ID, you can contact us for an alternative verification method.

If you’re not able to be verified with this information, in limited circumstances, you may be eligible to provide other proof of who you are, like a marriage license or court order, to complete this process.

Note: Hosts may be asked to verify additional information, such as your home address or citizenship, and other details, if they’re hosting as a business. Additionally, if you are an EU resident and receive income from renting accommodations, providing experiences, or acting as a co-host—or if income is received from a listing in the EU—you’ll also be asked to verify additional taxpayer information.

When we ask to verify
Guests

As a guest, you’ll need to verify your identity when you book a stay, service, or experience. Most users only need to do this once, and we’ll guide you through any steps you’ll need to take.

This typically happens during checkout—where we provide you with a specific deadline to finish. During this time, your reservation is pending, and others can’t book your dates. We’ll also send you notifications—like emails, SMS, and push reminders depending on your preferences—to help you finish before the deadline. If you don't complete the process in this timeline, your reservation won’t be confirmed.

Know that you may be required to re-verify your identity if you edit your legal name in your Account, make other updates to your account information, or for other reasons, like when we detect risk.

If you’re asked to go through identity verification again, we may be able to re-verify your identity instantly using information you’ve already provided us, such as your name and contact details—or you might be asked to complete other verification steps. When this happens, any existing trips you’ve booked won’t be affected, but you won’t be able to make a new reservation until we verify that change.

Note: If you’re trying to make a reservation, it’s critical to submit the information we need as soon as possible. If your check-in starts within 12 hours, you’ll have 1 hour to complete verification. Otherwise, you’ll need to complete verification within 12 hours of making your reservation. Your reservation is pending during this time, and it will not be confirmed if you can’t complete verification before the deadline we specify to you.

Hosts

If you’re getting started as a host, you’ll need to verify your identity when creating a listing for a stay, service, or experience for the first time, or if you’ve been invited to be a new co-host of a listing. While there’s no time limit for hosts to complete verification, your listing won’t be published until you finish. This means you can’t accept reservations until after you’ve been identity verified. Similarly, as a new co-host on a listing, you’ll need to finish verification before you can accept your invite.

As a host or co-host, know that you may also be required to re-verify your identity if you edit your legal name in your Account, make other updates to your account information, or for other reasons, like when we detect risk.

As a primary host, if you’re required to go through identity verification again, your existing reservations won’t be affected, but the calendar for any listings will be blocked until you complete the process. Co-hosts who are not primary hosts on a listing may be removed from listings if identity verification steps are not completed when required.

How long the process takes

After you submit your info, it typically takes us less than 1 hour to verify your identity. This may differ based on the country you live in and what info you provided.

Make sure the info you provide is valid, accurate and up to date. Otherwise, it could take us longer to verify you, or we might need to follow up and request additional info.

If you’re a guest making a reservation—remember to complete verification by the deadline we provide you. During this time, your reservation is pending, and others can’t book your dates. We’ll also send you notifications—like emails, SMS, and push reminders—to help you finish before the deadline.

Tips if you’re having trouble
Check your messages: You may have been sent additional information via text, email, or phone. If you think you missed a message from us, follow these instructions.
Use your first and last legal name: Make sure the legal name you provide matches that in public records or on your Government ID. If your legal name is different, such as after a marriage or gender affirmation, you can contact our Customer Support team to verify an alternative legal name with a government-issued document like a marriage license or court order. While you have to use a legal name for verification, you can add a preferred first name that shows to other guests and hosts instead.
Grant camera permission: The Airbnb app or your browser may need permission to access your camera. You can typically find instructions on how to provide these permissions to Airbnb by checking your browser or app settings. If you update these permissions and it’s still not working, try refreshing our app or webpage.
Use high-quality photos: Take photos in a well-lit room, and check that the photos are clear, not obscured, and fit within the frames we designate during the process. For selfies, religious head coverings are welcome—but please make sure that we can see your eyes, nose, and mouth. Don’t worry—your selfie won’t be shown to other users on Airbnb or on your profile.
Take a picture of yourself in the moment: If you’re asked to take a selfie, it must be taken of you at the moment of submission and not be a previous photo of you. Don’t worry—this won’t show on your profile or to other users on Airbnb.
Use an original ID that’s not expired: Make sure the ID you provide is unexpired and an original—that means it’s not a photocopy, PDF, or other digital copy. If the ID has two sides, such as a driving license or national identity card, submit photos of both the front and back. Note that you might also need to follow country-specific guidelines, depending on where you’re located.
Where we display your identity verified badge

Once you’ve been verified, you’ll get an Identity verified badge. Your verified badge is shown on Airbnb as a red badge with a checkmark next to your profile photo and your verified status is also shown with the Identity verified link on your profile. If you’re a host, your verified badge and Identity verified link may also be shown in the host section of your listing. If you tap on the user’s profile card or an Identity verified link, you can see the month and year when the user first completed the identity verification process on Airbnb. Know that some users may have temporarily lost their identity verified status or have been re-verified since that date.

If you’re a host who operates as a large enterprise, you may have created multiple accounts to help manage all of your listings. In these cases, your connected host accounts may not always display an Identity verified badge even though the business operating the account has been verified.

Losing your identity verification badge

If you change your personal information, like your legal name, or remove your government ID from your account, you may lose your identity verified badge and need to verify again to book or host future guests.

Identity info your host can ask for

Airbnb doesn’t share your government ID with a host when you book. However, your host may ask for a government ID after reservation if they added information about what is required and why in their listing description at the time you make a reservation—and only where required for legal or compliance reasons as outlined in Airbnb’s off-platform policy.

Some regions have laws that require guests to register with local authorities. This can be done directly with the local authorities—or at the accommodation by the host on behalf of the authorities. In other words, if you’ve booked a stay in a region where this applies, a host of a bed & breakfast, hostel, hotel or other accommodation on Airbnb might request this registration from you.

How we share and manage your data

We are a community built on trust. A fundamental part of earning that trust means being clear about how we use your information.

Only authorized Airbnb personnel and authorized third-party providers may access the information you submit, and all info is stored and transmitted in a secure manner. We share your identification information with authorized third-party service providers to help support the identity verification process—including such things as verifying your identity, authenticating your identification documents, and performing background checks (where permitted under applicable law).

We delete your Government ID after a prescribed retention period relating to the purpose it was collected for has elapsed—unless we’re legally required to retain it. Note that after your ID has been deleted, we continue to retain some information from it—such as your date of birth—for the management of your account, legal compliance, and general security purposes.

We handle the information collected during identity verification for purposes outlined in our Privacy Policy. Examples of the info we collect, and the purposes we may use them for are below.

Personal information you have provided us with, such as legal name, address and date of birth:
Supporting our identity verification process as detailed above
Responding to and investigating safety and security issues to protect our users on the Airbnb platform and the wider community
Responding to and assisting law enforcement investigations; responding to information requests from public bodies
Upholding Airbnb’s community guidelines
Complying with applicable laws, which includes payments and tax laws
Detecting fraudulent behavior
Doing background checks where permitted under applicable laws
Your government ID or other identity-related documentation you have provided:
Supporting our identity verification process as detailed above
Responding to and investigating safety and security issues involving users of the platform and the wider community
Responding to and assisting law enforcement investigations
Complying with applicable laws, which includes payments and tax laws

Did this article help?
Yes
No
Related articles
How-to
Submit an ID for verification
Often, your legal name and address and/or other personal information are enough for us to verify your identity. We may also ask you to provide a copy of your government ID that includes a photo of you.
Legal terms
Airbnb Privacy
Our Privacy Policy explains what personal information we collect, how we use personal information, how personal information is shared, and privacy rights.
How-to
Overview of your profile
You can use your profile to help hosts and guests get to know you better as a person. It helps build trust with hosts you might want to stay with, or guests who are interested in staying at your place.
Get help with your reservations, account, and more.
Log in or sign up
Site Footer
Support
Help Center
AirCover
Anti-discrimination
Disability support
Cancellation options
Report neighborhood concern
Hosting
Airbnb your home
AirCover for Hosts
Hosting resources
Community forum
Hosting responsibly
Airbnb-friendly apartments
Join a free Hosting class
Find a co‑host
Airbnb
2025 Summer Release
Newsroom
New features
Careers
Investors
Gift cards
Airbnb.org emergency stays
Footer section
© 2025 Airbnb, Inc.·Terms·Sitemap·Privacy·Your Privacy Choices
English (US)
€
EUR | Booking requirements for reservations: Skip to content
Help Center
– home page
Search
Suggestions will show after typing in the search input. Use the up and down arrows to review. Use enter to select. If the selection is a phrase, that phrase will be submitted to search. If the suggestion is a link, the browser will navigate to that page.
Home
All topics
Your account and reviews
ID and verification
Booking requirements for reservations
How-to
Booking requirements for reservations

When booking a home, service, or experience, we need to know some basic information about you.

In this article
What we need for bookings
Identity verification
Hosts may ask for ID after booking
Regional requirements
Your privacy is important to us
What we need for bookings

At a minimum, we need your:

Full name
Email address
Confirmed phone number
Payment information
Identity verification

Depending on the type of booking, we may need to verify your identity as part of the booking process. We may ask you to provide us with:

Legal name, address and/or other personal information: In some cases, personal info is all we need to verify your identity—but this depends on a few factors, including the country you’re located in or if we detect anomalies on our platform. We’ll collect your legal name during sign up or verification, but you can always add a preferred first name that shows to hosts and guests.
Photo of your government ID: If we can’t verify you with the information above, or if a certain verification method isn’t available or effective in your country, we may ask you to provide a photo of your government ID. This could be a driving license, passport or national identity card. You can learn more about the types of IDs permitted—as well as country-specific guidelines.
Selfie: We may need to ask you for a photo of yourself in addition to the above photo of your government ID. Don’t worry—this selfie won’t be used on your profile or shown to other users. If you can’t provide a selfie that matches your government ID, you can contact us for an alternative verification method.

If you’re not able to be verified with this information, in limited circumstances, you may be eligible to provide other proof of who you are, like a marriage license or court order, to complete this process.

Hosts may ask for ID after booking

Airbnb doesn’t share your government ID with hosts when you book. However, hosts may request it after booking if their listing mentions it is required for legal or compliance reasons per Airbnb’s off-platform policy. You can send your host a copy of your ID by attaching a photo or sending a document in your Airbnb messages.

Some hosts may require a profile photo of their guests to book. Guest profile photos aren’t displayed until after a booking is confirmed.

Regional requirements

Some regions have laws that require guests to register with local authorities. This can be done directly with the local authorities—or at the accommodation by the host on behalf of the authorities. In other words, if you’ve booked a home in a region where this applies, a host of a bed and breakfast, hostel, hotel or other accommodation on Airbnb might request this registration from you.

Your privacy is important to us

We are a community built on trust. A fundamental part of earning that trust means being clear about how we use your information.

We handle the information collected during identity verification for purposes outlined in our Privacy Policy. Learn more about how we manage and share your data to maintain the trust and safety of our community.

Did this article help?
Yes
No
Related articles
How-to • Guest
Instant Book
Instant Book listings allow guests that meet a Host’s requirements to book immediately, instead of needing to send a request for approval.
How-to • Home host
Customize booking settings
These are the settings that can help you control when your listing can be reserved and which guests can reserve without needing you to manually review and accept their request.
How-to
Create an account
Signing up is free—use your email address, phone number, Google account, or Apple ID.
Get help with your reservations, account, and more.
Log in or sign up
Site Footer
Support
Help Center
AirCover
Anti-discrimination
Disability support
Cancellation options
Report neighborhood concern
Hosting
Airbnb your home
AirCover for Hosts
Hosting resources
Community forum
Hosting responsibly
Airbnb-friendly apartments
Join a free Hosting class
Find a co‑host
Airbnb
2025 Summer Release
Newsroom
New features
Careers
Investors
Gift cards
Airbnb.org emergency stays
Footer section
© 2025 Airbnb, Inc.·Terms·Sitemap·Privacy·Your Privacy Choices
English (US)
€
EUR | Verify your phone number: Skip to content
Help Center
– home page
Search
Suggestions will show after typing in the search input. Use the up and down arrows to review. Use enter to select. If the selection is a phrase, that phrase will be submitted to search. If the suggestion is a link, the browser will navigate to that page.
Home
All topics
Your account and reviews
ID and verification
Verify your phone number
How-to
Verify your phone number

Hosts need to verify their phone numbers before listing their homes, and guests must have a verified phone number before making a reservation.

Keeping your phone number current—and removing any old numbers—is a good way to keep your account safe, and ensures that you can always log in.

To add and verify your phone number
Desktop
iOS app
Android app
Mobile browser
Verify your phone number on desktop
Click Profile > Account > Personal information
Go to Phone number and click Edit 
Select your country and country code
Enter your area code and phone number
Click Verify and we'll send you a 4-digit code via text message (SMS)
Enter your 4-digit code




After a reservation is accepted, all phone numbers on an account will be displayed to the other party, whether you're a guest or a host.

If you can’t verify your phone number

Having trouble verifying your phone number? Read some of our tips for troubleshooting phone number verification.

Did this article help?
Yes
No
Related articles
How-to
Edit phone numbers on your account
Find out how to change or add phone numbers on your account.
Guide • Guest
Setting up your Airbnb account
You’ve logged in, but you need to edit your account. Where do you go? Here’s how to update your profile, manage notification settings, and more so you can book a home, experience, or service on Airbnb.
How-to
Verifying your identity on Airbnb
At Airbnb, trust is the cornerstone of our community—where millions of people across the world place trust in each other as they travel or host services, experiences, or homes.
Get help with your reservations, account, and more.
Log in or sign up
Site Footer
Support
Help Center
AirCover
Anti-discrimination
Disability support
Cancellation options
Report neighborhood concern
Hosting
Airbnb your home
AirCover for Hosts
Hosting resources
Community forum
Hosting responsibly
Airbnb-friendly apartments
Join a free Hosting class
Find a co‑host
Airbnb
2025 Summer Release
Newsroom
New features
Careers
Investors
Gift cards
Airbnb.org emergency stays
Footer section
© 2025 Airbnb, Inc.·Terms·Sitemap·Privacy·Your Privacy Choices
English (US)
€
EUR",2025-07-08T11:15:39.679Z,
service-host,Your account and reviews,Account security,https://www.airbnb.com/help/topic/1390,"Skip to content
Help Center
– home page
Search
Suggestions will show after typing in the search input. Use the up and down arrows to review. Use enter to select. If the selection is a phrase, that phrase will be submitted to search. If the suggestion is a link, the browser will navigate to that page.
Home
All topics
Your account and reviews
Account security
Account security
How-to
How to check if an Airbnb email or website is authentic
Fraudulent emails and websites often have an urgent tone and threaten account suspension. When in doubt, start at the Airbnb home page.
How-to
Help secure your account
Explore different ways of keeping your info safe through multi-factor authentication, password strength, and more.
How-to
Create a strong password
Avoid common password mistakes. Use a unique password with special characters to create a strong password.
How-to
Review recent logins
You can review the login history of your Airbnb account, including time, browser, and approximate location.
How-to
Add and use two-factor authentication
Two-factor authentication adds an extra level of security to your account and helps protect your personal info and payout details.
How-to
How emails are anonymized for sharing
We don't share your personal email address even after you have a confirmed reservation.
How-to
Unauthorized account access
You can review your account and follow the instructions to undo any changes that were made without your permission.
How-to
Report suspicious messages
If you get a suspicious message, let us know by contacting us or flagging it in your Messages.
How-to
Airbnb and your personal info
Most data associated with your user account is deleted when you close your Airbnb account. However, some data is kept longer as required or permitted by law.
Community policy
User screenings
If we have at least a first name, last name, phone number, and city and country of residence for a user with a new booking or a new listing, we may perform a screening.
How-to
Understanding your personal data file
Get general information to help you better understand and navigate through the contents of your account data file.
How-to
Understand account login notifications
When you log in to your account from a new device, we’ll send the last trusted device a notification to confirm that it was you.
How-to
Emails from Medallia on behalf of Airbnb
From time to time, we like to send Hosts and guests a little something to say thanks or help celebrate a special moment—we call this AirbnbLove.
How-to
Sharing and disclosing information with other Members
To help facilitate bookings or other interactions between Members, we may share information in certain situations.
Related topics
Creating an account
Managing your account
ID and verification
Reviews
Site Footer
Support
Help Center
AirCover
Anti-discrimination
Disability support
Cancellation options
Report neighborhood concern
Hosting
Airbnb your home
AirCover for Hosts
Hosting resources
Community forum
Hosting responsibly
Airbnb-friendly apartments
Join a free Hosting class
Find a co‑host
Airbnb
2025 Summer Release
Newsroom
New features
Careers
Investors
Gift cards
Airbnb.org emergency stays
Footer section
© 2025 Airbnb, Inc.·Terms·Sitemap·Privacy·Your Privacy Choices
English (US)
€
EUR",3,How to check if an Airbnb email or website is authentic | Help secure your account | Create a strong password,"How to check if an Airbnb email or website is authentic: Skip to content
Help Center
– home page
Search
Suggestions will show after typing in the search input. Use the up and down arrows to review. Use enter to select. If the selection is a phrase, that phrase will be submitted to search. If the suggestion is a link, the browser will navigate to that page.
Home
All topics
Your account and reviews
Account security
How to check if an Airbnb email or website is authentic
How-to
How to check if an Airbnb email or website is authentic

Occasionally, people create fake emails or websites designed to look like Airbnb. These sites can be used to try to steal personal information, like your password or bank account info. This is often called phishing or spoofing.

In this article
Identify fraudulent emails and websites
Check for legitimate links
Confirm emails are from an official Airbnb domain
Verify the website address
Be wary of threatening tones
Report fake websites to Airbnb
Identify fraudulent emails and websites

If you receive an email or are directed to a website that looks like Airbnb but asks for confidential information, be cautious. When in doubt, always start at the Airbnb home page. Type https://www.airbnb.com into your browser and go from there.

Fraudulent emails often include the Airbnb logo and a fake Airbnb address in the ""From"" line. They may also contain text taken from real Airbnb emails, such as a reservation confirmation message, payout confirmation, reservation reminder, or a request to update your profile. By making an email seem real, fraudsters hope to trick you into providing personal information that we would never ask for.

Check for legitimate links

Fraudulent emails can contain links to fake Airbnb web pages that try to steal your information. Don’t click links in any email you’re not sure about.

A real link to Airbnb will begin with https://www.airbnb.com or a country-specific URL, such as https://es.airbnb.com, https://it.airbnb.com, https://www.airbnb.at, or https://www.airbnb.co.uk. If you click a link that takes you to a page that looks like Airbnb but doesn’t start with this address, it’s a fraudulent page and you should close it.

Confirm emails are from an official Airbnb domain

Fraudulent emails often come from domains that may appear similar, such as @bnb.com or @reservation-airbnb.com. But legitimate emails from Airbnb will only come from the following domains:

@airbnb.com
@airbnbaction.com
@airbnblove.com
@airbnbmail.com
@support-email.airbnb.com
@supportmessaging.airbnb.com
@airbnb.zendesk.com
@customer-research@airbnb.com
@e.airbnb.com
@email-support.airbnb.com
@express.medallia.com
@ext.airbnb.com
@guest.airbnb.com
@host.airbnb.com
@noreply@customer-research.airbnb.com
@noreply@qemailserver.com
@onboarding.airbnb.com
@outreach.airbnb.com
@research.airbnb.com

If it's not sent from one of these addresses, it’s not from Airbnb.


Verify the website address

Pay special attention to misspellings of Airbnb’s name. If Airbnb is misspelled in the website address, the website is fake.

Be wary of threatening tones

Fraudulent emails and websites often have an urgent tone and threaten account suspension, loss of a reservation or booking, or a delayed payout if you don't click a link or provide certain information immediately. If you have any doubt about an email’s authenticity, log in to your account and go from there.

Report fake websites to Airbnb

If you believe you've encountered a web page designed to look like Airbnb, let us know by reporting the website’s URL at https://www.airbnb.com/report-phishing. 

This page is only for reporting suspicious websites—it doesn’t create an Airbnb help request or send you a confirmation. If you interacted with a fraudulent site or are concerned about the security of your account, contact us instead.

Did this article help?
Yes
No
Related articles
Community policy
Avoiding fraud, scams, and abuse
We take steps to protect Airbnb's platform's integrity and mitigate the risks and losses associated with fraud, scams, and abuse by taking action against violators.
How-to
Report suspicious messages
If you get a suspicious message, let us know by contacting us or flagging it in your Messages.
How-to
Understanding your personal data file
Get general information to help you better understand and navigate through the contents of your account data file.
Get help with your reservations, account, and more.
Log in or sign up
Site Footer
Support
Help Center
AirCover
Anti-discrimination
Disability support
Cancellation options
Report neighborhood concern
Hosting
Airbnb your home
AirCover for Hosts
Hosting resources
Community forum
Hosting responsibly
Airbnb-friendly apartments
Join a free Hosting class
Find a co‑host
Airbnb
2025 Summer Release
Newsroom
New features
Careers
Investors
Gift cards
Airbnb.org emergency stays
Footer section
© 2025 Airbnb, Inc.·Terms·Sitemap·Privacy·Your Privacy Choices
English (US)
€
EUR | Help secure your account: Skip to content
Help Center
– home page
Search
Suggestions will show after typing in the search input. Use the up and down arrows to review. Use enter to select. If the selection is a phrase, that phrase will be submitted to search. If the suggestion is a link, the browser will navigate to that page.
Home
All topics
Your account and reviews
Account security
Help secure your account
How-to
Help secure your account

We’re always working to keep your account secure; here’s how you can help protect your information as well.

In this article
Account security
Online security
Additional security features
Account security
Start with a solid password: Your Airbnb password should be unique—preferably completely different from any other account, such as your email, social media, or your bank. This helps ensure that if one account is compromised, it's less likely to impact others. Learn how to update your password or create a strong password.
Review your account: Check your account if you think someone has logged in to Airbnb without your permission.
If it seems suspicious, flag it: If you think something is off about an Airbnb listing, profile, or message thread, flag it for review. You’ll be helping keep the Airbnb community safe. You can also report fake/lookalike websites designed to scam users.
Online security
Check for the “https”: If it’s included at the start of a URL, your connection is encrypted, which protects the integrity and confidentiality of your data. Some browsers may also show a lock icon next to the URL so you know it’s secure. Type https://www.airbnb.com directly into your browser to get started. Or, if you click a link in an email, check the destination URL before you log in.
Stay up to date: Check for software updates that protect you from security risks.
Install a trusted antivirus: Get help detecting, removing, and preventing common viruses, along with other types of cyber attacks.
Check the sender: Don't click links or download attachments from an email unless you know who sent it.

Additional security features
Understand multi-factor authentication: If you log into Airbnb from a new place or device—or edit sensitive account information—you could be asked to confirm it’s really you. You may need to enter a security code sent to your phone or email, or verify some of your account details. You might also get an account alert in case someone is trying to access your account.
Always go through us: Keep all payments and communication on the Airbnb platform. If a payment occurs off-platform, it’s much more difficult for us to help if something goes wrong. Don't transfer funds outside Airbnb or share your email address before a booking is accepted. If someone emails you asking you to pay or accept payment offsite, contact Airbnb right away. Learn how to spot if an email is really from Airbnb.

Did this article help?
Yes
No
Related articles
How-to
Unauthorized account access
You can review your account and follow the instructions to undo any changes that were made without your permission.
How-to
Create a strong password
Avoid common password mistakes. Use a unique password with special characters to create a strong password.
How-to
Review recent logins
You can review the login history of your Airbnb account, including time, browser, and approximate location.
Get help with your reservations, account, and more.
Log in or sign up
Site Footer
Support
Help Center
AirCover
Anti-discrimination
Disability support
Cancellation options
Report neighborhood concern
Hosting
Airbnb your home
AirCover for Hosts
Hosting resources
Community forum
Hosting responsibly
Airbnb-friendly apartments
Join a free Hosting class
Find a co‑host
Airbnb
2025 Summer Release
Newsroom
New features
Careers
Investors
Gift cards
Airbnb.org emergency stays
Footer section
© 2025 Airbnb, Inc.·Terms·Sitemap·Privacy·Your Privacy Choices
English (US)
€
EUR | Create a strong password: Skip to content
Help Center
– home page
Search
Suggestions will show after typing in the search input. Use the up and down arrows to review. Use enter to select. If the selection is a phrase, that phrase will be submitted to search. If the suggestion is a link, the browser will navigate to that page.
Home
All topics
Your account and reviews
Account security
Create a strong password
How-to
Create a strong password

When it comes to creating a safe password, the more symbols and numbers, the better. Here’s how you can create a strong password that keeps your account secure. If you ever forget your password, you can always reset it.

In this article
Make your password unique
Use a password manager
Make your password unique


It’s best to make your Airbnb password different from the passwords you use for other websites, like your email, bank account, or social media. That way, any security issues on those sites are less likely to impact your Airbnb account.

Do:

Use a mix of letters, numbers, and special characters (ex: #, $, !)
Replace some of the letters with numbers and symbols
For example, instead of the password “BackToBackChamps” try using “B@ck2B@ckChamp$”

Don’t:

Use common words
Use a combination of only words + digits (ex: dog1)

Tip: The longer your password is, the harder it may be to guess.

Use a password manager

If you find it tough to keep track of your passwords, try using a password manager. They're great for storing and organizing your passwords for each of your accounts online, so you don't have to remember them all.

Did this article help?
Yes
No
Related articles
How-to • Home host
How should I talk to my building manager about hosting on Airbnb?
Let your landlord know how Airbnb is a community built on trust, with trust and safety resources. We have some tips to help you both get on the same page.
How-to
Help secure your account
Explore different ways of keeping your info safe through multi-factor authentication, password strength, and more.
How-to
Reset or change your password
Learn how to reset your password, update your password, or create one for Airbnb if you’ve been logging in a different way.
Get help with your reservations, account, and more.
Log in or sign up
Site Footer
Support
Help Center
AirCover
Anti-discrimination
Disability support
Cancellation options
Report neighborhood concern
Hosting
Airbnb your home
AirCover for Hosts
Hosting resources
Community forum
Hosting responsibly
Airbnb-friendly apartments
Join a free Hosting class
Find a co‑host
Airbnb
2025 Summer Release
Newsroom
New features
Careers
Investors
Gift cards
Airbnb.org emergency stays
Footer section
© 2025 Airbnb, Inc.·Terms·Sitemap·Privacy·Your Privacy Choices
English (US)
€
EUR",2025-07-08T11:15:57.479Z,
service-host,Your account and reviews,Reviews,https://www.airbnb.com/help/topic/1391,"Skip to content
Help Center
– home page
Search
Suggestions will show after typing in the search input. Use the up and down arrows to review. Use enter to select. If the selection is a phrase, that phrase will be submitted to search. If the suggestion is a link, the browser will navigate to that page.
Home
All topics
Your account and reviews
Reviews
Reviews
Review basics for everyone; Understanding reviews as a host; Reviewing your host; After a review is published
Review basics for everyone
How-to
Reviews for homes
Our community relies on honest, transparent reviews. Hosts and guests write reviews once the stay has ended. Here's info about how reviews work for homes.
How-to
Reviews for experiences
Once an experience has ended, guests can write a review about how it went, and hosts can leave a public response to the review.
How-to
Reviews for services and experiences
Reviews are an important part of building trust on Airbnb. Find out how reviews work for services and experiences.
How-to
Leave a review
Ready to share a review? Learn how.
Community policy
Airbnb's Reviews Policy
Our policy helps ensure helpful, informative, and accurate reviews for guests and hosts.
Understanding reviews as a host
How-to
How reviews are ranked and sorted
Learn what determines the order in which reviews appear.
How-to
Ratings and reviews for co-hosts
Reviews will show up on the listing page as well as the profile page for the listing admin.
How-to • Home host
Understanding reviews with photos
How-to
Star ratings for Hosts
Star ratings allow guests to rate your Airbnb stay based on communication, general cleanliness, overall experience, and more.
Reviewing your host
How-to
How long you have to write a review
You have limited time after your stay, service, or experience ends to write a review. You can also send your host a note using your Airbnb message thread.
How-to
Leaving a review after your Host canceled
If your Host cancels your reservation there are a couple of review options available.
How-to • Guest
Reviews for a group of guests
Here's how reviews work when you've added guests to your travel group.
After a review is published
How-to
Find your reviews as a guest or host
Find reviews written by and about you.
How-to • Guest
Your reviews from hosts
Reviews from past hosts help others know what to expect. Find out what reviews include and who can read them.
How-to
Editing a review
You can edit a review for a home until your review is published. Reviews for services and experiences can’t be edited.
How-to
Remove a review from a host or guest
While you can’t remove a review you wrote or received on your own, you can ask us for help.
How-to
Responding to a review
You can post a public response to reviews that others leave for you, but you can't remove them. Reviews are only removed if they violate our Reviews Policy.
How-to
Review moderation
Airbnb doesn’t moderate reviews before they’re published, but reviews are encouraged to be transparent.
Related topics
Creating an account
Managing your account
ID and verification
Account security
Site Footer
Support
Help Center
AirCover
Anti-discrimination
Disability support
Cancellation options
Report neighborhood concern
Hosting
Airbnb your home
AirCover for Hosts
Hosting resources
Community forum
Hosting responsibly
Airbnb-friendly apartments
Join a free Hosting class
Find a co‑host
Airbnb
2025 Summer Release
Newsroom
New features
Careers
Investors
Gift cards
Airbnb.org emergency stays
Footer section
© 2025 Airbnb, Inc.·Terms·Sitemap·Privacy·Your Privacy Choices
English (US)
€
EUR",3,Reviews for homes | Reviews for experiences | Reviews for services and experiences,"Reviews for homes: Skip to content
Help Center
– home page
Search
Suggestions will show after typing in the search input. Use the up and down arrows to review. Use enter to select. If the selection is a phrase, that phrase will be submitted to search. If the suggestion is a link, the browser will navigate to that page.
Home
All topics
Your account and reviews
Reviews
Review basics for everyone
Reviews for homes
How-to
Reviews for homes

Our community relies on honest, transparent reviews to help hosts improve and let future guests know what to expect. Guests can use reviews to share public and private feedback about the home they booked. Hosts can use reviews to learn about what’s going well, and what they can improve.

Guest favorites and highlights

Listings with at least 5 or more recent reviews can be eligible for a Guest favorite label, a top homes highlight, or a percentile ranking label. Learn more in Guest favorites and highlights.

In this article
Guests: leaving a review for a home
Hosts: leaving a review for a guest
After reviews are published
Guests: leaving a review for a home
Who can leave a review and when

After you check out, both you and your host will be prompted to leave a review. Both parties will have 14 days after checkout to submit a review.

Reviews are only posted after both parties have submitted their reviews, or once the 14-day period has ended—whichever comes first.


Note: Find out how reviews work for a group of guests.


If your host cancels

If a host cancels a reservation before the day of check-in, neither the host nor the guest will be able to leave a review about that reservation. Find out more about what happens if a host cancels a reservation.

Guests and hosts can also leave a review for certain reservations that are canceled on or after the day of check-in (12:00 AM in the listing’s time zone).



Guest reviewer and trip details

To help you learn more about the guests who stayed at the home before, you can find information about the reviewers in their review, such as their:

City, country, continent or region
Date of stay (example: Jun 2024, 3 weeks ago, today, etc.)
Trip type (example: stayed with kids, a group, or pets)
Length of stay (example: stayed one night, a few nights, about a week, or over a week)

Note: This information is based on public information on the reviewer’s profile page or other information the reviewer submitted to sign up for Airbnb or complete their booking. To hide your information, opt out of review highlights.

Hosts: leaving a review for a guest
Who can leave a review and when

After you check out, both you and your guest will be prompted to leave a review. Both parties will have 14 days after checkout to submit a review.

Reviews are only posted after both parties have submitted their reviews, or once the 14-day period has ended—whichever comes first.

If you cancel your guest’s reservation

If you cancel a reservation before the day of check-in, neither you nor the guest(s) will be able to leave a review about that reservation. Find more info about what to consider as a host before canceling a reservation.

Guests and hosts can also leave a review for certain reservations that are canceled on or after the day of check-in (12:00 AM in the listing’s time zone).


Note: For more info on the impact of reviews as a host, check out star ratings.

After reviews are published
Finding your reviews

Once you’re signed in to your Airbnb account, you’ll be able to find both reviews written about you and by you on your public profile.

If a reservation has more than one confirmed guest, the host’s review for the group will appear on the profiles of all the other confirmed guests who have Airbnb accounts and joined the reservation.


Note: Airbnb doesn’t moderate reviews before they’re published. However, reviews do need to relate to an authentic reservation, and may be removed if they violate our Reviews Policy. Find out more about editing or removing reviews.

Responding to a review

You can post a public response to a published review that someone has left for you as long as you follow our Reviews Policy.

Review display, search, and sorting

Generally, reviews appear in chronological order by default, with the most recent review shown first. You can also search reviews using keywords (example: cleanliness, internet speed, location, etc.) and sort reviews by recency, highest rating, or lowest rating. Find more info about how reviews are ranked and how to sort them.

Did this article help?
Yes
No
Related articles
How-to
Editing a review
You can edit a review for a home until your review is published. Reviews for services and experiences can’t be edited.
Community policy
Airbnb's Reviews Policy
Our policy helps ensure helpful, informative, and accurate reviews for guests and hosts.
How-to
Responding to a review
You can post a public response to reviews that others leave for you, but you can't remove them. Reviews are only removed if they violate our Reviews Policy.
Get help with your reservations, account, and more.
Log in or sign up
Site Footer
Support
Help Center
AirCover
Anti-discrimination
Disability support
Cancellation options
Report neighborhood concern
Hosting
Airbnb your home
AirCover for Hosts
Hosting resources
Community forum
Hosting responsibly
Airbnb-friendly apartments
Join a free Hosting class
Find a co‑host
Airbnb
2025 Summer Release
Newsroom
New features
Careers
Investors
Gift cards
Airbnb.org emergency stays
Footer section
© 2025 Airbnb, Inc.·Terms·Sitemap·Privacy·Your Privacy Choices
English (US)
€
EUR | Reviews for experiences: Skip to content
Help Center
– home page
Search
Suggestions will show after typing in the search input. Use the up and down arrows to review. Use enter to select. If the selection is a phrase, that phrase will be submitted to search. If the suggestion is a link, the browser will navigate to that page.
Home
All topics
Your account and reviews
Reviews
Review basics for everyone
Reviews for experiences
How-to
Reviews for experiences

Note for experiences: The information in this article only applies to experiences attended before May 13, 2025. For experiences attended on or after May 13, 2025, please refer to Reviews for services and experiences.

Our community relies on honest, transparent reviews to help hosts improve and let future guests know what to expect. Guests can use reviews to share public and private feedback about the experience they booked. Hosts can use reviews to learn about what’s going well, and what they can improve.

In this article
Guests: leaving a review for an experience
Hosts: responding to a review of your experience
Guests: leaving a review for an experience

Only guests who have booked and paid for an experience on Airbnb can leave a review. Once an experience has ended, guests have 30 days to leave a review.

Reviews are published as soon as they’re submitted. Guests can still write reviews even if they show up late, they leave early, or they didn’t attend because they couldn’t find the meeting point for the experience. Guests will not be able to review a canceled experience.

Hosts: responding to a review of your experience

Experience hosts don’t leave reviews for guests. However, hosts can post a public response to a review that a guest has left, at any time. Feel free to respond with more context or provide your own perspective, so long as you also follow our Reviews Policy.

While you can’t remove a review because you disagree with it, you can respond to a recent review or make a review removal request if you think it violates our Reviews Policy.

Did this article help?
Yes
No
Related articles
How-to • Voyageur
Booking services and experiences
It’s easy to book an Airbnb service or experience. You can choose a specific city and date, or browse through what’s available.
How-to • Guest
Booking requirements for experiences
You must comply with local laws and regulations when you go on an experience. Some activities require different skills or a specific licence.
How-to
Editing a review
You can edit a review for a home until your review is published. Reviews for services and experiences can’t be edited.
Get help with your reservations, account, and more.
Log in or sign up
Site Footer
Support
Help Center
AirCover
Anti-discrimination
Disability support
Cancellation options
Report neighborhood concern
Hosting
Airbnb your home
AirCover for Hosts
Hosting resources
Community forum
Hosting responsibly
Airbnb-friendly apartments
Join a free Hosting class
Find a co‑host
Airbnb
2025 Summer Release
Newsroom
New features
Careers
Investors
Gift cards
Airbnb.org emergency stays
Footer section
© 2025 Airbnb, Inc.·Terms·Sitemap·Privacy·Your Privacy Choices
English (US)
€
EUR | Reviews for services and experiences: Skip to content
Help Center
– home page
Search
Suggestions will show after typing in the search input. Use the up and down arrows to review. Use enter to select. If the selection is a phrase, that phrase will be submitted to search. If the suggestion is a link, the browser will navigate to that page.
Home
All topics
Your account and reviews
Reviews
Review basics for everyone
Reviews for services and experiences
How-to
Reviews for services and experiences

Our community relies on honest, transparent reviews to help hosts improve and let future guests know what to expect. Guests can use reviews to share public and private feedback about the service they booked. Hosts can use reviews to learn about what’s going well, and what they can improve.

In this article
Guests: leaving a review for a service or experience
Hosts: responding to a review of your service or experience
Ratings for services and experiences
Guest reviewer and trip details
Guests: leaving a review for a service or experience

The guest that has booked and paid for the reservation on Airbnb and any guests that have accepted their invitation to the reservation can each leave their own review.

Guests have 14 days after the service or experience ends to leave a review. Guests can still write reviews even if they show up late, or if they leave early. Guests typically will not be able to leave a review for a canceled reservation, but in the event that this happens, Airbnb may remove it in accordance with our Reviews Policy.

Reviews are published as soon as they’re submitted. Once published, you can’t edit your review.

Hosts: responding to a review of your service or experience

Service hosts and experience hosts can’t leave reviews for guests. However, you can post a public response to a review you’ve received. Feel free to respond with more context or provide your own perspective, so long as you also follow our Reviews Policy. The Reviews Policy speaks to situations where a review may be removed because the guest never arrived, or canceled for a reason unrelated to the service/experience.


While you can’t remove a review because you disagree with it, you can make a review removal request if you think it violates our Reviews Policy.

Ratings for services and experiences

When guests leave a review for a service or experience, they’ll choose an overall rating (1 to 5) and answer a few questions. These ratings work a little differently from the star ratings for homes. Check out ratings for services and experiences for more info.

Guest reviewer and trip details

To help you learn more about the guests who stayed at the home before, you can find information about the reviewers in their review, such as their:

City, country, continent or region
Date of stay (example: Jun 2024, 3 weeks ago, today, etc.)
Trip type (example: stayed with kids, a group, or pets)
Length of stay (example: stayed one night, a few nights, about a week, or over a week)

Note: This information is based on public information on the reviewer’s profile page or other information the reviewer submitted to sign up for Airbnb or complete their booking. To hide your information, opt out of review highlights.

Did this article help?
Yes
No
Related articles
How-to
How long you have to write a review
You have limited time after your stay, service, or experience ends to write a review. You can also send your host a note using your Airbnb message thread.
How-to
Reviews for experiences
Once an experience has ended, guests can write a review about how it went, and hosts can leave a public response to the review.
How-to
Reviews for homes
Our community relies on honest, transparent reviews. Hosts and guests write reviews once the stay has ended. Here's info about how reviews work for homes.
Get help with your reservations, account, and more.
Log in or sign up
Site Footer
Support
Help Center
AirCover
Anti-discrimination
Disability support
Cancellation options
Report neighborhood concern
Hosting
Airbnb your home
AirCover for Hosts
Hosting resources
Community forum
Hosting responsibly
Airbnb-friendly apartments
Join a free Hosting class
Find a co‑host
Airbnb
2025 Summer Release
Newsroom
New features
Careers
Investors
Gift cards
Airbnb.org emergency stays
Footer section
© 2025 Airbnb, Inc.·Terms·Sitemap·Privacy·Your Privacy Choices
English (US)
€
EUR",2025-07-08T11:16:16.216Z,
service-host,Safety,Safety concerns,https://www.airbnb.com/help/topic/1394,"Skip to content
Help Center
– home page
Search
Suggestions will show after typing in the search input. Use the up and down arrows to review. Use enter to select. If the selection is a phrase, that phrase will be submitted to search. If the suggestion is a link, the browser will navigate to that page.
Home
All topics
Safety
Safety concerns
Safety concerns
How-to
Report and block a host or guest’s messages
Report suspicious messages to keep our community safe, or block the host or guest to stop further messages.
Rules
Home safety: Smoke and carbon monoxide alarms
Hosts are encouraged to install carbon monoxide alarms in their space. Find out more about our home safety program.
How-to
How Airbnb builds trust between hosts and guests
We offer features that help build trust, including our secure messaging system, reviews, AirCover for hosts and guests, and more.
How-to
If you feel unsafe during a trip
If you feel as if you may be in danger or your personal safety is threatened, contact the local authorities immediately.
How-to
Safety information on home listings
Here’s what you need to know about disclosing safety information in a home listing.
How-to
If you're injured on an Airbnb service or experience
If you’re injured or require medical attention while on an experience, get to a safe place and contact local emergency services immediately.
How-to
For hosts—injuries during an Airbnb Service or Experience
You should get everyone to a safe place and contact local emergency services immediately. After that, report the incident to us.
How-to
Background checks
We may conduct background checks on US-based users and India-based hosts. Find out more about how and when we do this.
Legal terms
Limitations of background checks
Because our background checks are limited, you shouldn’t rely on them as a guarantee that the user has no criminal background or other red flags.
How-to
Implications of background checks
Learn about how the background checks we perform can impact your account.
Rules • Home host
Airbnb’s free CO/smoke alarm program
Smoke and carbon monoxide (CO) alarms save lives. That’s why we’re offering one free dual smoke and CO alarm to hosts on Airbnb.
How-to • Guest
How listing locations are verified
When you see the Verified Location badge on the map, this means that the listing has satisfied the verification requirements described in this article.
Guide • Home host
Carbon Monoxide Alarm Program
CO alarms can help alert guests if there’s a dangerous CO buildup, such as from gas appliances or fireplaces, and are an important amenity for your listing.
Rules • Guest
Pre-screening criteria for Airbnb Experiences
In certain cases, Airbnb will pre-screen guests who book Airbnb Experiences.
Related topics
Safety tips and guidelines
Reporting issues
Government travel restrictions and advisories
Site Footer
Support
Help Center
AirCover
Anti-discrimination
Disability support
Cancellation options
Report neighborhood concern
Hosting
Airbnb your home
AirCover for Hosts
Hosting resources
Community forum
Hosting responsibly
Airbnb-friendly apartments
Join a free Hosting class
Find a co‑host
Airbnb
2025 Summer Release
Newsroom
New features
Careers
Investors
Gift cards
Airbnb.org emergency stays
Footer section
© 2025 Airbnb, Inc.·Terms·Sitemap·Privacy·Your Privacy Choices
English (US)
€
EUR",3,Report and block a host or guest’s messages | Home safety: Smoke and carbon monoxide alarms | How Airbnb builds trust between hosts and guests,"Report and block a host or guest’s messages: Skip to content
Help Center
– home page
Search
Suggestions will show after typing in the search input. Use the up and down arrows to review. Use enter to select. If the selection is a phrase, that phrase will be submitted to search. If the suggestion is a link, the browser will navigate to that page.
Home
All topics
Safety
Safety concerns
Report and block a host or guest’s messages
How-to
Report and block a host or guest’s messages

Help keep our community safe by reporting suspicious or inappropriate messages. You can also block the host or guest from continuing to message you.

In this article
Report a message with an option to block
What happens when you block a host or guest
How blocking works for upcoming or active reservations
How blocking works for inquiries
Other places that you can report inappropriate activity
Report a message with an option to block
Desktop
iOS app
Android app
Mobile browser
Report a message on desktop
Click Messages and select the conversation containing the message you want to report

Find the specific message in the thread and click the three dots next to it

Click  Report this message
Select the reason you're reporting the message and click Ok
Give additional details (if required), and then click Submit

You may have the option to block the user after reporting the message. To do so, select Block this person, and then Block. The effects of blocking may vary depending on the situation.


What happens when you block a host or guest

If you block someone, they won’t be able to send you messages, book your listing, or accept a reservation request from you. However, the effects of blocking may vary depending on the situation.

How blocking works for upcoming or active reservations

If you block a host or guest for an upcoming reservation or during an active reservation, you may continue to receive messages from the blocked user before and during the reservation, and for up to two weeks after the reservation ends to ensure all necessary post-reservation communications are completed.

For group messages, the conversation closes for everyone once the two-week post-reservation window ends.

If you cancel the reservation, blocking takes effect immediately. You can always contact us to step in and help.

How blocking works for inquiries

If you block a host or guest during an active inquiry, it stops everyone in the thread from messaging each other.

Other places that you can report inappropriate activity

You can also report suspicious host or guest Profiles or Listings.

Did this article help?
Yes
No
Related articles
Community policy
Combating hate, harassment, and discrimination
We want our hosts and guests to use our platform free from hate, harassment, and discrimination.
Community policy
Host and guest safety
To help ensure safe home stays, services, experiences, and interactions, certain activities and behaviors are not allowed in our community.
How-to
Report suspicious messages
If you get a suspicious message, let us know by contacting us or flagging it in your Messages.
Get help with your reservations, account, and more.
Log in or sign up
Site Footer
Support
Help Center
AirCover
Anti-discrimination
Disability support
Cancellation options
Report neighborhood concern
Hosting
Airbnb your home
AirCover for Hosts
Hosting resources
Community forum
Hosting responsibly
Airbnb-friendly apartments
Join a free Hosting class
Find a co‑host
Airbnb
2025 Summer Release
Newsroom
New features
Careers
Investors
Gift cards
Airbnb.org emergency stays
Footer section
© 2025 Airbnb, Inc.·Terms·Sitemap·Privacy·Your Privacy Choices
English (US)
€
EUR | Home safety: Smoke and carbon monoxide alarms: Skip to content
Help Center
– home page
Search
Suggestions will show after typing in the search input. Use the up and down arrows to review. Use enter to select. If the selection is a phrase, that phrase will be submitted to search. If the suggestion is a link, the browser will navigate to that page.
Home
All topics
Safety
Safety concerns
Home safety: Smoke and carbon monoxide alarms
Rules
Home safety: Smoke and carbon monoxide alarms

Smoke and carbon monoxide (CO) alarms save lives. That’s why we’re on a mission to get alarms into as many listings as possible. We strongly urge hosts to install smoke and carbon monoxide alarms in spaces that use fuel-burning appliances, test them regularly, and make sure their listing description is up to date. Check out preparing your listing with safety essentials for more information.

In this article
Get a combination smoke and carbon monoxide alarm at no cost
Update carbon monoxide and smoke alarm information on listings
Additional info
Get a combination smoke and carbon monoxide alarm at no cost

Airbnb provides a self-contained, battery powered, combination smoke and carbon monoxide alarm to eligible hosts at no cost. Home Safety Terms and Conditions apply.

Already have smoke and CO alarms? Update your listing information about safety devices, such as smoke and carbon monoxide alarms.

Update carbon monoxide and smoke alarm information on listings
Desktop
iOS app
Android app
Mobile browser
Update safety device info on desktop
Click Listings and select the listing you want to edit
Under Listing editor, click Guest safety
Click Safety devices
Select Carbon monoxide alarm installed and Smoke alarm installed
Click Save
Additional info

If your place only uses electric appliances, and does not have an attached garage, you have the option to select that a carbon monoxide alarm is not necessary.

Be sure to check your local regulations, which may require that you have more than one working smoke and carbon monoxide alarm installed in your place.

To communicate with a global audience, Airbnb often uses the terms ""alarm"" and ""detector"" interchangeably.

Did this article help?
Yes
No
Related articles
Legal terms
Home Safety Terms and Conditions
Please review our Home Safety Terms and Conditions.
How-to • Home host
Tracking your hosting performance
You can use our professional hosting tools to track your listings' historical, future, and real-time performance.
How-to • Guest
Cancellations of monthly stays
If a reservation is for 28 nights or more, the long-term cancellation policy applies.
Get help with your reservations, account, and more.
Log in or sign up
Site Footer
Support
Help Center
AirCover
Anti-discrimination
Disability support
Cancellation options
Report neighborhood concern
Hosting
Airbnb your home
AirCover for Hosts
Hosting resources
Community forum
Hosting responsibly
Airbnb-friendly apartments
Join a free Hosting class
Find a co‑host
Airbnb
2025 Summer Release
Newsroom
New features
Careers
Investors
Gift cards
Airbnb.org emergency stays
Footer section
© 2025 Airbnb, Inc.·Terms·Sitemap·Privacy·Your Privacy Choices
English (US)
€
EUR | How Airbnb builds trust between hosts and guests: Skip to content
Help Center
– home page
Search
Suggestions will show after typing in the search input. Use the up and down arrows to review. Use enter to select. If the selection is a phrase, that phrase will be submitted to search. If the suggestion is a link, the browser will navigate to that page.
Home
All topics
Safety
Safety concerns
How Airbnb builds trust between hosts and guests
How-to
How Airbnb builds trust between hosts and guests

At Airbnb, we want to build the world’s most trusted community. To help ensure the safety of everyone, we dedicate a knowledgeable and experienced team to monitor any suspicious activity in our marketplace.

Airbnb offers several features that help build trust and cultivate transparency, including our secure messaging system, reviews for homes, reviews for services and experiences, AirCover for hosts, and AirCover for guests.

Report suspicious activity to keep everyone safe

Help keep our community safe by reporting suspicious or inappropriate activity. To report something, click the flag icon  on Profiles, Listings, or Messages.

Resources for hosts and guests

We strive to provide our hosts and guests with the right tools to make informed decisions regarding who they interact with on the site and in the real world.

Learn more about how Airbnb keeps our community safe by verifying user information. And find our safety tips for hosts and guests.

Did this article help?
Yes
No
Related articles
Community policy
Helping to keep our community healthy
As our community travels the world and welcomes global citizens into their spaces, it’s important to try and reduce disease transmission.
Community policy
Host and guest safety
To help ensure safe home stays, services, experiences, and interactions, certain activities and behaviors are not allowed in our community.
Community policy
Illegal and prohibited activities
Airbnb doesn’t allow illegal activities and other behaviors that could harm our community.
Get help with your reservations, account, and more.
Log in or sign up
Site Footer
Support
Help Center
AirCover
Anti-discrimination
Disability support
Cancellation options
Report neighborhood concern
Hosting
Airbnb your home
AirCover for Hosts
Hosting resources
Community forum
Hosting responsibly
Airbnb-friendly apartments
Join a free Hosting class
Find a co‑host
Airbnb
2025 Summer Release
Newsroom
New features
Careers
Investors
Gift cards
Airbnb.org emergency stays
Footer section
© 2025 Airbnb, Inc.·Terms·Sitemap·Privacy·Your Privacy Choices
English (US)
€
EUR",2025-07-08T11:16:35.309Z,
service-host,Safety,Safety tips and guidelines,https://www.airbnb.com/help/topic/1395,"Skip to content
Help Center
– home page
Search
Suggestions will show after typing in the search input. Use the up and down arrows to review. Use enter to select. If the selection is a phrase, that phrase will be submitted to search. If the suggestion is a link, the browser will navigate to that page.
Home
All topics
Safety
Safety tips and guidelines
Safety tips and guidelines
General safety tips
How-to
First aid tips
Learn about Airbnb’s partnership with the Red Cross, the guidelines for first aid kits, and how to provide first aid.
How-to
Safety resources in the USA
Whether you're hosting or traveling, being well-informed before a reservation is important. Here are some safety resources to support you along the way.
Rules
Health and safety requirements for Airbnb stays
Your health and well being are important to us. Become familiar with safety tips and guidelines around your health during the COVID-19 pandemic.
Rules
Safety tips for interacting with others
Learn how to help improve your safety when interacting with other Hosts and guests.
For guests on stays
How-to
Safety tips for choosing a place
From ratings to safety features, learn how to find a place to stay where you will feel safe and secure.
How-to
Fire and carbon monoxide safety
Carbon monoxide alarms aren’t common in many parts of the world, so we suggest buying one to bring with you when you travel.
How-to
Safety tips when traveling with children
Learn how to make your stay safer for children when you travel.
For guests on experiences
How-to
Kitchen safety tips for Experience guests
The best practices to keep safe while in the kitchen, including information on hazard prevention and food safety.
Rules
Safety tips for culinary Airbnb Experiences
Follow best practices around food safety, food allergies, dietary restrictions, first aid, and kitchen and fire safety.
How-to
Preventing fires during Airbnb Experiences
Review some tips on fire safety and first aid.
For hosts
How-to • Home host
Safety tips for hosts of places to stay
Hosting guests from all over the world should be fun, rewarding, and safe.
How-to
Safety tips for Hosts of Airbnb Experiences
Find out how to make a safety plan for your guests and get some first aid tips and info.
How-to
Airbnb’s 5-step enhanced cleaning process
Get more info about our 5-step cleaning process developed in partnership with experts in an effort to curb the spread of COVID-19.
How-to
Food safety guidelines for Airbnb Services and Experiences
Hosts must keep things clean, separate raw and cooked foods, cook food thoroughly, keep food at safe temperatures, use safe water, and offer quality ingredients.
How-to
Preventing fires while hosting Airbnb Experiences
Learn fire prevention tools and safety precautions to follow while hosting your Airbnb Experience.
How-to
Kitchen safety tips for hosting Airbnb Experiences
Knife handling, fire prevention, and food safety—find out some best practices to keep your kitchen a safe place.
Rules
Cooking safety for Airbnb Experiences
We offer best practices around food safety, including info about food allergies, dietary restrictions, kitchen safety tips, and fire safety tips.
Related topics
Safety concerns
Reporting issues
Government travel restrictions and advisories
Site Footer
Support
Help Center
AirCover
Anti-discrimination
Disability support
Cancellation options
Report neighborhood concern
Hosting
Airbnb your home
AirCover for Hosts
Hosting resources
Community forum
Hosting responsibly
Airbnb-friendly apartments
Join a free Hosting class
Find a co‑host
Airbnb
2025 Summer Release
Newsroom
New features
Careers
Investors
Gift cards
Airbnb.org emergency stays
Footer section
© 2025 Airbnb, Inc.·Terms·Sitemap·Privacy·Your Privacy Choices
English (US)
€
EUR",3,First aid tips | Safety resources in the USA | Health and safety requirements for Airbnb stays,"First aid tips: Skip to content
Help Center
– home page
Search
Suggestions will show after typing in the search input. Use the up and down arrows to review. Use enter to select. If the selection is a phrase, that phrase will be submitted to search. If the suggestion is a link, the browser will navigate to that page.
Home
All topics
Safety
Safety tips and guidelines
General safety tips
First aid tips
How-to
First aid tips

Accidents happen, and we want you to be prepared. That’s why we’ve partnered with the American Red Cross and the International Federation of the Red Cross and Red Crescent Societies (IFRC) to provide general safety guidelines. Developed by the Red Cross Red Crescent’s Global Disaster Preparedness Center, these guidelines are applicable in 191 countries. While they're a great start, we strongly recommend signing up for a first aid and CPR training course near you.


In this article
Prepare or buy a first aid kit
How to react in an emergency: Check – Call – Care
How to provide first aid
Prepare or buy a first aid kit

Hosts and guests should have first aid kits. Make sure your guests know where it is, and guests should ask, if they don’t.

Supplies to have on hand

Find these items in a Red Cross-approved first aid kit at your local pharmacy or medical clinic:

2 pairs of latex-free gloves
Latex-free adhesive bandages of different sizes
Sterile gauze pads of different sizes
One roll adhesive cloth tape
Roller bandages of different sizes
One elastic bandage
3 or 4 triangular bandages
One 36"" malleable radiolucent splint
One unit of antibiotic ointment, cream, or wound gel
4 sealable plastic bags
5 antiseptic wipe packets
2 packets of chewable aspirin
One space blanket
One CPR breathing barrier (with a one-way valve)
One pair of utility shears or scissors
Oral thermometer
Tweezers

Knowing how to use these items is important, but remembering every step in an emergency can be tough. For help, download the First Aid app, offered by the Red Cross and Red Crescent network in each country.

How to react in an emergency: Check – Call – Care

Even if you have basic training, do not put your or someone else’s life at risk—let emergency medical professionals handle it. However, quick action using the Check – Call – Care process could save a life:

Check: Identify whether an emergency exists—check the person and the surroundings to see if they’re experiencing real risk or distress
Call: If the emergency seems critical, do not hesitate to call the designated emergency number in your country
Care: Stay with the person, monitoring their vital signals and providing information to the medical team
How to provide first aid

Emergency medical professionals might take time to arrive, particularly if there’s traffic or if you’re in a remote location. Assuming you’ve already determined that help is needed and called an emergency number, here are some first steps you can take while you wait.

Allergic reaction or allergy attack

Pollen, stings and bites, latex, some food items such as nuts, shellfish, eggs, or dairy products, and certain medications could cause a severe allergic reaction (anaphylaxis).

What Hosts and guests should have on hand:

First aid kit
First Aid app for your country
Epinephrine auto-injector (guests only, if prescribed)
How to take immediate action
Identify symptoms. Notice if the person develops a rash, itchiness, or swelling on their face, hands, or feet. Their breathing may also slow down—this is caused by the swelling of their airway. Vomiting and diarrhea can also occur.
Call local emergency services. If the person shows symptoms, call the designated emergency number. Allergy attacks require urgent medical assistance.
Use an epinephrine auto-injector. If the person has a known allergy, they may have been prescribed an auto-injector. You can help them to use it—follow the guidance on the packaging if necessary. The person should only use their own auto-injector, not auto-injectors from others or ones prescribed for different allergic reactions.
Help the person stay as comfortable as possible. Give them constant reassurance while waiting for emergency services.
Inform emergency services what action was taken. Relay the details of the situation and whether an auto-injector was used.
Seizure
Protect them from injury
Do not restrain them
After the seizure, move them onto their side
Tilt their head back and check for breathing
Diabetic emergencies
Give them a sweet, sugary drink or food
Reassure them—most people will gradually improve
Stroke
Identify if there’s weakness on one side
Check if they can raise both arms
Confirm they can easily talk in an understandable way
Choking
Check for breathing by tilting their head backward
Clear the airway if it’s blocked
Give 5 back blows between the shoulder blades to dislodge the object
Give 5 abdominal thrusts
Continue to monitor the person until help arrives
Poisoning
Establish what they have taken, when, and how much
DO NOT make them vomit or give them anything to drink
Heart attack
Help them sit down
Give them aspirin (not ibuprofen or acetaminophen)
Give constant reassurance
External bleeding
Put pressure on the wound
Keep pressure on the wound until help arrives
Fractures, dislocations, sprains, and strains
Support the injury to prevent movement
Make sure it’s supported until help arrives
Neck, head, and spinal injuries
Tell emergency services if the person is drowsy, confused, or vomiting, or if the injury occurred from a fall two times their height or greater
Ask them to rest and hold still
Apply a cold compress to the injury—20 minutes on, 10 minutes off
Emergencies that may not seem serious at first
Burns
Cool the burn under cool running water for at least 10 minutes
Cover the burn with plastic wrap or a clean plastic bag
If a child is burned or if the burn is serious, call the designated emergency number
Asthma
Help the person sit in a comfortable position and take their medication if they have it
Reassure them
If the attack becomes severe or does not improve with medication, call the designated emergency number
Heat-related
Move the person to a cool place
Rehydrate the person with sports water (carbohydrate electrolytes), coconut water, milk, or plain water only when the other options are not available
Loosen or remove as much clothing as possible
Apply cool wet cloths
Fan and mist the person
If the person is not responsive, call the designated emergency number
Cold-related (environmental)
Check for signs of hypothermia (reduced body temperature)
Warm the person with water no more than 100 degrees Fahrenheit/37 Celsius degrees
Cover the person or the area with a blanket or jacket without putting pressure
Provide warm liquids without alcohol or caffeine
If the person doesn’t respond, call the designated emergency number
Additional guidance
Emergency planning

We recommend that all guests and Hosts engaging in an experience prepare an emergency plan in case of a natural disaster or any other kind of emergency that could occur during an experience.

Airbnb-provided trip protections

All experiences include 24/7 community support. We also maintain $1,000,000 USD of liability insurance under our Experience Protection Insurance program, in order to provide Hosts and guests with peace of mind (certain exclusions apply). Additionally, in the event of a life-threatening injury, we’ve also partnered with an emergency medevac provider that may be activated to reach an injured party to support a medically necessary evacuation.

Partner disclaimers

Courtesy of the American Red Cross. ©2021 The American National Red Cross ALL RIGHTS RESERVED.

The American Red Cross and International Federation of the Red Cross Red Crescent name and emblem are used with its permission, which in no way constitutes an endorsement, express or implied, of any product, service, company, opinion or political position. The American Red Cross logo is a registered trademark owned by The American National Red Cross. For more information about the American Red Cross, please visit redcross.org.

In an emergency, contact local police or emergency services immediately.


Did this article help?
Yes
No
Related articles
How-to
Fire and carbon monoxide safety
Carbon monoxide alarms aren’t common in many parts of the world, so we suggest buying one to bring with you when you travel.
How-to
What kind of medical evacuation support is available on Airbnb Experiences and Adventures?
International SOS helps support medically necessary evacuations for hosts and guests and provides expert recommendations regarding health care globally.
How-to
How can I plan for an emergency when on an Airbnb Experience or Adventure?
You can use our safety plan templates as provided by the American Red Cross and International Federation of the Red Cross Red Crescent.
Get help with your reservations, account, and more.
Log in or sign up
Site Footer
Support
Help Center
AirCover
Anti-discrimination
Disability support
Cancellation options
Report neighborhood concern
Hosting
Airbnb your home
AirCover for Hosts
Hosting resources
Community forum
Hosting responsibly
Airbnb-friendly apartments
Join a free Hosting class
Find a co‑host
Airbnb
2025 Summer Release
Newsroom
New features
Careers
Investors
Gift cards
Airbnb.org emergency stays
Footer section
© 2025 Airbnb, Inc.·Terms·Sitemap·Privacy·Your Privacy Choices
English (US)
€
EUR | Safety resources in the USA: Skip to content
Help Center
– home page
Search
Suggestions will show after typing in the search input. Use the up and down arrows to review. Use enter to select. If the selection is a phrase, that phrase will be submitted to search. If the suggestion is a link, the browser will navigate to that page.
Home
All topics
Safety
Safety tips and guidelines
General safety tips
Safety resources in the USA
How-to
Safety resources in the USA

Remember: In an emergency situation, or if your personal safety is threatened, contact local police or emergency services immediately.

Whether you're hosting or traveling, here are some resources for support along the way:

In this article
Emergency contact information
Travel and documentation
Suicide and self-harm
Health and disease
Special planning considerations
Elevator safety
We're here to help
Emergency contact information
Emergency—Medical/Fire/Police: 911
National Domestic Violence Hotline: 1-800-799-SAFE (7233)
National Sexual Assault Hotline: 1-800-656-HOPE (4673)
National Substance Abuse and Mental Health [SAMHSA]: 1-800-662-HELP (4357)
National Human Trafficking Hotline: 1-888-373-7888
Drug Trafficking: US DEA
Travel and documentation
Smart Traveler Enrollment Program
Lost or Stolen Passports
Documentation, vaccinations, visas, etc.
Traveler's Checklist
Embassies and Consulates
Suicide and self-harm
National Suicide Prevention Lifeline: 1-800-273-TALK (8255)
Volunteer action to prevent suicide: Befrienders
National Eating Disorders Association
Support for young people: Your Life Your Voice
Health and disease
Your health abroad
Find a doctor or hospital abroad
Disease outbreak alerts
Vaccines, medicines, advice
Traveler Information Center
Special planning considerations
LGBT Travelers
Older Travelers
Traveling with Disabilities
Child Safety
Elevator safety
For Hosts considering installing residential elevators or who have already done so, it’s important to be aware of safety guidance from the Consumer Product Safety Commission (CPSC) on how to protect against gaps within residential elevators. Review the CPSC’s advisory and guidance.
We're here to help

If there’s an emergency in progress, please contact local emergency services or law enforcement authorities for assistance.

For other safety issues, we’re available 24 hours a day. Read more about how to contact us in our Help Center.

We take threats of suicide and self-harm very seriously and may reach out to authorities to request a wellness check if we are notified that there is an imminent safety risk.

Did this article help?
Yes
No
Related articles
How-to • Host
Refund your guest
How hosts refund guests depends on whether it’s during or after their check-in or start time.
How-to • Home host
If your guest cancels
If your guest cancels their reservation, we’ll notify you and automatically unblock the dates on your calendar so you can host other guests.
How-to • Host
When you'll get your payout
We typically send payouts about 24 hours after a guest checks in for home stays, and after the completion of a service or experience. However, when you'll get your payout can depend on several factors.
Get help with your reservations, account, and more.
Log in or sign up
Site Footer
Support
Help Center
AirCover
Anti-discrimination
Disability support
Cancellation options
Report neighborhood concern
Hosting
Airbnb your home
AirCover for Hosts
Hosting resources
Community forum
Hosting responsibly
Airbnb-friendly apartments
Join a free Hosting class
Find a co‑host
Airbnb
2025 Summer Release
Newsroom
New features
Careers
Investors
Gift cards
Airbnb.org emergency stays
Footer section
© 2025 Airbnb, Inc.·Terms·Sitemap·Privacy·Your Privacy Choices
English (US)
€
EUR | Health and safety requirements for Airbnb stays: Skip to content
Help Center
– home page
Search
Suggestions will show after typing in the search input. Use the up and down arrows to review. Use enter to select. If the selection is a phrase, that phrase will be submitted to search. If the suggestion is a link, the browser will navigate to that page.
Home
All topics
Safety
Safety tips and guidelines
General safety tips
Health and safety requirements for Airbnb stays
Rules
Health and safety requirements for Airbnb stays

During the COVID-19 pandemic, it’s important to keep health and safety in mind. We’ve created a set of mandatory COVID-19 safety practices for both for Hosts and guests of Airbnb listings, based on guidance from the World Health Organization and the US Centers for Disease Control. In addition, you should be familiar with general health and safety guidelines for COVID-19 safety, continue to monitor applicable government travel restrictions and advisories, and follow all national and local laws and guidelines.

Airbnb has introduced guidelines and programs to help address health and safety concerns, but these measures cannot eliminate all risk. Especially if you're in a higher risk category (ex: people above the age of 65 or people with pre-existing medical conditions such as diabetes or heart disease), we recommend obtaining professional guidance and taking extra precautions when you are making the decision to book a stay or an experience on Airbnb. Learn more about health and safety guidelines for Airbnb Experiences Hosts and guests.

COVID-19 safety practices (required)
Wear a mask and practice social distancing when required by local laws and guidelines

When required by local laws or guidelines, all Hosts and guests must:

Wear a mask or face covering when interacting in person
Maintain 6 feet/2 meters of distance from each other at all times
Follow Airbnb’s 5-step enhanced cleaning process between each stay

All Hosts and guests are required to follow the COVID-19 safety practices outlined above, as applicable, including Airbnb’s 5-step enhanced cleaning process between guest stays. Any Host or guest who repeatedly violates these guidelines may face other consequences, including account suspension or removal from the community.

Additional guidance for traveling and hosting during COVID-19
Don’t travel or host if you’ve recently been exposed to or have symptoms of COVID-19

To protect the health and safety of our community, Hosts (and all people who may be present at the listing before or during a stay) should not enter their listing(s) or interact with their guests, and guests should not check into a listing, if any of the following are true:

You are actively infected or have recently tested positive with COVID-19
You suspect you are sick or have been exposed and are awaiting test results to confirm or deny a diagnosis of COVID-19
You are showing symptoms or are concerned about a possible infection of COVID-19
You’ve recently had close, sustained contact with an individual confirmed or suspected to be infected with COVID-19

For more detail about how to travel responsibly during the COVID-19 pandemic, review our article on quarantine and isolation stays.

Wash your hands regularly

Be sure to wash your hands often, especially if you’re in contact with people outside your reservation and are touching surfaces and utensils in a shared space or a common area.

Wash your hands properly with soap and water for at least 20 seconds
If soap and water are not readily available, use a hand sanitizer that contains at least 60% alcohol; cover your hands and rub them together until they feel dry
Follow your local laws and guidelines on masks and social distancing in common areas and shared spaces

When you are in a common area or shared space (as a Host or guest), follow your local laws and guidelines for wearing a mask and social distancing from anyone who is not part of your reservation. Hosts should consider providing a no contact check-in whenever possible.

Remember, if you feel uncomfortable staying in a private room or shared space, consider booking an entire place instead. If you’re uncomfortable hosting a private room or shared space, you can list your entire place, or pause your hosting if that’s not possible.

Hosts should also follow local guidelines around hosting private rooms, shared spaces, and the total number of people allowed to gather in the listing.

Note: Airbnb maintains a global ban on all parties and events at Airbnb listings. Read our Party and Events Policy for more info.

Additional guidelines for Hosts of private rooms and shared spaces

Hosts of a private room or shared space listings should also:

Cap the guest count as needed to allow for social distancing in all common areas when required by local laws or guidelines
Ventilate common areas during the stay, when safe and secure to do so, as specified in the 5-step enhanced cleaning process
Clean and sanitize common areas (such as bathrooms and kitchens) as frequently as possible

Some governments may place restrictions on hosting private or shared rooms or may impose additional obligations or requirements on those spaces. Please make sure to review and follow any additional safety and cleaning guidance from the government and/or health authorities in your local jurisdiction.

What to do if you test positive for COVID-19 during or after your stay

If you recently tested positive for COVID-19 or have started to feel any COVID-19 symptoms, contact a medical professional and consider informing anyone who may have been impacted or potentially exposed, in addition to relevant local authorities.

Did this article help?
Yes
No
Related articles
Community policy
Quarantine and Isolation Stays
We’ve developed a set of guidelines to clarify Airbnb’s approach to responsible travel during the COVID-19 pandemic.
Community policy
How to help stop human trafficking
Airbnb has partnered with Polaris to strengthen our community’s understanding of human trafficking by helping you learn about red flags and how to respond if you encounter a potential human trafficking situation in your listing.
Community policy
Illegal and prohibited activities
Airbnb doesn’t allow illegal activities and other behaviors that could harm our community.
Get help with your reservations, account, and more.
Log in or sign up
Site Footer
Support
Help Center
AirCover
Anti-discrimination
Disability support
Cancellation options
Report neighborhood concern
Hosting
Airbnb your home
AirCover for Hosts
Hosting resources
Community forum
Hosting responsibly
Airbnb-friendly apartments
Join a free Hosting class
Find a co‑host
Airbnb
2025 Summer Release
Newsroom
New features
Careers
Investors
Gift cards
Airbnb.org emergency stays
Footer section
© 2025 Airbnb, Inc.·Terms·Sitemap·Privacy·Your Privacy Choices
English (US)
€
EUR",2025-07-08T11:16:54.096Z,
service-host,Safety,Reporting issues,https://www.airbnb.com/help/topic/1397,"Skip to content
Help Center
– home page
Search
Suggestions will show after typing in the search input. Use the up and down arrows to review. Use enter to select. If the selection is a phrase, that phrase will be submitted to search. If the suggestion is a link, the browser will navigate to that page.
Home
All topics
Safety
Reporting issues
Reporting issues
How-to
What to know if your neighbor is an Airbnb host
We encourage hosts to think carefully about their responsibilities. Hosting comes with a commitment to neighbors and to the community.
How-to
How do I report discrimination to Airbnb?
Airbnb’s nondiscrimination policy was created to protect our community, and we take reports of discrimination very seriously.
How-to
Report a listing
Select Report this listing from any listing on Airbnb.
How-to
Reporting illegal content
Airbnb provides a mechanism for users, Members and third parties to report any suspected illegal content on our platform. This reporting mechanism is available to EEA residents.
How-to • Home host
When a neighbor reports an issue
Guidance for hosts for when a neighbor reports an issue.
How-to
Report a food safety or cleanliness issue on a service or experience
Your safety is important to us. If you have an issue during your service or experience, please let us know.
How-to • Guest
If you have a problem or issue during your reservation
If anything unexpected comes up during your stay, message your host to discuss a solution first. It’s likely that they’ll be able to help you fix the issue. If your host can’t help or you’d like to request a refund, we’re here to support you.
How-to
Neighborhood Support
Find out how you can report a party, noise complaint, or neighborhood concern.
Related topics
Safety concerns
Safety tips and guidelines
Government travel restrictions and advisories
Site Footer
Support
Help Center
AirCover
Anti-discrimination
Disability support
Cancellation options
Report neighborhood concern
Hosting
Airbnb your home
AirCover for Hosts
Hosting resources
Community forum
Hosting responsibly
Airbnb-friendly apartments
Join a free Hosting class
Find a co‑host
Airbnb
2025 Summer Release
Newsroom
New features
Careers
Investors
Gift cards
Airbnb.org emergency stays
Footer section
© 2025 Airbnb, Inc.·Terms·Sitemap·Privacy·Your Privacy Choices
English (US)
€
EUR",3,What to know if your neighbor is an Airbnb host | How do I report discrimination to Airbnb? | Report a listing,"What to know if your neighbor is an Airbnb host: Skip to content
Help Center
– home page
Search
Suggestions will show after typing in the search input. Use the up and down arrows to review. Use enter to select. If the selection is a phrase, that phrase will be submitted to search. If the suggestion is a link, the browser will navigate to that page.
Home
All topics
Safety
Reporting issues
What to know if your neighbor is an Airbnb host
How-to
What to know if your neighbor is an Airbnb host

We encourage everyone to be a good neighbor when traveling and hosting—that means being mindful of your surroundings and following safety guidelines. If your neighbor is a host, here’s what you can expect.

Responsibility

Hosting comes with a commitment of responsibility to the neighbors and the community.

Trust and safety

Our robust Community Standards are designed to help hosts and guests learn about each other and make good decisions during a stay.

Direct, dedicated support

The Neighborhood Support page is your one-stop shop for help. There, you can:

Report a disturbance
Arrange a call with our team
Find a link to local emergency services if you need them
Did this article help?
Yes
No
Related articles
How-to • Home host
When a neighbor reports an issue
Guidance for hosts for when a neighbor reports an issue.
Rules
Tyrol
If you're thinking about becoming an Airbnb Host, here's some information to help you understand the laws in your city
Rules • Home host
Breckenridge, CO
If you're thinking about becoming an Airbnb Host, here's some information to help you understand the laws in your city
Get help with your reservations, account, and more.
Log in or sign up
Site Footer
Support
Help Center
AirCover
Anti-discrimination
Disability support
Cancellation options
Report neighborhood concern
Hosting
Airbnb your home
AirCover for Hosts
Hosting resources
Community forum
Hosting responsibly
Airbnb-friendly apartments
Join a free Hosting class
Find a co‑host
Airbnb
2025 Summer Release
Newsroom
New features
Careers
Investors
Gift cards
Airbnb.org emergency stays
Footer section
© 2025 Airbnb, Inc.·Terms·Sitemap·Privacy·Your Privacy Choices
English (US)
€
EUR | How do I report discrimination to Airbnb?: Skip to content
Help Center
– home page
Search
Suggestions will show after typing in the search input. Use the up and down arrows to review. Use enter to select. If the selection is a phrase, that phrase will be submitted to search. If the suggestion is a link, the browser will navigate to that page.
Home
All topics
Safety
Reporting issues
How do I report discrimination to Airbnb?
How-to
How do I report discrimination to Airbnb?
Airbnb’s Nondiscrimination Policy was created to encourage respect and inclusion in our community, and we take reports of discrimination very seriously. To report content from Airbnb profiles or listings that you believe violates our Nondiscrimination Policy, click or tap the Report this listing icon  in the Airbnb app.
To report a message exchange with another user on our website or within the app, click or tap the more icon , then select Report this message.
To report an in-person or off-platform incident, or to send a detailed report, contact us. If you experience discrimination during a trip and feel unsafe or require urgent assistance, you can contact the 24-hour safety line for support. Please provide specific details and identify the person you believe has violated the Nondiscrimination Policy.

Note: In an emergency, or if your personal safety is threatened, contact local police or emergency services immediately.

What we do with reports
Our community support team investigates reports and may follow up for additional documentation and information. If needed, we’ll also offer personalized, hands-on booking support to find you a different place to stay.
If a user violates our Nondiscrimination Policy, we will enforce accordingly. This can include things like warnings, suspension, and account removal.

Did this article help?
Yes
No
Related articles
How-to
How does Airbnb use data to work against racial discrimination?
Find out more about the methodology we use in order to help create new features and policies to address racial discrimination.
Legal terms
Limitations of background checks
Because our background checks are limited, you shouldn’t rely on them as a guarantee that the user has no criminal background or other red flags.
How-to
Implications of background checks
Learn about how the background checks we perform can impact your account.
Get help with your reservations, account, and more.
Log in or sign up
Site Footer
Support
Help Center
AirCover
Anti-discrimination
Disability support
Cancellation options
Report neighborhood concern
Hosting
Airbnb your home
AirCover for Hosts
Hosting resources
Community forum
Hosting responsibly
Airbnb-friendly apartments
Join a free Hosting class
Find a co‑host
Airbnb
2025 Summer Release
Newsroom
New features
Careers
Investors
Gift cards
Airbnb.org emergency stays
Footer section
© 2025 Airbnb, Inc.·Terms·Sitemap·Privacy·Your Privacy Choices
English (US)
€
EUR | Report a listing: Skip to content
Help Center
– home page
Search
Suggestions will show after typing in the search input. Use the up and down arrows to review. Use enter to select. If the selection is a phrase, that phrase will be submitted to search. If the suggestion is a link, the browser will navigate to that page.
Home
All topics
Safety
Reporting issues
Report a listing
How-to
Report a listing

If you encounter a listing on Airbnb that raises concerns, we ask that you report it. Your report helps us keep the whole Airbnb community safe.


In this article
Reasons to report a listing
Report a listing on Airbnb
Report suspicious messages and profiles
Reasons to report a listing

Some reasons to report a listing include:

Inappropriate content or photos
Misleading content or photos
Not a real place to stay
Scam or phishing attempts

If you have an active reservation and you need to report an issue, find out what to do if there’s an issue or problem during your stay.

Report a listing on Airbnb
Desktop
iOS app
Android app
Mobile browser
Report a listing on desktop
Click the listing that you want to report
Under the pricing details section, click Report this listing
Select the reason you're reporting the listing and click Next
Give further details (if required), and then click Submit
Report suspicious messages and profiles

You can also report a suspicious host or guest Profile or Message.

Did this article help?
Yes
No
Related articles
How-to
Report suspicious messages
If you get a suspicious message, let us know by contacting us or flagging it in your Messages.
How-to • Guest
If you have a problem or issue during your reservation
If anything unexpected comes up during your stay, message your host to discuss a solution first. It’s likely that they’ll be able to help you fix the issue. If your host can’t help or you’d like to request a refund, we’re here to support you.
How-to
Report a host or guest’s profile
Something not right about how a host or guest is portraying themselves on their Airbnb profile? Report their profile.
Get help with your reservations, account, and more.
Log in or sign up
Site Footer
Support
Help Center
AirCover
Anti-discrimination
Disability support
Cancellation options
Report neighborhood concern
Hosting
Airbnb your home
AirCover for Hosts
Hosting resources
Community forum
Hosting responsibly
Airbnb-friendly apartments
Join a free Hosting class
Find a co‑host
Airbnb
2025 Summer Release
Newsroom
New features
Careers
Investors
Gift cards
Airbnb.org emergency stays
Footer section
© 2025 Airbnb, Inc.·Terms·Sitemap·Privacy·Your Privacy Choices
English (US)
€
EUR",2025-07-08T11:17:12.827Z,
service-host,Safety,Government travel restrictions and advisories,https://www.airbnb.com/help/topic/1418,"Skip to content
Help Center
– home page
Search
Suggestions will show after typing in the search input. Use the up and down arrows to review. Use enter to select. If the selection is a phrase, that phrase will be submitted to search. If the suggestion is a link, the browser will navigate to that page.
Home
All topics
Safety
Government travel restrictions and advisories
Government travel restrictions and advisories
Check the links below to find government orders and decrees. Government responses continue to evolve, so please check back often for updates and rely on your local and national government for the most current information.
Community policy
Getting around during the Olympic & Paralympic Games Paris 2024
Paris Police will impose security perimeters around event venues during the Olympics and Paralympics. Please review the information below to better plan for your stay.
Community policy • Experience host
Hosting Experiences during the Olympic & Paralympic Games Paris 2024
Paris Police will impose security perimeters around event venues during the Olympics and Paralympics. Please review the information below to better plan for your experience.
Related topics
Safety concerns
Safety tips and guidelines
Reporting issues
Site Footer
Support
Help Center
AirCover
Anti-discrimination
Disability support
Cancellation options
Report neighborhood concern
Hosting
Airbnb your home
AirCover for Hosts
Hosting resources
Community forum
Hosting responsibly
Airbnb-friendly apartments
Join a free Hosting class
Find a co‑host
Airbnb
2025 Summer Release
Newsroom
New features
Careers
Investors
Gift cards
Airbnb.org emergency stays
Footer section
© 2025 Airbnb, Inc.·Terms·Sitemap·Privacy·Your Privacy Choices
English (US)
€
EUR",3,Getting around during the Olympic & Paralympic Games Paris 2024 | Hosting Experiences during the Olympic & Paralympic Games Paris 2024 | Cancellation options,"Getting around during the Olympic & Paralympic Games Paris 2024: Skip to content
Help Center
– home page
Search
Suggestions will show after typing in the search input. Use the up and down arrows to review. Use enter to select. If the selection is a phrase, that phrase will be submitted to search. If the suggestion is a link, the browser will navigate to that page.
Home
All topics
Safety
Government travel restrictions and advisories
Getting around during the Olympic & Paralympic Games Paris 2024
Community policy
Getting around during the Olympic & Paralympic Games Paris 2024

The Paris region will welcome millions of visitors during the Olympic Games Paris 2024 (from July 26 to August 11) and the Paralympic Games Paris 2024 (from August 28 to September 8). Competitions will be hosted at iconic sites in the heart of the city and beyond.

As a consequence, Paris Police will impose security perimeters around event venues. These will make getting around Paris tougher than usual. Please review the information below to better plan for your stay.

Note: Please make sure to check official sources listed below to confirm that the information provided hasn’t recently changed.

In this article
Security perimeters
Impact on transportation
How to download your proof of stay
Good Guest Guide
Useful links
Security perimeters

Several security perimeters will be created to regulate traffic around venues. Be aware that these perimeters may change every day.
Check out the official government transportation website to understand if your listing address or Experience will be impacted by a security perimeter at any particular time.

Impact on transportation

Transportation during the Olympic & Paralympic Games will be challenging, so please refer to the official government transportation website and the ""List of people authorized to circulate around competition sites"" to plan your itineraries.

I plan to walk, bike around: Pedestrians and cyclists are allowed to circulate without any restrictions in security perimeters except during the Opening Ceremony. Please refer to our section below to understand how Opening Ceremony security measures will impact access to your listing.
I plan to move around by public transport: The Transport Ministry has developed an interactive map to help you plan your itineraries in public transport during the Games.
I plan to move around by car: You will be impacted by restrictions if you are driving in zones designated as a “red” or “blue” zone. Red zones are most restrictive, with only authorized vehicles being able to access these zones. You can request an exemption to access red zones for your vehicle on the Police Prefecture website.
I plan to take a taxi / Uber to my listing: The same restrictions that apply to cars also apply to Ubers and taxis. If you are traveling in a red zone by taxi or Uber, you can request access to red zones in advance on the Police Prefecture website.
How to download your proof of stay

You will need to provide proof of stay for your Airbnb listing when you register with the Paris police in order to access a red zone by car. Please follow these steps to obtain your official proof of stay:

Navigate to the Trips section of your Airbnb account
Click or tap on your upcoming reservation in Paris
Scroll down and select Get a PDF for visa purposes or Get a proof of stay for Paris Olympics (you may see one or the other based on your listing location)
Add the legal full names of all travelers
Click or tap Download PDF

The names you provide must match a government ID. This information will be checked in person by the Paris police, matched to a government ID, and may be shared with the French government.

Good Guest Guide

To help guests get the most out of their stay, we’ve produced a helpful illustrated Good Guest Guide that includes essential information to travel responsibly and safely around the Games. Download the guide, available in French, German, and English.

Useful links
Digital registration platform for the red zones exemption (vehicles)
Transport map of zones and public transport

Are you hosting an Experience? Find out more about how security restrictions may impact your Experience.

Did this article help?
Yes
No
Get help with your reservations, account, and more.
Log in or sign up
Site Footer
Support
Help Center
AirCover
Anti-discrimination
Disability support
Cancellation options
Report neighborhood concern
Hosting
Airbnb your home
AirCover for Hosts
Hosting resources
Community forum
Hosting responsibly
Airbnb-friendly apartments
Join a free Hosting class
Find a co‑host
Airbnb
2025 Summer Release
Newsroom
New features
Careers
Investors
Gift cards
Airbnb.org emergency stays
Footer section
© 2025 Airbnb, Inc.·Terms·Sitemap·Privacy·Your Privacy Choices
English (US)
€
EUR | Hosting Experiences during the Olympic & Paralympic Games Paris 2024: Skip to content
Help Center
– home page
Search
Suggestions will show after typing in the search input. Use the up and down arrows to review. Use enter to select. If the selection is a phrase, that phrase will be submitted to search. If the suggestion is a link, the browser will navigate to that page.
Home
All topics
Safety
Government travel restrictions and advisories
Hosting Experiences during the Olympic & Paralympic Games Paris 2024
Community policy • Experience host
Hosting Experiences during the Olympic & Paralympic Games Paris 2024

The Paris region will welcome millions of visitors during the Olympic Games Paris 2024 (from July 26 to August 11) and the Paralympic Games Paris 2024 (from August 28 to September 8). Competitions will be hosted at iconic sites in the heart of the city and beyond.

As a consequence, Paris Police will impose security perimeters around event venues. These will make getting around Paris tougher than usual. Please review the information below to better plan your Experience.

Note: Please make sure to check official sources listed below to confirm that the information provided hasn’t recently changed.

Security perimeters

Several security perimeters will be created to regulate traffic around venues. Be aware that these perimeters may change every day.
Check out the official government transportation website to understand if your Experience will be impacted by a security perimeter at any particular time. Experiences that include moving around by motorized vehicle may be specially impacted.

Are you a Stay Host or Guest? Find out more about how security restrictions may impact your stay.

Did this article help?
Yes
No
Get help with your reservations, account, and more.
Log in or sign up
Site Footer
Support
Help Center
AirCover
Anti-discrimination
Disability support
Cancellation options
Report neighborhood concern
Hosting
Airbnb your home
AirCover for Hosts
Hosting resources
Community forum
Hosting responsibly
Airbnb-friendly apartments
Join a free Hosting class
Find a co‑host
Airbnb
2025 Summer Release
Newsroom
New features
Careers
Investors
Gift cards
Airbnb.org emergency stays
Footer section
© 2025 Airbnb, Inc.·Terms·Sitemap·Privacy·Your Privacy Choices
English (US)
€
EUR | Cancellation options: Skip to content
Help Center
– home page
Search
Suggestions will show after typing in the search input. Use the up and down arrows to review. Use enter to select. If the selection is a phrase, that phrase will be submitted to search. If the suggestion is a link, the browser will navigate to that page.
Home
All topics
Your reservations
Cancellations
Major Disruptive Events Policy
Community policy
Major Disruptive Events Policy
In this article
Overview
What events are covered
What happens if a reservation is impacted by a covered Event
What is not covered
How this policy affects hosts
Other things to be aware of
Overview

In general, cancellations and refunds for Airbnb reservations are governed by the listing’s cancellation policy. In the rare circumstances that large-scale events prevent or legally prohibit completion of a reservation, the Major Disruptive Events Policy (the “Policy”) may apply. When this Policy applies, guests can cancel their reservation and receive a refund, travel credit, and/or other consideration regardless of the reservation’s cancellation policy, and hosts can cancel without fees or other adverse consequences, although their listing’s calendar will be blocked for the dates of the canceled reservation.

This Policy applies to reservations for homes, services, and experiences and is applicable to reservations that are ongoing or that have a check-in on or after the effective date, except as otherwise notified by Airbnb to users. The Major Disruptive Events Policy is not an insurance policy.

What events are covered

The following events are covered under this Policy if they impact your reservation location, occur after the time of booking, and prevent or legally prohibit completion of a future or ongoing reservation (referred to in this Policy as “Events”):

Declared public health emergencies and epidemics. Government-declared epidemics, pandemics, and public health emergencies. This does not include diseases that are endemic (for example, the flu) or commonly associated with an area (for example, malaria in Thailand). COVID-19 is not covered under this Major Disruptive Events Policy.

Government travel restrictions. Mandatory travel restrictions imposed by a governmental agency, such as an evacuation order or shelter-in-place order. This does not include non-binding travel advisories and similar government guidance.

Military actions and other hostilities. Acts of war, hostilities, invasions, civil war, terrorism, explosions, bombings, rebellions, riots, and insurrection.

Large-scale outages of essential utilities. Prolonged outages of essential utilities, such as heat, water, and electricity, impacting the vast majority of homes in a given location.

Unforeseeable natural disasters and severe weather events. Unforeseeable natural disasters, like earthquakes and tsunamis, and unforeseeable severe weather events, like tornadoes. This does not include events that are foreseeable for a given location, as described further below.

What happens if a reservation is impacted by a covered Event

When a large-scale event occurs, we assess the situation to determine whether the Major Disruptive Events Policy applies. If it does, we activate the Policy for the impacted area and timeframe where we anticipate that the Event will prevent or legally prohibit completion of reservations. Reservations outside of the defined area and timeframe may not be eligible, though hosts may still be able to cancel without adverse consequences if they are unable to host. We continuously monitor these situations and adjust coverage as needed to reflect changing conditions. If you believe this Policy applies to your reservation, please contact us to inquire about eligibility.

What is not covered

We understand that other circumstances outside of your control may disrupt your plans. In any situations not listed above, your reservation remains subject to the host’s cancellation policy for the listing.

Examples of common events not covered by this policy include:

Events that impact a guest or their ability to travel, but not the reservation location
Unexpected injury or illness
Government obligations like jury duty or court appearances
Non-binding travel advisories or other government guidance that fall short of a travel ban or prohibition
Cancellation or rescheduling of an event for which the reservation was made
Transportation disruptions such as airline insolvency, flight cancellations, transportation strikes, and road closures due to maintenance
Weather or natural conditions that are common enough to be foreseeable in a given location, such as hurricanes in Florida during hurricane season or winter weather in the northern hemisphere during winter months—unless the event triggers a covered Event that prevents completion of the reservation, such as government-issued mandatory travel restrictions

For reservations not covered by this Policy, we encourage guests and hosts to find a mutually acceptable arrangement, such as a full or partial refund or an alteration of the booking dates. Note that any refunds outside of the reservation’s cancellation policy are at the host’s discretion. Airbnb does not take part in or guarantee such refunds.

How this policy affects hosts

If a reservation is covered by the Major Disruptive Events Policy, hosts can cancel without fees or other adverse consequences. If a host cancels under this policy, their listing’s calendar will be blocked for the dates of the canceled reservation. If a reservation is canceled under this Policy, the host does not receive a payout for the canceled dates of the reservation, or, if the payout has already been made, the refunded amount will be withheld from the next payout(s).

Regardless of whether a reservation is covered by this Policy, hosts can cancel for certain valid reasons, such as major damage to a listing, without fees or other adverse consequences. Hosts are obligated to cancel a reservation if their listing is uninhabitable or is inconsistent with what the guest booked. Failure to do so may result in listing suspension, cancellation of existing reservations, and refunds to guests until the listing is habitable and consistent with the listing description. This also violates our Ground rules for hosts, and can lead to consequences up to and including account removal.

Other things to be aware of

This Policy does not limit your rights under local regulations, and any decisions made by Airbnb under this Policy do not affect your statutory rights.

Did this article help?
Yes
No
Related articles
How-to • Hóspede
Canceling a trip due to a Major Disruptive Event
If you need to cancel because a large-scale event at your destination prevents completion of your reservation, we can help.
Community policy • Home host
Host Cancellation Policy for homes
Because cancellations can disrupt guests' plans and impact confidence in the Airbnb community, there are penalties applied for Host cancellations.
How-to • Guest
Find the cancellation policy for any home, service, or experience
Here’s where to find the cancellation policy for any home, service, or experience.
Get help with your reservations, account, and more.
Log in or sign up
Site Footer
Support
Help Center
AirCover
Anti-discrimination
Disability support
Cancellation options
Report neighborhood concern
Hosting
Airbnb your home
AirCover for Hosts
Hosting resources
Community forum
Hosting responsibly
Airbnb-friendly apartments
Join a free Hosting class
Find a co‑host
Airbnb
2025 Summer Release
Newsroom
New features
Careers
Investors
Gift cards
Airbnb.org emergency stays
Footer section
© 2025 Airbnb, Inc.·Terms·Sitemap·Privacy·Your Privacy Choices
English (US)
€
EUR",2025-07-08T11:17:32.223Z,
service-host,Local rules and regulations for Airbnb Services,General info,https://www.airbnb.com/help/topic/1672,"Skip to content
Help Center
– home page
Search
Suggestions will show after typing in the search input. Use the up and down arrows to review. Use enter to select. If the selection is a phrase, that phrase will be submitted to search. If the suggestion is a link, the browser will navigate to that page.
Home
All topics
Local rules and regulations for Airbnb Services
General info
General info
Rules • Experience host
Services and experiences involving alcohol
Hosting Airbnb Services and Experiences involving alcohol can be enjoyable, but it's important to understand the rules and requirements that may apply. We’ve gathered some helpful resources to get you started.
Rules • Experience host
Services and experiences involving food
Hosting Airbnb Services and Experiences can be delicious and fun, but food-related activities come with some obligations and rules. We’ve gathered some resources you may find helpful.
Rules • Experience host
Business licensing for services and experiences
Business licensing, rules, and regulations—here’s some helpful information to get you started learning about what you might need to host your Airbnb Experiences and Services in compliance with local requirements.
Rules • Experience host
Tour guiding and travel-related experiences
Laws, rules, licensing—here’s some helpful information to get you started learning about what you might need to be an Airbnb Experience Host in your area.
Rules • Experience host
Hosting services and experiences in public lands
Laws, rules, permits—here’s some helpful information to get you started learning about hosting your services or experiences on public lands as an Airbnb Experience host.
How-to
What are the animal welfare guidelines for Airbnb Services and Experiences?
Airbnb hosts commit that their services or experiences ensure the highest quality of life for any animals involved, using the guiding principles of animal welfare.
Related topics
Service categories and guidelines
Site Footer
Support
Help Center
AirCover
Anti-discrimination
Disability support
Cancellation options
Report neighborhood concern
Hosting
Airbnb your home
AirCover for Hosts
Hosting resources
Community forum
Hosting responsibly
Airbnb-friendly apartments
Join a free Hosting class
Find a co‑host
Airbnb
2025 Summer Release
Newsroom
New features
Careers
Investors
Gift cards
Airbnb.org emergency stays
Footer section
© 2025 Airbnb, Inc.·Terms·Sitemap·Privacy·Your Privacy Choices
English (US)
€
EUR",3,Services and experiences involving alcohol | Services and experiences involving food | Business licensing for services and experiences,"Services and experiences involving alcohol: Skip to content
Help Center
– home page
Search
Suggestions will show after typing in the search input. Use the up and down arrows to review. Use enter to select. If the selection is a phrase, that phrase will be submitted to search. If the suggestion is a link, the browser will navigate to that page.
Home
All topics
Local rules and regulations for Airbnb Experiences
General info
Services and experiences involving alcohol
Rules • Experience host
Services and experiences involving alcohol

This information page can help you, whether you're a host or co-host, get started in learning about some of the laws and registration requirements that may apply to your services and experiences on Airbnb.

Please understand that this information page is general, not comprehensive, and is not legal advice. These pages are intended to give you an idea of the types of rules that may apply to your services and experiences and to help you understand some of the things to consider in relation to your service or experience.

Different countries, states, and cities have different licensing requirements and rules and it's your responsibility as a host or co-host to make sure you comply with local laws and regulations. These pages are not intended to be an explanation of the specific rules that apply in your jurisdiction, or your particular situation, nor are these pages a substitute for seeking legal advice. If you're unsure about how local laws or this information may apply to you or your experiences, we encourage you to check with official sources or seek legal advice.

Please note that we don’t update this information in real time, so you should confirm that the laws or procedures have not changed recently.*

In this article
I plan to include alcohol during my service or experience, is there anything I should be thinking about?
Do I need licenses if I serve alcohol to my guests at my home, at a private venue, or outdoors?
Does the location of the service or experience impact what I need to think about?
I plan to include alcohol during my service or experience, is there anything I should be thinking about?

Yes. If you plan to include alcohol during your service or experience, we encourage you to please keep your safety, and that of your guests, front of mind.

Safe services and experiences do not involve providing alcohol to a guest:

Who is under the legal drinking age
Who will be driving or operating any type of vehicle or mechanical equipment
Who looks or acts inebriated or who you know is intending to drive afterward
Who has informed you that they are ill, have a drinking problem, or do not want to participate
Who is participating in a service or experience where any remaining portion of the activities involves physical activity (like yoga, swimming, hiking, biking, or personal training)
Who is participating in a service or experience in which alcohol is inappropriate or unsafe (like massage or wellness activities)


We want to remind you that in most jurisdictions, the sale of alcohol to, or consumption of alcohol by, those under the minimum drinking age is punishable by fines and criminal penalties


Do I need licenses if I serve alcohol to my guests at my home, at a private venue, or outdoors?

To sell alcohol to your guests, you generally either need a license or you need to hire a caterer licensed to sell alcohol. Note that, for a variety of reasons, licenses are not generally available to sell alcohol at a private residence. Selling alcohol includes situations where:

You sell alcohol to your guest directly (e.g. charging a guest for a glass of wine that you serve yourself)
You sell alcohol to your guest indirectly (e.g. including a charge for the wine you serve to your guest in your experience price)

Here are some additional things to think about before hosting a service or experience involving alcohol:

You may be required to obtain a license if you host a service or experience which you advertise as being BYO (bring-your-own) alcohol, depending on the jurisdiction and your specific service or experience.
Some jurisdictions have restrictions on the hours during which you may serve alcohol.
Some jurisdictions have restrictions which may impact the ways in which you can advertise a service or experience involving alcohol.
Several jurisdictions prohibit the use, distribution, or sale of powdered alcohol or concentrated alcohol in any alcoholic beverages.

You generally would not require a license to host an service or experience involving alcohol being served by a licensed venue or caterer, although hosting an alcohol tour of a number of licensed premises may require a permit or license in some jurisdictions.

Does the location of the service or experience impact what I need to think about?

If your service or experience involves the consumption, sale, or distribution of alcohol in a public venue or place, including on public lands or in parks, there are likely to be additional regulations, restrictions, or prohibitions that you should consider before offering your service or experience.

If you are unsure about anything relating to your service or experience, we encourage you to check with your local alcohol regulator, or speak to a lawyer, to discuss your experience and confirm your service or experience complies with local laws, including health, tax, and insurance requirements.

*Please note that Airbnb has no control over the conduct of hosts and co-hosts and disclaims all liability. Failure of hosts or co-hosts to satisfy their responsibilities may result in suspension of activity or removal from the Airbnb website.

Airbnb is not responsible for the reliability or correctness of the information contained in any links to third party sites (including any links to legislation and regulations).

Did this article help?
Yes
No
Related articles
Community policy • Хозяин
Expectations for services and experiences involving food and alcohol
Hosts are responsible for ensuring they provide safe and high-quality services and experiences involving food and alcohol.
How-to • Experience host
Age guidelines for Airbnb services and experiences
If it's a strenuous activity, has adult content, or it’s at a venue with age restrictions, it’s not appropriate for children.
Rules • Experience host
Services and experiences involving food
Hosting Airbnb Services and Experiences can be delicious and fun, but food-related activities come with some obligations and rules. We’ve gathered some resources you may find helpful.
Get help with your reservations, account, and more.
Log in or sign up
Site Footer
Support
Help Center
AirCover
Anti-discrimination
Disability support
Cancellation options
Report neighborhood concern
Hosting
Airbnb your home
AirCover for Hosts
Hosting resources
Community forum
Hosting responsibly
Airbnb-friendly apartments
Join a free Hosting class
Find a co‑host
Airbnb
2025 Summer Release
Newsroom
New features
Careers
Investors
Gift cards
Airbnb.org emergency stays
Footer section
© 2025 Airbnb, Inc.·Terms·Sitemap·Privacy·Your Privacy Choices
English (US)
€
EUR | Services and experiences involving food: Skip to content
Help Center
– home page
Search
Suggestions will show after typing in the search input. Use the up and down arrows to review. Use enter to select. If the selection is a phrase, that phrase will be submitted to search. If the suggestion is a link, the browser will navigate to that page.
Home
All topics
Local rules and regulations for Airbnb Experiences
General info
Services and experiences involving food
Rules • Experience host
Services and experiences involving food

This information page can help you, whether you're a host or co-host, get started in learning about some of the laws and registration requirements that may apply to your services and experiences on Airbnb.

Please understand that this information page is general, not comprehensive, and is not legal advice. These pages are intended to give you an idea of the types of rules that may apply to your services and experiences and to help you understand some of the things to consider in relation to your service or experience.

Different countries, states, and cities have different licensing requirements and rules and it's your responsibility as a host or co-host to make sure you comply with local laws and regulations. These pages are not intended to be an explanation of the specific rules that apply in your jurisdiction, or your particular situation, nor are these pages a substitute for seeking legal advice. If you're unsure about how local laws or this information may apply to you or your services and experiences, we encourage you to check with official sources or seek legal advice.

Please note that we don’t update this information in real time, so you should confirm that the laws or procedures have not changed recently.*

In this article
What are some of the basic principles for any service or experience involving food?
I want to serve home-cooked food to guests visiting my home. Are there any specific rules I need to follow?
Is there anything else I should think about?
What are some of the basic principles for any service or experience involving food?

Most countries have health and safety rules around the handling and serving of food and it’s a good idea to keep your health and safety, and that of your guests, at the top of your mind. For example, it’s a good idea to:

Familiarize yourself with official sources or seek legal advice to understand the rules that apply to the handling and serving of food.
If your service or experience involves you cooking or handling food (including serving food prepared by others), always handle, prepare and serve food safely, with good sanitation, and in accordance with any local food laws.
Ask your guests in advance about any food allergies they may have, or religious or philosophical codes that may impact what kind of food they eat.
If your service or experience may include alcohol, it’s a good idea to check our information page on services and experiences involving alcohol.
If your service or experience involves preparing food (or any ingredients of your food) before you show up at a guest’s home, you may need a catering license. For example, if you plan to marinate your food ahead of time due to the long lead-time needed, or you plan to chop up some ingredients beforehand to save time on site, this may trigger a requirement for a catering license.
I want to serve home-cooked food to guests visiting my home. Are there any specific rules I need to follow?

If you're thinking of serving home-cooked food to paying guests, or serving food at a location where food is not normally prepared (such as a “pop up” or outdoors), an important question to ask yourself is whether this triggers regulations under your local laws.

In most jurisdictions, activities that involve handling, serving or selling food, or providing food-related services, to members of the public are regulated activities. This means that in some places, in order to carry out such activities, it may first be necessary to register with, or obtain a certification or licence from, a public or local health department. In most cases, you may need to meet sanitation criteria. In some jurisdictions, food service regulations may also apply, even if you're not preparing the food yourself, and even if you're offering it for free.


Is there anything else I should think about?

Yes, but you’ll need to check with your local authorities to be certain you’re meeting all local requirements before you host.

In some jurisdictions, it may be necessary to obtain a general business licence in order to be able to sell food to members of the public. Below are some examples, but this isn't a comprehensive list.

It's a good idea to check with your local zoning board or planning authority to find out whether any local rules limit the ways in which the property for your service or experience may be used.

You may also want to look into what tax rules may apply to your activity, and check whether you're legally required to obtain special insurance cover.

If your service or experience will involve combining food with another activity (for example, providing a food tour of restaurants), please take a look at our other information sections such as Responsible Hosting for tour or travel-related services and experiences to determine if any other rules may apply to your activity.

Dealing with food can be tricky. If you are unsure about anything relating to your service or experience, we encourage you to check with your local department of health directly, or speak to a lawyer, to discuss your experience and confirm your service or experience complies with local laws including health, tax, and insurance requirements.

* Please note that Airbnb has no control over the conduct of hosts and co-hosts and disclaims all liability.

Airbnb is not responsible for the reliability or correctness of the information contained in any links to third party sites (including any links to legislation and regulations).

Failure of hosts or co-hosts to satisfy their responsibilities may result in suspension of activity or removal from the Airbnb website.

Did this article help?
Yes
No
Related articles
How-to
Food safety guidelines for Airbnb Services and Experiences
Hosts must keep things clean, separate raw and cooked foods, cook food thoroughly, keep food at safe temperatures, use safe water, and offer quality ingredients.
Rules • Home host
Responsible hosting in Greece
We offer help for Airbnb Hosts to familiarize themselves with hosting responsibilities, and to provide a general overview of different laws, regulations, and best practices.
Community policy • Experience host
Airbnb Services and Experiences standards and requirements
Find details on the standards and requirements that Airbnb Services and Experiences hosts must meet.
Get help with your reservations, account, and more.
Log in or sign up
Site Footer
Support
Help Center
AirCover
Anti-discrimination
Disability support
Cancellation options
Report neighborhood concern
Hosting
Airbnb your home
AirCover for Hosts
Hosting resources
Community forum
Hosting responsibly
Airbnb-friendly apartments
Join a free Hosting class
Find a co‑host
Airbnb
2025 Summer Release
Newsroom
New features
Careers
Investors
Gift cards
Airbnb.org emergency stays
Footer section
© 2025 Airbnb, Inc.·Terms·Sitemap·Privacy·Your Privacy Choices
English (US)
€
EUR | Business licensing for services and experiences: Skip to content
Help Center
– home page
Search
Suggestions will show after typing in the search input. Use the up and down arrows to review. Use enter to select. If the selection is a phrase, that phrase will be submitted to search. If the suggestion is a link, the browser will navigate to that page.
Home
All topics
Local rules and regulations for Airbnb Experiences
General info
Business licensing for services and experiences
Rules • Experience host
Business licensing for services and experiences

This information page can help you, whether you're a host or co-host, get started in learning about some of the laws and registration requirements that may apply to your services and experiences on Airbnb.

Please understand that this information page is general, not comprehensive, and is not legal advice. These pages are intended to give you an idea of the types of rules that may apply to your services and experiences and to help you understand some of the things to consider in relation to your services and experiences.

Different countries, states, and cities have different licensing requirements and rules and it's your responsibility as a host or co-host to make sure you comply with local laws and regulations. These pages are not intended to be an explanation of the specific rules that apply in your jurisdiction, or your particular situation, nor are these pages a substitute to seeking legal advice. If you're unsure about how local laws or this information may apply to you or your services and experiences, we encourage you to check with official sources or seek legal advice.

Please note that we don’t update this information in real time, so you should confirm that the laws or procedures have not changed recently.*

In this article
What are the general business license and registration requirements?
What are the services and experiences-specific permit, license, or registration requirements?
Are there additional laws that apply to me as a result of my hosting services and experiences?
What are the general business license and registration requirements?

In certain jurisdictions, hosts of Airbnb Services and Experiences may be required to register their services and experiences as a business with the local government and/or at the national or federal/regional level. In jurisdictions with business licensing requirements, failure to register could result in fines, penalties, and/or the disruption of the services and experiences until proper registration is completed.

Based on certain factors, such as the type of service you provide, how often you host your services and experiences, whether you'll be conducting your services and experiences for profit or whether you'll be conducting your services and experiences under only your own legal name, your services and experiences may or may not be classified as a business in your jurisdiction. In other jurisdictions, the site or location of the services and experiences may be used to determine what type of license or permit is required.

You're responsible for checking whether your activity may be considered to be a business activity, and if so, for ensuring that you comply with local rules that regulate businesses (which may include business registration and/or licensing requirements) before starting to provide your services and experiences.

In certain jurisdictions, you may also need to obtain specific permits and/or licenses in order to conduct regulated activities that are part of the services and experiences. These permits and/or licenses may be required by a local licensing department and/or a federal/national licensing department.

What are the services and experiences-specific permit, license, or registration requirements?

Depending on the category of business you use to host your services and experiences, as well as the activities involved and the services you provide, you may be required to register your services and experiences or obtain special permits or licenses.

It’s a good idea to check with local representatives, and consult with a local lawyer and/or tax professional to make sure you’ve satisfied all filing, registration, licensing, and permitting requirements before hosting your first services and experiences.

Location: You may also be required to register your services and experiences or obtain special permits or licenses for services and experiences involving sporting activities, those which are held in parks, forests, protected areas, or in your home and some commercial buildings. There may also be insurance requirements (see below).

Employees: If you plan to hire employees as part of your business, it’s a good idea to consider (among other things) the obligations and other legal requirements set by the relevant government agency for your jurisdiction. This may include things such as statutory contributions, workplace health and safety and work permits for foreign workers. Some hosts may be required to obtain certain registrations or permits. This can be a complicated area, and it may be a good idea to reach out to a lawyer or your local representative to understand the rules that may apply to you.

Tax and accounting: It’s a good idea to ensure that you understand what tax and accounting rules may apply and comply with any payment or record keeping requirements. Note that you may be required to obtain a (unique) tax number if you register a business. You may be able to deduct your expenses from income taxes, so it’s a good idea to keep receipts of the costs of running your services and experiences. Taxes can be complicated, and you may want to take time to understand the rules as they apply to you and your particular situation, and seek advice from a tax professional for more details.

Are there additional laws that apply to me as a result of my hosting services and experiences?

Other rules might apply to your services or experiences, depending on the activity/activities involved. Our other posts on Tours and travel-related services and experiences, Transportation, Food, and Alcohol cover some of the typical activities, but are not exhaustive, and it’s your responsibility to comply with the rules that apply to you and your services and experiences.

In most jurisdictions, consumer protections laws require you to truthfully describe your services and experiences in your listing page so guests can make informed decisions before booking. In most cases, the law requires that in explaining and promoting your services and experiences to guests, the information you provide meets the following criteria:

Is accurate and not misleading
Correctly and completely describes the main characteristics of your services and experiences, what is included, and any special terms and conditions
Includes specifically those services that you actually intend to provide, with dates or times treated as commitments
Is accurate to your advertised services and experiences price, with no surprise additional fees or costs to be covered by guests

Please note that some jurisdictions may have additional consumer laws. For more information, we encourage you to consult a lawyer to find out what rules apply to your services and experiences.

*Please note that Airbnb has no control over the conduct of hosts and co-hosts and disclaims all liability. Failure of hosts or co-hosts to satisfy their responsibilities may result in suspension of activity or removal from the Airbnb platform.

Airbnb is not responsible for the reliability or correctness of the information contained in any links to third party sites (including any links to legislation and regulations).

Did this article help?
Yes
No
Get help with your reservations, account, and more.
Log in or sign up
Site Footer
Support
Help Center
AirCover
Anti-discrimination
Disability support
Cancellation options
Report neighborhood concern
Hosting
Airbnb your home
AirCover for Hosts
Hosting resources
Community forum
Hosting responsibly
Airbnb-friendly apartments
Join a free Hosting class
Find a co‑host
Airbnb
2025 Summer Release
Newsroom
New features
Careers
Investors
Gift cards
Airbnb.org emergency stays
Footer section
© 2025 Airbnb, Inc.·Terms·Sitemap·Privacy·Your Privacy Choices
English (US)
€
EUR",2025-07-08T11:17:51.532Z,
service-host,Local rules and regulations for Airbnb Services,Service categories and guidelines,https://www.airbnb.com/help/topic/1677,"Skip to content
Help Center
– home page
Search
Suggestions will show after typing in the search input. Use the up and down arrows to review. Use enter to select. If the selection is a phrase, that phrase will be submitted to search. If the suggestion is a link, the browser will navigate to that page.
Home
All topics
About hosting
Service categories and guidelines
Service categories and guidelines
Rules • Service host
Beauty-related services
When you provide a beauty service on Airbnb, it’s important to familiarize yourself with the local laws and registration requirements.
Rules • Service host
Photography-related services
When you provide a photography service on Airbnb, it’s important to familiarize yourself with the local laws and registration requirements.
Rules • Service host
Massage and spa treatment related services
When you provide a massage or spa treatment service on Airbnb, it’s important to familiarize yourself with the local laws and registration requirements.
Rules • Service host
Personal training-related services
When you provide a fitness or personal training service on Airbnb, it’s important to familiarize yourself with the local laws and registration requirements.
Related topics
Service hosting basics
Preparing to host a service
Protection and insurance
Site Footer
Support
Help Center
AirCover
Anti-discrimination
Disability support
Cancellation options
Report neighborhood concern
Hosting
Airbnb your home
AirCover for Hosts
Hosting resources
Community forum
Hosting responsibly
Airbnb-friendly apartments
Join a free Hosting class
Find a co‑host
Airbnb
2025 Summer Release
Newsroom
New features
Careers
Investors
Gift cards
Airbnb.org emergency stays
Footer section
© 2025 Airbnb, Inc.·Terms·Sitemap·Privacy·Your Privacy Choices
English (US)
€
EUR",3,Beauty-related services | Photography-related services | Massage and spa treatment related services,"Beauty-related services: Skip to content
Help Center
– home page
Search
Suggestions will show after typing in the search input. Use the up and down arrows to review. Use enter to select. If the selection is a phrase, that phrase will be submitted to search. If the suggestion is a link, the browser will navigate to that page.
Home
All topics
About hosting
Service categories and guidelines
Beauty-related services
Rules • Service host
Beauty-related services

If you are providing a service on Airbnb, it’s important to be familiar with the laws and registration requirements that may apply to your service listing.*

It’s important to note that different countries, states, and cities have different licensing requirements and rules. It’s your responsibility as someone providing a service on Airbnb to make sure you comply with local laws and regulations.

NOTE: If you are unsure about how local laws or this information may apply to you or your services and experiences, check with official sources or seek legal advice.

In this article
Basic principles for any beauty-related services
If you want to provide beauty services to guests outside of your salon
Additional things to think about when providing a beauty service
Basic principles for any beauty-related services

Many countries have qualification or licensing requirements for beauty practitioners, including those engaged in services for hair, makeup and nails. You may need to obtain or have a relevant cosmetology, esthetician, barber, nail technician or related licenses to provide a service for a guest. In addition to these qualifications, it’s a good idea to keep both your health and safety, and your guests’, top of mind. For example, it’s a good idea to:

Familiarize yourself with official sources or seek legal advice to understand the requirements for providing professional esthetician, cosmetology and related service

Ask your guests in advance about any specific looks or goals they may have in mind, to best provide a service that will cater to your guest’s needs
If you want to provide beauty services to guests outside of your salon

If you want to provide beauty services outside of a traditional brick and mortar salon, (such as in a guest’s home), find out if you need any additional requirements or regulations under your local laws.

NOTE: In some jurisdictions, in-home services are not permitted by local laws, or separate licensing may be required to provide a beauty or aesthetic service outside a salon. In other jurisdictions, you may also be permitted to operate your service from a mobile establishment or mobile salon. Check your local requirements for any additional licensing requirements for these types of establishments.

Additional things to think about when providing a beauty service


You’ll need to check with your local authorities to be certain you’re meeting all local requirements before you provide a service.

In some jurisdictions, it may be necessary to obtain a general business licence in order to be able to provide beauty services to members of the public. Below are some examples (note this is not a comprehensive list):

Check with your local zoning board or planning authority to find out whether any local rules limit the ways in which the property for your service or experience may be used
Find out what tax rules may apply to your activity, and check whether you are legally required to obtain special insurance cover

If you are unsure about anything relating to your service, check with your local licensing board directly, or speak to a lawyer, to discuss and confirm your service complies with local laws including health, tax, and insurance requirements.

*Airbnb isn’t responsible for the reliability or correctness of the information contained in any links to third party sites (including any links to legislation and regulations) Airbnb also doesn’t have control over the conduct of those who provide a service on Airbnb, and disclaims all liability.

Failure of hosts or co-hosts to satisfy their responsibilities may result in suspension of activity or removal from the Airbnb website.

Did this article help?
Yes
No
Get help with your reservations, account, and more.
Log in or sign up
Site Footer
Support
Help Center
AirCover
Anti-discrimination
Disability support
Cancellation options
Report neighborhood concern
Hosting
Airbnb your home
AirCover for Hosts
Hosting resources
Community forum
Hosting responsibly
Airbnb-friendly apartments
Join a free Hosting class
Find a co‑host
Airbnb
2025 Summer Release
Newsroom
New features
Careers
Investors
Gift cards
Airbnb.org emergency stays
Footer section
© 2025 Airbnb, Inc.·Terms·Sitemap·Privacy·Your Privacy Choices
English (US)
€
EUR | Photography-related services: Skip to content
Help Center
– home page
Search
Suggestions will show after typing in the search input. Use the up and down arrows to review. Use enter to select. If the selection is a phrase, that phrase will be submitted to search. If the suggestion is a link, the browser will navigate to that page.
Home
All topics
About hosting
Service categories and guidelines
Photography-related services
Rules • Service host
Photography-related services

If you’re providing a service on Airbnb, it’s important to be familiar with the laws and registration requirements that may apply to your service listing.*

It’s important to note that different countries, states, and cities have different licensing requirements and rules. It’s your responsibility as someone providing a service on Airbnb to make sure you comply with local laws and regulations.

NOTE: If you are unsure about how local laws or this information may apply to you or your services and experiences, check with official sources or seek legal advice.

In this article
Basic principles for photography-related services
Licenses and permits for photography services on public areas or monuments
Insurance requirements for your photography service
Basic principles for photography-related services

How you handle your service and listing is up to you, but we encourage you to:

Ask your guests about their goals of the photography session, including any special occasions, types of photos they’re seeking, and location preferences;
Explain what guests should expect from your photography session, including the duration and any limitations affected by the selected location or time of day;
Consider pricing your photography session based on group or duration, rather than number of guests;
Let your guests know when they may expect the final product, and how they will receive it;
Inform guests on your listing page if you have any additional agreements they will need to sign, like a release regarding rights to the photos; and
Provide a copy of any additional agreement upon request.
Licenses and permits for photography services on public areas or monuments

Under your local, city, state, provincial or national laws, you may need a license or permit to offer a service or sell goods to customers on public lands. Each park or public land has its own rules on what activities are allowed within the space. The types of activities permitted in public areas may depend on the land location, size, terrain, and resources. We encourage you to confirm with an appropriate park official that your service is allowed on the specific public land. If a permit is required, the type of permit you’ll need may vary based on what your service involves. In addition, certain services may trigger additional licensing requirements. It’s possible that multiple government or public entities have jurisdiction over a public space.

Permit and license requirements.The processes and requirements for obtaining permits and licenses vary. Park managers and the heads of local, regional, and national entities controlling a public space have wide discretion regarding what’s required to receive an individual permit.
Fees and taxes. You’ll likely need to pay a fee for your permit, and the fee amounts may vary. Depending on what your service involves, additional fees may apply for using the public space. It’s your responsibility to ensure that all applicable fees and taxes related to your service are paid.
Insurance requirements for your photography service

Most services on public lands require some type of insurance. However, the insurance requirements and who should be listed on the policy can vary by type of activity, permit type, and the governing entity. Be sure to confirm insurance requirements directly with the issuer of your permit.

If you’re unsure about anything relating to your service, check with your local public lands authority directly, or speak to a lawyer, to discuss and confirm your service complies with local laws including safety, tax, and insurance requirements.

*Airbnb isn’t responsible for the reliability or correctness of the information contained in any links to third party sites (including any links to legislation and regulations). Airbnb also doesn’t have control over the conduct of those who provide a service on Airbnb, and disclaims all liability.

Failure of hosts or co-hosts to satisfy their responsibilities may result in suspension of activity or removal from the Airbnb website.

Did this article help?
Yes
No
Get help with your reservations, account, and more.
Log in or sign up
Site Footer
Support
Help Center
AirCover
Anti-discrimination
Disability support
Cancellation options
Report neighborhood concern
Hosting
Airbnb your home
AirCover for Hosts
Hosting resources
Community forum
Hosting responsibly
Airbnb-friendly apartments
Join a free Hosting class
Find a co‑host
Airbnb
2025 Summer Release
Newsroom
New features
Careers
Investors
Gift cards
Airbnb.org emergency stays
Footer section
© 2025 Airbnb, Inc.·Terms·Sitemap·Privacy·Your Privacy Choices
English (US)
€
EUR | Massage and spa treatment related services: Skip to content
Help Center
– home page
Search
Suggestions will show after typing in the search input. Use the up and down arrows to review. Use enter to select. If the selection is a phrase, that phrase will be submitted to search. If the suggestion is a link, the browser will navigate to that page.
Home
All topics
About hosting
Service categories and guidelines
Massage and spa treatment related services
Rules • Service host
Massage and spa treatment related services

If you are providing a service on Airbnb, it’s important to be familiar with the laws and registration requirements that may apply to your service listing.*

It’s important to note that different countries, states, and cities have different licensing requirements and rules. It’s your responsibility as someone providing a service on Airbnb to make sure you comply with local laws and regulations.

NOTE: If you are unsure about how local laws or this information may apply to you or your services and experiences, check with official sources or seek legal advice.

In this article
Basic principles for any massage or spa treatment related services
If you want to provide massage or spa treatments to guests outside of your salon or studio
Additional things to think about when providing massage or spa treatments
Basic principles for any massage or spa treatment related services

Many countries have certification or licensing requirements for a therapist to provide massage or spa treatment services. Because these services involve close engagement with a guest, it’s pertinent to keep both your health and safety, and your guests’, top of mind. For example, it’s a good idea to:

Familiarize yourself with official sources or seek legal advice to understand the rules that apply to providing massage or spa and wellness related services to a guest
Ask your guests in advance about any preferences or considerations, to ensure their comfort and safety during the service
Certain types of massages and spa services are not permitted, such as:
Medical massages or spa treatments aimed at treatment of specific health conditions diagnosed by a doctor
Massages advertising sexual activity
Use of needles or laser treatments in massage or spa related services
Non-surgical fat reduction treatments
Chemical peels and dermal fillers
If you want to provide massage or spa treatments to guests outside of your salon or studio

If you want to provide massage or spa treatments outside of a salon or studio, (such as in the guest’s home), find out if this triggers additional regulations or requirements under your local laws.

NOTE: Some jurisdictions may prohibit you from providing these types of services outside of a licensed business establishment, or require you to obtain specific outcall permits or permissions to carry out such activities. Check your local city, state, or national (if applicable) requirements for restrictions on where these services may be performed.

Additional things to think about when providing massage or spa treatments

You’ll need to check with your local authorities to be certain you’re meeting all local requirements before you provide a service.

In some jurisdictions, it may be necessary to obtain a general business licence in order to be able to provide spa treatments or massage services to members of the public. Below are some examples (note this is not a comprehensive list):

Check with your local zoning board or planning authority to find out whether any local rules limit the ways in which the property for your service or experience may be used
Find out what tax rules may apply to your activity, and check whether you’re legally required to obtain special insurance cover

If you’re unsure about anything relating to your service, check with your local licensing board directly, or speak to a lawyer, to discuss and confirm your service complies with local laws including health, tax, and insurance requirements.

*Airbnb isn’t responsible for the reliability or correctness of the information contained in any links to third party sites (including any links to legislation and regulations). Airbnb also doesn’t have control over the conduct of those who provide a service on Airbnb, and disclaims all liability.

Failure of hosts or co-hosts to satisfy their responsibilities may result in suspension of activity or removal from the Airbnb website.

Did this article help?
Yes
No
Get help with your reservations, account, and more.
Log in or sign up
Site Footer
Support
Help Center
AirCover
Anti-discrimination
Disability support
Cancellation options
Report neighborhood concern
Hosting
Airbnb your home
AirCover for Hosts
Hosting resources
Community forum
Hosting responsibly
Airbnb-friendly apartments
Join a free Hosting class
Find a co‑host
Airbnb
2025 Summer Release
Newsroom
New features
Careers
Investors
Gift cards
Airbnb.org emergency stays
Footer section
© 2025 Airbnb, Inc.·Terms·Sitemap·Privacy·Your Privacy Choices
English (US)
€
EUR",2025-07-08T11:18:10.360Z,
service-host,Unknown Category,English (US),https://www.airbnb.com/help/all-topics?locale=en&_set_bev_on_new_domain=1751960147_EAZWI5NzYyNzVjZj,"Suggested language and region
Français
France
Choose a language and region
English
United States
Azərbaycan dili
Azərbaycan
Bahasa Indonesia
Indonesia
Bosanski
Bosna i Hercegovina
Català
Espanya
Čeština
Česká republika
Crnogorski
Crna Gora
Dansk
Danmark
Deutsch
Deutschland
Deutsch
Österreich
Deutsch
Schweiz
Deutsch
Luxemburg
Eesti
Eesti
English
Australia
English
Canada
English
Guyana
English
India
English
Ireland
English
New Zealand
English
Singapore
English
United Arab Emirates
English
United Kingdom
Español
Argentina
Español
Belice
Español
Bolivia
Español
Chile
Español
Colombia
Español
Costa Rica
Español
Ecuador
Español
El Salvador
Español
España
Español
Estados Unidos
Español
Guatemala
Español
Honduras
Español
Latinoamérica
Español
México
Español
Nicaragua
Español
Panamá
Español
Paraguay
Español
Perú
Español
Venezuela
Français
Belgique
Français
Canada
Français
Suisse
Français
Luxembourg
Gaeilge
Éire
Hrvatski
Hrvatska
isiXhosa
eMzantsi Afrika
isiZulu
iNingizimu Afrika
Íslenska
Ísland
Italiano
Italia
Italiano
Svizzera
Kiswahili
Āfrika
Latviešu
Latvija
Lietuvių
Lietuva
Magyar
Magyarország
Malti
Malta
Melayu
Malaysia
Vlaams
België
Nederlands
Nederland
Norsk
Norge
Polski
Polska
Português
Brasil
Português
Portugal
Română
România
Shqip
Shqipëri
Slovenčina
Slovensko
Slovenščina
Slovenija
Srpski
Srbija
Suomi
Suomi
Svenska
Sverige
Tagalog
Pilipinas
Tiếng Việt
Việt Nam
Türkçe
Türkiye
Ελληνικά
Ελλάδα
Български
България
Македонски
Северна Македонија
Русский
Россия
Українська
Україна
ქართული
საქართველო
Հայերեն
Հայաստան
עברית
ישראל
العربية
العالم
हिन्दी
भारत
ಕನ್ನಡ
ಭಾರತ
मराठी
भारत
ไทย
ประเทศไทย
한국어
대한민국
日本語
日本
简体中文
美国
繁體中文
美國
简体中文
中国
繁體中文
香港
繁體中文
台灣",1,Cancellation options,"Cancellation options: Skip to content
Help Center
– home page
Search
Suggestions will show after typing in the search input. Use the up and down arrows to review. Use enter to select. If the selection is a phrase, that phrase will be submitted to search. If the suggestion is a link, the browser will navigate to that page.
Home
All topics
Your reservations
Cancellations
Major Disruptive Events Policy
Community policy
Major Disruptive Events Policy
In this article
Overview
What events are covered
What happens if a reservation is impacted by a covered Event
What is not covered
How this policy affects hosts
Other things to be aware of
Overview

In general, cancellations and refunds for Airbnb reservations are governed by the listing’s cancellation policy. In the rare circumstances that large-scale events prevent or legally prohibit completion of a reservation, the Major Disruptive Events Policy (the “Policy”) may apply. When this Policy applies, guests can cancel their reservation and receive a refund, travel credit, and/or other consideration regardless of the reservation’s cancellation policy, and hosts can cancel without fees or other adverse consequences, although their listing’s calendar will be blocked for the dates of the canceled reservation.

This Policy applies to reservations for homes, services, and experiences and is applicable to reservations that are ongoing or that have a check-in on or after the effective date, except as otherwise notified by Airbnb to users. The Major Disruptive Events Policy is not an insurance policy.

What events are covered

The following events are covered under this Policy if they impact your reservation location, occur after the time of booking, and prevent or legally prohibit completion of a future or ongoing reservation (referred to in this Policy as “Events”):

Declared public health emergencies and epidemics. Government-declared epidemics, pandemics, and public health emergencies. This does not include diseases that are endemic (for example, the flu) or commonly associated with an area (for example, malaria in Thailand). COVID-19 is not covered under this Major Disruptive Events Policy.

Government travel restrictions. Mandatory travel restrictions imposed by a governmental agency, such as an evacuation order or shelter-in-place order. This does not include non-binding travel advisories and similar government guidance.

Military actions and other hostilities. Acts of war, hostilities, invasions, civil war, terrorism, explosions, bombings, rebellions, riots, and insurrection.

Large-scale outages of essential utilities. Prolonged outages of essential utilities, such as heat, water, and electricity, impacting the vast majority of homes in a given location.

Unforeseeable natural disasters and severe weather events. Unforeseeable natural disasters, like earthquakes and tsunamis, and unforeseeable severe weather events, like tornadoes. This does not include events that are foreseeable for a given location, as described further below.

What happens if a reservation is impacted by a covered Event

When a large-scale event occurs, we assess the situation to determine whether the Major Disruptive Events Policy applies. If it does, we activate the Policy for the impacted area and timeframe where we anticipate that the Event will prevent or legally prohibit completion of reservations. Reservations outside of the defined area and timeframe may not be eligible, though hosts may still be able to cancel without adverse consequences if they are unable to host. We continuously monitor these situations and adjust coverage as needed to reflect changing conditions. If you believe this Policy applies to your reservation, please contact us to inquire about eligibility.

What is not covered

We understand that other circumstances outside of your control may disrupt your plans. In any situations not listed above, your reservation remains subject to the host’s cancellation policy for the listing.

Examples of common events not covered by this policy include:

Events that impact a guest or their ability to travel, but not the reservation location
Unexpected injury or illness
Government obligations like jury duty or court appearances
Non-binding travel advisories or other government guidance that fall short of a travel ban or prohibition
Cancellation or rescheduling of an event for which the reservation was made
Transportation disruptions such as airline insolvency, flight cancellations, transportation strikes, and road closures due to maintenance
Weather or natural conditions that are common enough to be foreseeable in a given location, such as hurricanes in Florida during hurricane season or winter weather in the northern hemisphere during winter months—unless the event triggers a covered Event that prevents completion of the reservation, such as government-issued mandatory travel restrictions

For reservations not covered by this Policy, we encourage guests and hosts to find a mutually acceptable arrangement, such as a full or partial refund or an alteration of the booking dates. Note that any refunds outside of the reservation’s cancellation policy are at the host’s discretion. Airbnb does not take part in or guarantee such refunds.

How this policy affects hosts

If a reservation is covered by the Major Disruptive Events Policy, hosts can cancel without fees or other adverse consequences. If a host cancels under this policy, their listing’s calendar will be blocked for the dates of the canceled reservation. If a reservation is canceled under this Policy, the host does not receive a payout for the canceled dates of the reservation, or, if the payout has already been made, the refunded amount will be withheld from the next payout(s).

Regardless of whether a reservation is covered by this Policy, hosts can cancel for certain valid reasons, such as major damage to a listing, without fees or other adverse consequences. Hosts are obligated to cancel a reservation if their listing is uninhabitable or is inconsistent with what the guest booked. Failure to do so may result in listing suspension, cancellation of existing reservations, and refunds to guests until the listing is habitable and consistent with the listing description. This also violates our Ground rules for hosts, and can lead to consequences up to and including account removal.

Other things to be aware of

This Policy does not limit your rights under local regulations, and any decisions made by Airbnb under this Policy do not affect your statutory rights.

Did this article help?
Yes
No
Related articles
How-to • Guest
Canceling a trip due to a Major Disruptive Event
If you need to cancel because a large-scale event at your destination prevents completion of your reservation, we can help.
Community policy • Home host
Host Cancellation Policy for homes
Because cancellations can disrupt guests' plans and impact confidence in the Airbnb community, there are penalties applied for Host cancellations.
How-to • Guest
Find the cancellation policy for any home, service, or experience
Here’s where to find the cancellation policy for any home, service, or experience.
Get help with your reservations, account, and more.
Log in or sign up
Site Footer
Support
Help Center
AirCover
Anti-discrimination
Disability support
Cancellation options
Report neighborhood concern
Hosting
Airbnb your home
AirCover for Hosts
Hosting resources
Community forum
Hosting responsibly
Airbnb-friendly apartments
Join a free Hosting class
Find a co‑host
Airbnb
2025 Summer Release
Newsroom
New features
Careers
Investors
Gift cards
Airbnb.org emergency stays
Footer section
© 2025 Airbnb, Inc.·Terms·Sitemap·Privacy·Your Privacy Choices
English (US)
€
EUR",2025-07-08T11:18:23.480Z,
service-host,Unknown Category,€EUR,https://www.airbnb.com/help/all-topics?locale=en&_set_bev_on_new_domain=1751960147_EAZWI5NzYyNzVjZj,"Choose a currency
Euro
EUR – €
Australian dollar
AUD – $
Brazilian real
BRL – R$
Bulgarian lev
BGN – лв.
Canadian dollar
CAD – $
Chilean peso
CLP – $
Chinese yuan
CNY – ￥
Colombian peso
COP – $
Costa Rican colon
CRC – ₡
Czech koruna
CZK – Kč
Danish krone
DKK – kr
Egyptian pound
EGP – ج.م
Emirati dirham
AED – ﺩ.ﺇ
Ghanaian cedi
GHS – GH₵
Hong Kong dollar
HKD – $
Hungarian forint
HUF – Ft
Indian rupee
INR – ₹
Indonesian rupiah
IDR – Rp
Israeli new shekel
ILS – ₪
Japanese yen
JPY – ¥
Kazakhstani tenge
KZT – ₸
Kenyan shilling
KES – KSh
Malaysian ringgit
MYR – RM
Mexican peso
MXN – $
Moroccan dirham
MAD
New Taiwan dollar
TWD – $
New Zealand dollar
NZD – $
Norwegian krone
NOK – kr
Peruvian sol
PEN – S/
Philippine peso
PHP – ₱
Polish zloty
PLN – zł
Pound sterling
GBP – £
Qatari riyal
QAR – ر.ق
Romanian leu
RON – lei
Saudi Arabian riyal
SAR – SR
Singapore dollar
SGD – $
South African rand
ZAR – R
South Korean won
KRW – ₩
Swedish krona
SEK – kr
Swiss franc
CHF
Thai baht
THB – ฿
Turkish lira
TRY – ₺
Ugandan shilling
UGX – USh
Ukrainian hryvnia
UAH – ₴
United States dollar
USD – $
Uruguayan peso
UYU – $U
Vietnamese dong
VND – ₫",1,Cancellation options,"Cancellation options: Skip to content
Help Center
– home page
Search
Suggestions will show after typing in the search input. Use the up and down arrows to review. Use enter to select. If the selection is a phrase, that phrase will be submitted to search. If the suggestion is a link, the browser will navigate to that page.
Home
All topics
Your reservations
Cancellations
Major Disruptive Events Policy
Community policy
Major Disruptive Events Policy
In this article
Overview
What events are covered
What happens if a reservation is impacted by a covered Event
What is not covered
How this policy affects hosts
Other things to be aware of
Overview

In general, cancellations and refunds for Airbnb reservations are governed by the listing’s cancellation policy. In the rare circumstances that large-scale events prevent or legally prohibit completion of a reservation, the Major Disruptive Events Policy (the “Policy”) may apply. When this Policy applies, guests can cancel their reservation and receive a refund, travel credit, and/or other consideration regardless of the reservation’s cancellation policy, and hosts can cancel without fees or other adverse consequences, although their listing’s calendar will be blocked for the dates of the canceled reservation.

This Policy applies to reservations for homes, services, and experiences and is applicable to reservations that are ongoing or that have a check-in on or after the effective date, except as otherwise notified by Airbnb to users. The Major Disruptive Events Policy is not an insurance policy.

What events are covered

The following events are covered under this Policy if they impact your reservation location, occur after the time of booking, and prevent or legally prohibit completion of a future or ongoing reservation (referred to in this Policy as “Events”):

Declared public health emergencies and epidemics. Government-declared epidemics, pandemics, and public health emergencies. This does not include diseases that are endemic (for example, the flu) or commonly associated with an area (for example, malaria in Thailand). COVID-19 is not covered under this Major Disruptive Events Policy.

Government travel restrictions. Mandatory travel restrictions imposed by a governmental agency, such as an evacuation order or shelter-in-place order. This does not include non-binding travel advisories and similar government guidance.

Military actions and other hostilities. Acts of war, hostilities, invasions, civil war, terrorism, explosions, bombings, rebellions, riots, and insurrection.

Large-scale outages of essential utilities. Prolonged outages of essential utilities, such as heat, water, and electricity, impacting the vast majority of homes in a given location.

Unforeseeable natural disasters and severe weather events. Unforeseeable natural disasters, like earthquakes and tsunamis, and unforeseeable severe weather events, like tornadoes. This does not include events that are foreseeable for a given location, as described further below.

What happens if a reservation is impacted by a covered Event

When a large-scale event occurs, we assess the situation to determine whether the Major Disruptive Events Policy applies. If it does, we activate the Policy for the impacted area and timeframe where we anticipate that the Event will prevent or legally prohibit completion of reservations. Reservations outside of the defined area and timeframe may not be eligible, though hosts may still be able to cancel without adverse consequences if they are unable to host. We continuously monitor these situations and adjust coverage as needed to reflect changing conditions. If you believe this Policy applies to your reservation, please contact us to inquire about eligibility.

What is not covered

We understand that other circumstances outside of your control may disrupt your plans. In any situations not listed above, your reservation remains subject to the host’s cancellation policy for the listing.

Examples of common events not covered by this policy include:

Events that impact a guest or their ability to travel, but not the reservation location
Unexpected injury or illness
Government obligations like jury duty or court appearances
Non-binding travel advisories or other government guidance that fall short of a travel ban or prohibition
Cancellation or rescheduling of an event for which the reservation was made
Transportation disruptions such as airline insolvency, flight cancellations, transportation strikes, and road closures due to maintenance
Weather or natural conditions that are common enough to be foreseeable in a given location, such as hurricanes in Florida during hurricane season or winter weather in the northern hemisphere during winter months—unless the event triggers a covered Event that prevents completion of the reservation, such as government-issued mandatory travel restrictions

For reservations not covered by this Policy, we encourage guests and hosts to find a mutually acceptable arrangement, such as a full or partial refund or an alteration of the booking dates. Note that any refunds outside of the reservation’s cancellation policy are at the host’s discretion. Airbnb does not take part in or guarantee such refunds.

How this policy affects hosts

If a reservation is covered by the Major Disruptive Events Policy, hosts can cancel without fees or other adverse consequences. If a host cancels under this policy, their listing’s calendar will be blocked for the dates of the canceled reservation. If a reservation is canceled under this Policy, the host does not receive a payout for the canceled dates of the reservation, or, if the payout has already been made, the refunded amount will be withheld from the next payout(s).

Regardless of whether a reservation is covered by this Policy, hosts can cancel for certain valid reasons, such as major damage to a listing, without fees or other adverse consequences. Hosts are obligated to cancel a reservation if their listing is uninhabitable or is inconsistent with what the guest booked. Failure to do so may result in listing suspension, cancellation of existing reservations, and refunds to guests until the listing is habitable and consistent with the listing description. This also violates our Ground rules for hosts, and can lead to consequences up to and including account removal.

Other things to be aware of

This Policy does not limit your rights under local regulations, and any decisions made by Airbnb under this Policy do not affect your statutory rights.

Did this article help?
Yes
No
Related articles
How-to • Guest
Canceling a trip due to a Major Disruptive Event
If you need to cancel because a large-scale event at your destination prevents completion of your reservation, we can help.
Community policy • Home host
Host Cancellation Policy for homes
Because cancellations can disrupt guests' plans and impact confidence in the Airbnb community, there are penalties applied for Host cancellations.
How-to • Guest
Find the cancellation policy for any home, service, or experience
Here’s where to find the cancellation policy for any home, service, or experience.
Get help with your reservations, account, and more.
Log in or sign up
Site Footer
Support
Help Center
AirCover
Anti-discrimination
Disability support
Cancellation options
Report neighborhood concern
Hosting
Airbnb your home
AirCover for Hosts
Hosting resources
Community forum
Hosting responsibly
Airbnb-friendly apartments
Join a free Hosting class
Find a co‑host
Airbnb
2025 Summer Release
Newsroom
New features
Careers
Investors
Gift cards
Airbnb.org emergency stays
Footer section
© 2025 Airbnb, Inc.·Terms·Sitemap·Privacy·Your Privacy Choices
English (US)
€
EUR",2025-07-08T11:18:36.525Z,
service-host,Unknown Category,English (US),https://www.airbnb.com/help/all-topics?locale=en&_set_bev_on_new_domain=1751960147_EAZWI5NzYyNzVjZj,"Suggested language and region
Français
France
Choose a language and region
English
United States
Azərbaycan dili
Azərbaycan
Bahasa Indonesia
Indonesia
Bosanski
Bosna i Hercegovina
Català
Espanya
Čeština
Česká republika
Crnogorski
Crna Gora
Dansk
Danmark
Deutsch
Deutschland
Deutsch
Österreich
Deutsch
Schweiz
Deutsch
Luxemburg
Eesti
Eesti
English
Australia
English
Canada
English
Guyana
English
India
English
Ireland
English
New Zealand
English
Singapore
English
United Arab Emirates
English
United Kingdom
Español
Argentina
Español
Belice
Español
Bolivia
Español
Chile
Español
Colombia
Español
Costa Rica
Español
Ecuador
Español
El Salvador
Español
España
Español
Estados Unidos
Español
Guatemala
Español
Honduras
Español
Latinoamérica
Español
México
Español
Nicaragua
Español
Panamá
Español
Paraguay
Español
Perú
Español
Venezuela
Français
Belgique
Français
Canada
Français
Suisse
Français
Luxembourg
Gaeilge
Éire
Hrvatski
Hrvatska
isiXhosa
eMzantsi Afrika
isiZulu
iNingizimu Afrika
Íslenska
Ísland
Italiano
Italia
Italiano
Svizzera
Kiswahili
Āfrika
Latviešu
Latvija
Lietuvių
Lietuva
Magyar
Magyarország
Malti
Malta
Melayu
Malaysia
Vlaams
België
Nederlands
Nederland
Norsk
Norge
Polski
Polska
Português
Brasil
Português
Portugal
Română
România
Shqip
Shqipëri
Slovenčina
Slovensko
Slovenščina
Slovenija
Srpski
Srbija
Suomi
Suomi
Svenska
Sverige
Tagalog
Pilipinas
Tiếng Việt
Việt Nam
Türkçe
Türkiye
Ελληνικά
Ελλάδα
Български
България
Македонски
Северна Македонија
Русский
Россия
Українська
Україна
ქართული
საქართველო
Հայերեն
Հայաստան
עברית
ישראל
العربية
العالم
हिन्दी
भारत
ಕನ್ನಡ
ಭಾರತ
मराठी
भारत
ไทย
ประเทศไทย
한국어
대한민국
日本語
日本
简体中文
美国
繁體中文
美國
简体中文
中国
繁體中文
香港
繁體中文
台灣",1,Cancellation options,"Cancellation options: Skip to content
Help Center
– home page
Search
Suggestions will show after typing in the search input. Use the up and down arrows to review. Use enter to select. If the selection is a phrase, that phrase will be submitted to search. If the suggestion is a link, the browser will navigate to that page.
Home
All topics
Your reservations
Cancellations
Major Disruptive Events Policy
Community policy
Major Disruptive Events Policy
In this article
Overview
What events are covered
What happens if a reservation is impacted by a covered Event
What is not covered
How this policy affects hosts
Other things to be aware of
Overview

In general, cancellations and refunds for Airbnb reservations are governed by the listing’s cancellation policy. In the rare circumstances that large-scale events prevent or legally prohibit completion of a reservation, the Major Disruptive Events Policy (the “Policy”) may apply. When this Policy applies, guests can cancel their reservation and receive a refund, travel credit, and/or other consideration regardless of the reservation’s cancellation policy, and hosts can cancel without fees or other adverse consequences, although their listing’s calendar will be blocked for the dates of the canceled reservation.

This Policy applies to reservations for homes, services, and experiences and is applicable to reservations that are ongoing or that have a check-in on or after the effective date, except as otherwise notified by Airbnb to users. The Major Disruptive Events Policy is not an insurance policy.

What events are covered

The following events are covered under this Policy if they impact your reservation location, occur after the time of booking, and prevent or legally prohibit completion of a future or ongoing reservation (referred to in this Policy as “Events”):

Declared public health emergencies and epidemics. Government-declared epidemics, pandemics, and public health emergencies. This does not include diseases that are endemic (for example, the flu) or commonly associated with an area (for example, malaria in Thailand). COVID-19 is not covered under this Major Disruptive Events Policy.

Government travel restrictions. Mandatory travel restrictions imposed by a governmental agency, such as an evacuation order or shelter-in-place order. This does not include non-binding travel advisories and similar government guidance.

Military actions and other hostilities. Acts of war, hostilities, invasions, civil war, terrorism, explosions, bombings, rebellions, riots, and insurrection.

Large-scale outages of essential utilities. Prolonged outages of essential utilities, such as heat, water, and electricity, impacting the vast majority of homes in a given location.

Unforeseeable natural disasters and severe weather events. Unforeseeable natural disasters, like earthquakes and tsunamis, and unforeseeable severe weather events, like tornadoes. This does not include events that are foreseeable for a given location, as described further below.

What happens if a reservation is impacted by a covered Event

When a large-scale event occurs, we assess the situation to determine whether the Major Disruptive Events Policy applies. If it does, we activate the Policy for the impacted area and timeframe where we anticipate that the Event will prevent or legally prohibit completion of reservations. Reservations outside of the defined area and timeframe may not be eligible, though hosts may still be able to cancel without adverse consequences if they are unable to host. We continuously monitor these situations and adjust coverage as needed to reflect changing conditions. If you believe this Policy applies to your reservation, please contact us to inquire about eligibility.

What is not covered

We understand that other circumstances outside of your control may disrupt your plans. In any situations not listed above, your reservation remains subject to the host’s cancellation policy for the listing.

Examples of common events not covered by this policy include:

Events that impact a guest or their ability to travel, but not the reservation location
Unexpected injury or illness
Government obligations like jury duty or court appearances
Non-binding travel advisories or other government guidance that fall short of a travel ban or prohibition
Cancellation or rescheduling of an event for which the reservation was made
Transportation disruptions such as airline insolvency, flight cancellations, transportation strikes, and road closures due to maintenance
Weather or natural conditions that are common enough to be foreseeable in a given location, such as hurricanes in Florida during hurricane season or winter weather in the northern hemisphere during winter months—unless the event triggers a covered Event that prevents completion of the reservation, such as government-issued mandatory travel restrictions

For reservations not covered by this Policy, we encourage guests and hosts to find a mutually acceptable arrangement, such as a full or partial refund or an alteration of the booking dates. Note that any refunds outside of the reservation’s cancellation policy are at the host’s discretion. Airbnb does not take part in or guarantee such refunds.

How this policy affects hosts

If a reservation is covered by the Major Disruptive Events Policy, hosts can cancel without fees or other adverse consequences. If a host cancels under this policy, their listing’s calendar will be blocked for the dates of the canceled reservation. If a reservation is canceled under this Policy, the host does not receive a payout for the canceled dates of the reservation, or, if the payout has already been made, the refunded amount will be withheld from the next payout(s).

Regardless of whether a reservation is covered by this Policy, hosts can cancel for certain valid reasons, such as major damage to a listing, without fees or other adverse consequences. Hosts are obligated to cancel a reservation if their listing is uninhabitable or is inconsistent with what the guest booked. Failure to do so may result in listing suspension, cancellation of existing reservations, and refunds to guests until the listing is habitable and consistent with the listing description. This also violates our Ground rules for hosts, and can lead to consequences up to and including account removal.

Other things to be aware of

This Policy does not limit your rights under local regulations, and any decisions made by Airbnb under this Policy do not affect your statutory rights.

Did this article help?
Yes
No
Related articles
How-to • Viajero
Canceling a trip due to a Major Disruptive Event
If you need to cancel because a large-scale event at your destination prevents completion of your reservation, we can help.
Community policy • Home host
Host Cancellation Policy for homes
Because cancellations can disrupt guests' plans and impact confidence in the Airbnb community, there are penalties applied for Host cancellations.
How-to • Guest
Find the cancellation policy for any home, service, or experience
Here’s where to find the cancellation policy for any home, service, or experience.
Get help with your reservations, account, and more.
Log in or sign up
Site Footer
Support
Help Center
AirCover
Anti-discrimination
Disability support
Cancellation options
Report neighborhood concern
Hosting
Airbnb your home
AirCover for Hosts
Hosting resources
Community forum
Hosting responsibly
Airbnb-friendly apartments
Join a free Hosting class
Find a co‑host
Airbnb
2025 Summer Release
Newsroom
New features
Careers
Investors
Gift cards
Airbnb.org emergency stays
Footer section
© 2025 Airbnb, Inc.·Terms·Sitemap·Privacy·Your Privacy Choices
English (US)
€
EUR",2025-07-08T11:18:49.560Z,
service-host,Unknown Category,€EUR,https://www.airbnb.com/help/all-topics?locale=en&_set_bev_on_new_domain=1751960147_EAZWI5NzYyNzVjZj,"Choose a currency
Euro
EUR – €
Australian dollar
AUD – $
Brazilian real
BRL – R$
Bulgarian lev
BGN – лв.
Canadian dollar
CAD – $
Chilean peso
CLP – $
Chinese yuan
CNY – ￥
Colombian peso
COP – $
Costa Rican colon
CRC – ₡
Czech koruna
CZK – Kč
Danish krone
DKK – kr
Egyptian pound
EGP – ج.م
Emirati dirham
AED – ﺩ.ﺇ
Ghanaian cedi
GHS – GH₵
Hong Kong dollar
HKD – $
Hungarian forint
HUF – Ft
Indian rupee
INR – ₹
Indonesian rupiah
IDR – Rp
Israeli new shekel
ILS – ₪
Japanese yen
JPY – ¥
Kazakhstani tenge
KZT – ₸
Kenyan shilling
KES – KSh
Malaysian ringgit
MYR – RM
Mexican peso
MXN – $
Moroccan dirham
MAD
New Taiwan dollar
TWD – $
New Zealand dollar
NZD – $
Norwegian krone
NOK – kr
Peruvian sol
PEN – S/
Philippine peso
PHP – ₱
Polish zloty
PLN – zł
Pound sterling
GBP – £
Qatari riyal
QAR – ر.ق
Romanian leu
RON – lei
Saudi Arabian riyal
SAR – SR
Singapore dollar
SGD – $
South African rand
ZAR – R
South Korean won
KRW – ₩
Swedish krona
SEK – kr
Swiss franc
CHF
Thai baht
THB – ฿
Turkish lira
TRY – ₺
Ugandan shilling
UGX – USh
Ukrainian hryvnia
UAH – ₴
United States dollar
USD – $
Uruguayan peso
UYU – $U
Vietnamese dong
VND – ₫",1,Cancellation options,"Cancellation options: Skip to content
Help Center
– home page
Search
Suggestions will show after typing in the search input. Use the up and down arrows to review. Use enter to select. If the selection is a phrase, that phrase will be submitted to search. If the suggestion is a link, the browser will navigate to that page.
Home
All topics
Your reservations
Cancellations
Major Disruptive Events Policy
Community policy
Major Disruptive Events Policy
In this article
Overview
What events are covered
What happens if a reservation is impacted by a covered Event
What is not covered
How this policy affects hosts
Other things to be aware of
Overview

In general, cancellations and refunds for Airbnb reservations are governed by the listing’s cancellation policy. In the rare circumstances that large-scale events prevent or legally prohibit completion of a reservation, the Major Disruptive Events Policy (the “Policy”) may apply. When this Policy applies, guests can cancel their reservation and receive a refund, travel credit, and/or other consideration regardless of the reservation’s cancellation policy, and hosts can cancel without fees or other adverse consequences, although their listing’s calendar will be blocked for the dates of the canceled reservation.

This Policy applies to reservations for homes, services, and experiences and is applicable to reservations that are ongoing or that have a check-in on or after the effective date, except as otherwise notified by Airbnb to users. The Major Disruptive Events Policy is not an insurance policy.

What events are covered

The following events are covered under this Policy if they impact your reservation location, occur after the time of booking, and prevent or legally prohibit completion of a future or ongoing reservation (referred to in this Policy as “Events”):

Declared public health emergencies and epidemics. Government-declared epidemics, pandemics, and public health emergencies. This does not include diseases that are endemic (for example, the flu) or commonly associated with an area (for example, malaria in Thailand). COVID-19 is not covered under this Major Disruptive Events Policy.

Government travel restrictions. Mandatory travel restrictions imposed by a governmental agency, such as an evacuation order or shelter-in-place order. This does not include non-binding travel advisories and similar government guidance.

Military actions and other hostilities. Acts of war, hostilities, invasions, civil war, terrorism, explosions, bombings, rebellions, riots, and insurrection.

Large-scale outages of essential utilities. Prolonged outages of essential utilities, such as heat, water, and electricity, impacting the vast majority of homes in a given location.

Unforeseeable natural disasters and severe weather events. Unforeseeable natural disasters, like earthquakes and tsunamis, and unforeseeable severe weather events, like tornadoes. This does not include events that are foreseeable for a given location, as described further below.

What happens if a reservation is impacted by a covered Event

When a large-scale event occurs, we assess the situation to determine whether the Major Disruptive Events Policy applies. If it does, we activate the Policy for the impacted area and timeframe where we anticipate that the Event will prevent or legally prohibit completion of reservations. Reservations outside of the defined area and timeframe may not be eligible, though hosts may still be able to cancel without adverse consequences if they are unable to host. We continuously monitor these situations and adjust coverage as needed to reflect changing conditions. If you believe this Policy applies to your reservation, please contact us to inquire about eligibility.

What is not covered

We understand that other circumstances outside of your control may disrupt your plans. In any situations not listed above, your reservation remains subject to the host’s cancellation policy for the listing.

Examples of common events not covered by this policy include:

Events that impact a guest or their ability to travel, but not the reservation location
Unexpected injury or illness
Government obligations like jury duty or court appearances
Non-binding travel advisories or other government guidance that fall short of a travel ban or prohibition
Cancellation or rescheduling of an event for which the reservation was made
Transportation disruptions such as airline insolvency, flight cancellations, transportation strikes, and road closures due to maintenance
Weather or natural conditions that are common enough to be foreseeable in a given location, such as hurricanes in Florida during hurricane season or winter weather in the northern hemisphere during winter months—unless the event triggers a covered Event that prevents completion of the reservation, such as government-issued mandatory travel restrictions

For reservations not covered by this Policy, we encourage guests and hosts to find a mutually acceptable arrangement, such as a full or partial refund or an alteration of the booking dates. Note that any refunds outside of the reservation’s cancellation policy are at the host’s discretion. Airbnb does not take part in or guarantee such refunds.

How this policy affects hosts

If a reservation is covered by the Major Disruptive Events Policy, hosts can cancel without fees or other adverse consequences. If a host cancels under this policy, their listing’s calendar will be blocked for the dates of the canceled reservation. If a reservation is canceled under this Policy, the host does not receive a payout for the canceled dates of the reservation, or, if the payout has already been made, the refunded amount will be withheld from the next payout(s).

Regardless of whether a reservation is covered by this Policy, hosts can cancel for certain valid reasons, such as major damage to a listing, without fees or other adverse consequences. Hosts are obligated to cancel a reservation if their listing is uninhabitable or is inconsistent with what the guest booked. Failure to do so may result in listing suspension, cancellation of existing reservations, and refunds to guests until the listing is habitable and consistent with the listing description. This also violates our Ground rules for hosts, and can lead to consequences up to and including account removal.

Other things to be aware of

This Policy does not limit your rights under local regulations, and any decisions made by Airbnb under this Policy do not affect your statutory rights.

Did this article help?
Yes
No
Related articles
How-to • Guest
Canceling a trip due to a Major Disruptive Event
If you need to cancel because a large-scale event at your destination prevents completion of your reservation, we can help.
Community policy • Home host
Host Cancellation Policy for homes
Because cancellations can disrupt guests' plans and impact confidence in the Airbnb community, there are penalties applied for Host cancellations.
How-to • Guest
Find the cancellation policy for any home, service, or experience
Here’s where to find the cancellation policy for any home, service, or experience.
Get help with your reservations, account, and more.
Log in or sign up
Site Footer
Support
Help Center
AirCover
Anti-discrimination
Disability support
Cancellation options
Report neighborhood concern
Hosting
Airbnb your home
AirCover for Hosts
Hosting resources
Community forum
Hosting responsibly
Airbnb-friendly apartments
Join a free Hosting class
Find a co‑host
Airbnb
2025 Summer Release
Newsroom
New features
Careers
Investors
Gift cards
Airbnb.org emergency stays
Footer section
© 2025 Airbnb, Inc.·Terms·Sitemap·Privacy·Your Privacy Choices
English (US)
€
EUR",2025-07-08T11:19:02.650Z,
service-host,Unknown Category,English (US),https://www.airbnb.com/help/all-topics?locale=en&_set_bev_on_new_domain=1751960147_EAZWI5NzYyNzVjZj,"Suggested language and region
Français
France
Choose a language and region
English
United States
Azərbaycan dili
Azərbaycan
Bahasa Indonesia
Indonesia
Bosanski
Bosna i Hercegovina
Català
Espanya
Čeština
Česká republika
Crnogorski
Crna Gora
Dansk
Danmark
Deutsch
Deutschland
Deutsch
Österreich
Deutsch
Schweiz
Deutsch
Luxemburg
Eesti
Eesti
English
Australia
English
Canada
English
Guyana
English
India
English
Ireland
English
New Zealand
English
Singapore
English
United Arab Emirates
English
United Kingdom
Español
Argentina
Español
Belice
Español
Bolivia
Español
Chile
Español
Colombia
Español
Costa Rica
Español
Ecuador
Español
El Salvador
Español
España
Español
Estados Unidos
Español
Guatemala
Español
Honduras
Español
Latinoamérica
Español
México
Español
Nicaragua
Español
Panamá
Español
Paraguay
Español
Perú
Español
Venezuela
Français
Belgique
Français
Canada
Français
Suisse
Français
Luxembourg
Gaeilge
Éire
Hrvatski
Hrvatska
isiXhosa
eMzantsi Afrika
isiZulu
iNingizimu Afrika
Íslenska
Ísland
Italiano
Italia
Italiano
Svizzera
Kiswahili
Āfrika
Latviešu
Latvija
Lietuvių
Lietuva
Magyar
Magyarország
Malti
Malta
Melayu
Malaysia
Vlaams
België
Nederlands
Nederland
Norsk
Norge
Polski
Polska
Português
Brasil
Português
Portugal
Română
România
Shqip
Shqipëri
Slovenčina
Slovensko
Slovenščina
Slovenija
Srpski
Srbija
Suomi
Suomi
Svenska
Sverige
Tagalog
Pilipinas
Tiếng Việt
Việt Nam
Türkçe
Türkiye
Ελληνικά
Ελλάδα
Български
България
Македонски
Северна Македонија
Русский
Россия
Українська
Україна
ქართული
საქართველო
Հայերեն
Հայաստան
עברית
ישראל
العربية
العالم
हिन्दी
भारत
ಕನ್ನಡ
ಭಾರತ
मराठी
भारत
ไทย
ประเทศไทย
한국어
대한민국
日本語
日本
简体中文
美国
繁體中文
美國
简体中文
中国
繁體中文
香港
繁體中文
台灣",1,Cancellation options,"Cancellation options: Skip to content
Help Center
– home page
Search
Suggestions will show after typing in the search input. Use the up and down arrows to review. Use enter to select. If the selection is a phrase, that phrase will be submitted to search. If the suggestion is a link, the browser will navigate to that page.
Home
All topics
Your reservations
Cancellations
Major Disruptive Events Policy
Community policy
Major Disruptive Events Policy
In this article
Overview
What events are covered
What happens if a reservation is impacted by a covered Event
What is not covered
How this policy affects hosts
Other things to be aware of
Overview

In general, cancellations and refunds for Airbnb reservations are governed by the listing’s cancellation policy. In the rare circumstances that large-scale events prevent or legally prohibit completion of a reservation, the Major Disruptive Events Policy (the “Policy”) may apply. When this Policy applies, guests can cancel their reservation and receive a refund, travel credit, and/or other consideration regardless of the reservation’s cancellation policy, and hosts can cancel without fees or other adverse consequences, although their listing’s calendar will be blocked for the dates of the canceled reservation.

This Policy applies to reservations for homes, services, and experiences and is applicable to reservations that are ongoing or that have a check-in on or after the effective date, except as otherwise notified by Airbnb to users. The Major Disruptive Events Policy is not an insurance policy.

What events are covered

The following events are covered under this Policy if they impact your reservation location, occur after the time of booking, and prevent or legally prohibit completion of a future or ongoing reservation (referred to in this Policy as “Events”):

Declared public health emergencies and epidemics. Government-declared epidemics, pandemics, and public health emergencies. This does not include diseases that are endemic (for example, the flu) or commonly associated with an area (for example, malaria in Thailand). COVID-19 is not covered under this Major Disruptive Events Policy.

Government travel restrictions. Mandatory travel restrictions imposed by a governmental agency, such as an evacuation order or shelter-in-place order. This does not include non-binding travel advisories and similar government guidance.

Military actions and other hostilities. Acts of war, hostilities, invasions, civil war, terrorism, explosions, bombings, rebellions, riots, and insurrection.

Large-scale outages of essential utilities. Prolonged outages of essential utilities, such as heat, water, and electricity, impacting the vast majority of homes in a given location.

Unforeseeable natural disasters and severe weather events. Unforeseeable natural disasters, like earthquakes and tsunamis, and unforeseeable severe weather events, like tornadoes. This does not include events that are foreseeable for a given location, as described further below.

What happens if a reservation is impacted by a covered Event

When a large-scale event occurs, we assess the situation to determine whether the Major Disruptive Events Policy applies. If it does, we activate the Policy for the impacted area and timeframe where we anticipate that the Event will prevent or legally prohibit completion of reservations. Reservations outside of the defined area and timeframe may not be eligible, though hosts may still be able to cancel without adverse consequences if they are unable to host. We continuously monitor these situations and adjust coverage as needed to reflect changing conditions. If you believe this Policy applies to your reservation, please contact us to inquire about eligibility.

What is not covered

We understand that other circumstances outside of your control may disrupt your plans. In any situations not listed above, your reservation remains subject to the host’s cancellation policy for the listing.

Examples of common events not covered by this policy include:

Events that impact a guest or their ability to travel, but not the reservation location
Unexpected injury or illness
Government obligations like jury duty or court appearances
Non-binding travel advisories or other government guidance that fall short of a travel ban or prohibition
Cancellation or rescheduling of an event for which the reservation was made
Transportation disruptions such as airline insolvency, flight cancellations, transportation strikes, and road closures due to maintenance
Weather or natural conditions that are common enough to be foreseeable in a given location, such as hurricanes in Florida during hurricane season or winter weather in the northern hemisphere during winter months—unless the event triggers a covered Event that prevents completion of the reservation, such as government-issued mandatory travel restrictions

For reservations not covered by this Policy, we encourage guests and hosts to find a mutually acceptable arrangement, such as a full or partial refund or an alteration of the booking dates. Note that any refunds outside of the reservation’s cancellation policy are at the host’s discretion. Airbnb does not take part in or guarantee such refunds.

How this policy affects hosts

If a reservation is covered by the Major Disruptive Events Policy, hosts can cancel without fees or other adverse consequences. If a host cancels under this policy, their listing’s calendar will be blocked for the dates of the canceled reservation. If a reservation is canceled under this Policy, the host does not receive a payout for the canceled dates of the reservation, or, if the payout has already been made, the refunded amount will be withheld from the next payout(s).

Regardless of whether a reservation is covered by this Policy, hosts can cancel for certain valid reasons, such as major damage to a listing, without fees or other adverse consequences. Hosts are obligated to cancel a reservation if their listing is uninhabitable or is inconsistent with what the guest booked. Failure to do so may result in listing suspension, cancellation of existing reservations, and refunds to guests until the listing is habitable and consistent with the listing description. This also violates our Ground rules for hosts, and can lead to consequences up to and including account removal.

Other things to be aware of

This Policy does not limit your rights under local regulations, and any decisions made by Airbnb under this Policy do not affect your statutory rights.

Did this article help?
Yes
No
Related articles
How-to • Guest
Canceling a trip due to a Major Disruptive Event
If you need to cancel because a large-scale event at your destination prevents completion of your reservation, we can help.
Community policy • Home host
Host Cancellation Policy for homes
Because cancellations can disrupt guests' plans and impact confidence in the Airbnb community, there are penalties applied for Host cancellations.
How-to • Guest
Find the cancellation policy for any home, service, or experience
Here’s where to find the cancellation policy for any home, service, or experience.
Get help with your reservations, account, and more.
Log in or sign up
Site Footer
Support
Help Center
AirCover
Anti-discrimination
Disability support
Cancellation options
Report neighborhood concern
Hosting
Airbnb your home
AirCover for Hosts
Hosting resources
Community forum
Hosting responsibly
Airbnb-friendly apartments
Join a free Hosting class
Find a co‑host
Airbnb
2025 Summer Release
Newsroom
New features
Careers
Investors
Gift cards
Airbnb.org emergency stays
Footer section
© 2025 Airbnb, Inc.·Terms·Sitemap·Privacy·Your Privacy Choices
English (US)
€
EUR",2025-07-08T11:19:15.659Z,
service-host,Unknown Category,€EUR,https://www.airbnb.com/help/all-topics?locale=en&_set_bev_on_new_domain=1751960147_EAZWI5NzYyNzVjZj,"Choose a currency
Euro
EUR – €
Australian dollar
AUD – $
Brazilian real
BRL – R$
Bulgarian lev
BGN – лв.
Canadian dollar
CAD – $
Chilean peso
CLP – $
Chinese yuan
CNY – ￥
Colombian peso
COP – $
Costa Rican colon
CRC – ₡
Czech koruna
CZK – Kč
Danish krone
DKK – kr
Egyptian pound
EGP – ج.م
Emirati dirham
AED – ﺩ.ﺇ
Ghanaian cedi
GHS – GH₵
Hong Kong dollar
HKD – $
Hungarian forint
HUF – Ft
Indian rupee
INR – ₹
Indonesian rupiah
IDR – Rp
Israeli new shekel
ILS – ₪
Japanese yen
JPY – ¥
Kazakhstani tenge
KZT – ₸
Kenyan shilling
KES – KSh
Malaysian ringgit
MYR – RM
Mexican peso
MXN – $
Moroccan dirham
MAD
New Taiwan dollar
TWD – $
New Zealand dollar
NZD – $
Norwegian krone
NOK – kr
Peruvian sol
PEN – S/
Philippine peso
PHP – ₱
Polish zloty
PLN – zł
Pound sterling
GBP – £
Qatari riyal
QAR – ر.ق
Romanian leu
RON – lei
Saudi Arabian riyal
SAR – SR
Singapore dollar
SGD – $
South African rand
ZAR – R
South Korean won
KRW – ₩
Swedish krona
SEK – kr
Swiss franc
CHF
Thai baht
THB – ฿
Turkish lira
TRY – ₺
Ugandan shilling
UGX – USh
Ukrainian hryvnia
UAH – ₴
United States dollar
USD – $
Uruguayan peso
UYU – $U
Vietnamese dong
VND – ₫",1,Cancellation options,"Cancellation options: Skip to content
Help Center
– home page
Search
Suggestions will show after typing in the search input. Use the up and down arrows to review. Use enter to select. If the selection is a phrase, that phrase will be submitted to search. If the suggestion is a link, the browser will navigate to that page.
Home
All topics
Your reservations
Cancellations
Major Disruptive Events Policy
Community policy
Major Disruptive Events Policy
In this article
Overview
What events are covered
What happens if a reservation is impacted by a covered Event
What is not covered
How this policy affects hosts
Other things to be aware of
Overview

In general, cancellations and refunds for Airbnb reservations are governed by the listing’s cancellation policy. In the rare circumstances that large-scale events prevent or legally prohibit completion of a reservation, the Major Disruptive Events Policy (the “Policy”) may apply. When this Policy applies, guests can cancel their reservation and receive a refund, travel credit, and/or other consideration regardless of the reservation’s cancellation policy, and hosts can cancel without fees or other adverse consequences, although their listing’s calendar will be blocked for the dates of the canceled reservation.

This Policy applies to reservations for homes, services, and experiences and is applicable to reservations that are ongoing or that have a check-in on or after the effective date, except as otherwise notified by Airbnb to users. The Major Disruptive Events Policy is not an insurance policy.

What events are covered

The following events are covered under this Policy if they impact your reservation location, occur after the time of booking, and prevent or legally prohibit completion of a future or ongoing reservation (referred to in this Policy as “Events”):

Declared public health emergencies and epidemics. Government-declared epidemics, pandemics, and public health emergencies. This does not include diseases that are endemic (for example, the flu) or commonly associated with an area (for example, malaria in Thailand). COVID-19 is not covered under this Major Disruptive Events Policy.

Government travel restrictions. Mandatory travel restrictions imposed by a governmental agency, such as an evacuation order or shelter-in-place order. This does not include non-binding travel advisories and similar government guidance.

Military actions and other hostilities. Acts of war, hostilities, invasions, civil war, terrorism, explosions, bombings, rebellions, riots, and insurrection.

Large-scale outages of essential utilities. Prolonged outages of essential utilities, such as heat, water, and electricity, impacting the vast majority of homes in a given location.

Unforeseeable natural disasters and severe weather events. Unforeseeable natural disasters, like earthquakes and tsunamis, and unforeseeable severe weather events, like tornadoes. This does not include events that are foreseeable for a given location, as described further below.

What happens if a reservation is impacted by a covered Event

When a large-scale event occurs, we assess the situation to determine whether the Major Disruptive Events Policy applies. If it does, we activate the Policy for the impacted area and timeframe where we anticipate that the Event will prevent or legally prohibit completion of reservations. Reservations outside of the defined area and timeframe may not be eligible, though hosts may still be able to cancel without adverse consequences if they are unable to host. We continuously monitor these situations and adjust coverage as needed to reflect changing conditions. If you believe this Policy applies to your reservation, please contact us to inquire about eligibility.

What is not covered

We understand that other circumstances outside of your control may disrupt your plans. In any situations not listed above, your reservation remains subject to the host’s cancellation policy for the listing.

Examples of common events not covered by this policy include:

Events that impact a guest or their ability to travel, but not the reservation location
Unexpected injury or illness
Government obligations like jury duty or court appearances
Non-binding travel advisories or other government guidance that fall short of a travel ban or prohibition
Cancellation or rescheduling of an event for which the reservation was made
Transportation disruptions such as airline insolvency, flight cancellations, transportation strikes, and road closures due to maintenance
Weather or natural conditions that are common enough to be foreseeable in a given location, such as hurricanes in Florida during hurricane season or winter weather in the northern hemisphere during winter months—unless the event triggers a covered Event that prevents completion of the reservation, such as government-issued mandatory travel restrictions

For reservations not covered by this Policy, we encourage guests and hosts to find a mutually acceptable arrangement, such as a full or partial refund or an alteration of the booking dates. Note that any refunds outside of the reservation’s cancellation policy are at the host’s discretion. Airbnb does not take part in or guarantee such refunds.

How this policy affects hosts

If a reservation is covered by the Major Disruptive Events Policy, hosts can cancel without fees or other adverse consequences. If a host cancels under this policy, their listing’s calendar will be blocked for the dates of the canceled reservation. If a reservation is canceled under this Policy, the host does not receive a payout for the canceled dates of the reservation, or, if the payout has already been made, the refunded amount will be withheld from the next payout(s).

Regardless of whether a reservation is covered by this Policy, hosts can cancel for certain valid reasons, such as major damage to a listing, without fees or other adverse consequences. Hosts are obligated to cancel a reservation if their listing is uninhabitable or is inconsistent with what the guest booked. Failure to do so may result in listing suspension, cancellation of existing reservations, and refunds to guests until the listing is habitable and consistent with the listing description. This also violates our Ground rules for hosts, and can lead to consequences up to and including account removal.

Other things to be aware of

This Policy does not limit your rights under local regulations, and any decisions made by Airbnb under this Policy do not affect your statutory rights.

Did this article help?
Yes
No
Related articles
How-to • Guest
Canceling a trip due to a Major Disruptive Event
If you need to cancel because a large-scale event at your destination prevents completion of your reservation, we can help.
Community policy • Home host
Host Cancellation Policy for homes
Because cancellations can disrupt guests' plans and impact confidence in the Airbnb community, there are penalties applied for Host cancellations.
How-to • Guest
Find the cancellation policy for any home, service, or experience
Here’s where to find the cancellation policy for any home, service, or experience.
Get help with your reservations, account, and more.
Log in or sign up
Site Footer
Support
Help Center
AirCover
Anti-discrimination
Disability support
Cancellation options
Report neighborhood concern
Hosting
Airbnb your home
AirCover for Hosts
Hosting resources
Community forum
Hosting responsibly
Airbnb-friendly apartments
Join a free Hosting class
Find a co‑host
Airbnb
2025 Summer Release
Newsroom
New features
Careers
Investors
Gift cards
Airbnb.org emergency stays
Footer section
© 2025 Airbnb, Inc.·Terms·Sitemap·Privacy·Your Privacy Choices
English (US)
€
EUR",2025-07-08T11:19:28.730Z,
