Category,Sub Category,Title,URL,Content,Nested Articles Count,Nested Article Titles,Nested Articles Content,Scraped At,Error
travel-admin,Airbnb for Work basics,Guest,https://www.airbnb.com/help/all-topics?locale=en&_set_bev_on_new_domain=1751960147_EAZWI5NzYyNzVjZj,Content loaded in current page context,1,Cancellation options,"Cancellation options: Skip to content
Help Center
– home page
Search
Suggestions will show after typing in the search input. Use the up and down arrows to review. Use enter to select. If the selection is a phrase, that phrase will be submitted to search. If the suggestion is a link, the browser will navigate to that page.
Home
All topics
Your reservations
Cancellations
Major Disruptive Events Policy
Community policy
Major Disruptive Events Policy
In this article
Overview
What events are covered
What happens if a reservation is impacted by a covered Event
What is not covered
How this policy affects hosts
Other things to be aware of
Overview

In general, cancellations and refunds for Airbnb reservations are governed by the listing’s cancellation policy. In the rare circumstances that large-scale events prevent or legally prohibit completion of a reservation, the Major Disruptive Events Policy (the “Policy”) may apply. When this Policy applies, guests can cancel their reservation and receive a refund, travel credit, and/or other consideration regardless of the reservation’s cancellation policy, and hosts can cancel without fees or other adverse consequences, although their listing’s calendar will be blocked for the dates of the canceled reservation.

This Policy applies to reservations for homes, services, and experiences and is applicable to reservations that are ongoing or that have a check-in on or after the effective date, except as otherwise notified by Airbnb to users. The Major Disruptive Events Policy is not an insurance policy.

What events are covered

The following events are covered under this Policy if they impact your reservation location, occur after the time of booking, and prevent or legally prohibit completion of a future or ongoing reservation (referred to in this Policy as “Events”):

Declared public health emergencies and epidemics. Government-declared epidemics, pandemics, and public health emergencies. This does not include diseases that are endemic (for example, the flu) or commonly associated with an area (for example, malaria in Thailand). COVID-19 is not covered under this Major Disruptive Events Policy.

Government travel restrictions. Mandatory travel restrictions imposed by a governmental agency, such as an evacuation order or shelter-in-place order. This does not include non-binding travel advisories and similar government guidance.

Military actions and other hostilities. Acts of war, hostilities, invasions, civil war, terrorism, explosions, bombings, rebellions, riots, and insurrection.

Large-scale outages of essential utilities. Prolonged outages of essential utilities, such as heat, water, and electricity, impacting the vast majority of homes in a given location.

Unforeseeable natural disasters and severe weather events. Unforeseeable natural disasters, like earthquakes and tsunamis, and unforeseeable severe weather events, like tornadoes. This does not include events that are foreseeable for a given location, as described further below.

What happens if a reservation is impacted by a covered Event

When a large-scale event occurs, we assess the situation to determine whether the Major Disruptive Events Policy applies. If it does, we activate the Policy for the impacted area and timeframe where we anticipate that the Event will prevent or legally prohibit completion of reservations. Reservations outside of the defined area and timeframe may not be eligible, though hosts may still be able to cancel without adverse consequences if they are unable to host. We continuously monitor these situations and adjust coverage as needed to reflect changing conditions. If you believe this Policy applies to your reservation, please contact us to inquire about eligibility.

What is not covered

We understand that other circumstances outside of your control may disrupt your plans. In any situations not listed above, your reservation remains subject to the host’s cancellation policy for the listing.

Examples of common events not covered by this policy include:

Events that impact a guest or their ability to travel, but not the reservation location
Unexpected injury or illness
Government obligations like jury duty or court appearances
Non-binding travel advisories or other government guidance that fall short of a travel ban or prohibition
Cancellation or rescheduling of an event for which the reservation was made
Transportation disruptions such as airline insolvency, flight cancellations, transportation strikes, and road closures due to maintenance
Weather or natural conditions that are common enough to be foreseeable in a given location, such as hurricanes in Florida during hurricane season or winter weather in the northern hemisphere during winter months—unless the event triggers a covered Event that prevents completion of the reservation, such as government-issued mandatory travel restrictions

For reservations not covered by this Policy, we encourage guests and hosts to find a mutually acceptable arrangement, such as a full or partial refund or an alteration of the booking dates. Note that any refunds outside of the reservation’s cancellation policy are at the host’s discretion. Airbnb does not take part in or guarantee such refunds.

How this policy affects hosts

If a reservation is covered by the Major Disruptive Events Policy, hosts can cancel without fees or other adverse consequences. If a host cancels under this policy, their listing’s calendar will be blocked for the dates of the canceled reservation. If a reservation is canceled under this Policy, the host does not receive a payout for the canceled dates of the reservation, or, if the payout has already been made, the refunded amount will be withheld from the next payout(s).

Regardless of whether a reservation is covered by this Policy, hosts can cancel for certain valid reasons, such as major damage to a listing, without fees or other adverse consequences. Hosts are obligated to cancel a reservation if their listing is uninhabitable or is inconsistent with what the guest booked. Failure to do so may result in listing suspension, cancellation of existing reservations, and refunds to guests until the listing is habitable and consistent with the listing description. This also violates our Ground rules for hosts, and can lead to consequences up to and including account removal.

Other things to be aware of

This Policy does not limit your rights under local regulations, and any decisions made by Airbnb under this Policy do not affect your statutory rights.

Did this article help?
Yes
No
Related articles
How-to • Guest
Canceling a trip due to a Major Disruptive Event
If you need to cancel because a large-scale event at your destination prevents completion of your reservation, we can help.
Community policy • Home host
Host Cancellation Policy for homes
Because cancellations can disrupt guests' plans and impact confidence in the Airbnb community, there are penalties applied for Host cancellations.
How-to • Guest
Find the cancellation policy for any home, service, or experience
Here’s where to find the cancellation policy for any home, service, or experience.
Get help with your reservations, account, and more.
Log in or sign up
Site Footer
Support
Help Center
AirCover
Anti-discrimination
Disability support
Cancellation options
Report neighborhood concern
Hosting
Airbnb your home
AirCover for Hosts
Hosting resources
Community forum
Hosting responsibly
Airbnb-friendly apartments
Join a free Hosting class
Find a co‑host
Airbnb
2025 Summer Release
Newsroom
New features
Careers
Investors
Gift cards
Airbnb.org emergency stays
Footer section
© 2025 Airbnb, Inc.·Terms·Sitemap·Privacy·Your Privacy Choices
English (US)
€
EUR",2025-07-08T11:19:50.367Z,
travel-admin,Airbnb for Work basics,Home host,https://www.airbnb.com/help/all-topics?locale=en&_set_bev_on_new_domain=1751960147_EAZWI5NzYyNzVjZj,Content loaded in current page context,1,Cancellation options,"Cancellation options: Skip to content
Help Center
– home page
Search
Suggestions will show after typing in the search input. Use the up and down arrows to review. Use enter to select. If the selection is a phrase, that phrase will be submitted to search. If the suggestion is a link, the browser will navigate to that page.
Home
All topics
Your reservations
Cancellations
Major Disruptive Events Policy
Community policy
Major Disruptive Events Policy
In this article
Overview
What events are covered
What happens if a reservation is impacted by a covered Event
What is not covered
How this policy affects hosts
Other things to be aware of
Overview

In general, cancellations and refunds for Airbnb reservations are governed by the listing’s cancellation policy. In the rare circumstances that large-scale events prevent or legally prohibit completion of a reservation, the Major Disruptive Events Policy (the “Policy”) may apply. When this Policy applies, guests can cancel their reservation and receive a refund, travel credit, and/or other consideration regardless of the reservation’s cancellation policy, and hosts can cancel without fees or other adverse consequences, although their listing’s calendar will be blocked for the dates of the canceled reservation.

This Policy applies to reservations for homes, services, and experiences and is applicable to reservations that are ongoing or that have a check-in on or after the effective date, except as otherwise notified by Airbnb to users. The Major Disruptive Events Policy is not an insurance policy.

What events are covered

The following events are covered under this Policy if they impact your reservation location, occur after the time of booking, and prevent or legally prohibit completion of a future or ongoing reservation (referred to in this Policy as “Events”):

Declared public health emergencies and epidemics. Government-declared epidemics, pandemics, and public health emergencies. This does not include diseases that are endemic (for example, the flu) or commonly associated with an area (for example, malaria in Thailand). COVID-19 is not covered under this Major Disruptive Events Policy.

Government travel restrictions. Mandatory travel restrictions imposed by a governmental agency, such as an evacuation order or shelter-in-place order. This does not include non-binding travel advisories and similar government guidance.

Military actions and other hostilities. Acts of war, hostilities, invasions, civil war, terrorism, explosions, bombings, rebellions, riots, and insurrection.

Large-scale outages of essential utilities. Prolonged outages of essential utilities, such as heat, water, and electricity, impacting the vast majority of homes in a given location.

Unforeseeable natural disasters and severe weather events. Unforeseeable natural disasters, like earthquakes and tsunamis, and unforeseeable severe weather events, like tornadoes. This does not include events that are foreseeable for a given location, as described further below.

What happens if a reservation is impacted by a covered Event

When a large-scale event occurs, we assess the situation to determine whether the Major Disruptive Events Policy applies. If it does, we activate the Policy for the impacted area and timeframe where we anticipate that the Event will prevent or legally prohibit completion of reservations. Reservations outside of the defined area and timeframe may not be eligible, though hosts may still be able to cancel without adverse consequences if they are unable to host. We continuously monitor these situations and adjust coverage as needed to reflect changing conditions. If you believe this Policy applies to your reservation, please contact us to inquire about eligibility.

What is not covered

We understand that other circumstances outside of your control may disrupt your plans. In any situations not listed above, your reservation remains subject to the host’s cancellation policy for the listing.

Examples of common events not covered by this policy include:

Events that impact a guest or their ability to travel, but not the reservation location
Unexpected injury or illness
Government obligations like jury duty or court appearances
Non-binding travel advisories or other government guidance that fall short of a travel ban or prohibition
Cancellation or rescheduling of an event for which the reservation was made
Transportation disruptions such as airline insolvency, flight cancellations, transportation strikes, and road closures due to maintenance
Weather or natural conditions that are common enough to be foreseeable in a given location, such as hurricanes in Florida during hurricane season or winter weather in the northern hemisphere during winter months—unless the event triggers a covered Event that prevents completion of the reservation, such as government-issued mandatory travel restrictions

For reservations not covered by this Policy, we encourage guests and hosts to find a mutually acceptable arrangement, such as a full or partial refund or an alteration of the booking dates. Note that any refunds outside of the reservation’s cancellation policy are at the host’s discretion. Airbnb does not take part in or guarantee such refunds.

How this policy affects hosts

If a reservation is covered by the Major Disruptive Events Policy, hosts can cancel without fees or other adverse consequences. If a host cancels under this policy, their listing’s calendar will be blocked for the dates of the canceled reservation. If a reservation is canceled under this Policy, the host does not receive a payout for the canceled dates of the reservation, or, if the payout has already been made, the refunded amount will be withheld from the next payout(s).

Regardless of whether a reservation is covered by this Policy, hosts can cancel for certain valid reasons, such as major damage to a listing, without fees or other adverse consequences. Hosts are obligated to cancel a reservation if their listing is uninhabitable or is inconsistent with what the guest booked. Failure to do so may result in listing suspension, cancellation of existing reservations, and refunds to guests until the listing is habitable and consistent with the listing description. This also violates our Ground rules for hosts, and can lead to consequences up to and including account removal.

Other things to be aware of

This Policy does not limit your rights under local regulations, and any decisions made by Airbnb under this Policy do not affect your statutory rights.

Did this article help?
Yes
No
Related articles
How-to • Guest
Canceling a trip due to a Major Disruptive Event
If you need to cancel because a large-scale event at your destination prevents completion of your reservation, we can help.
Community policy • Home host
Host Cancellation Policy for homes
Because cancellations can disrupt guests' plans and impact confidence in the Airbnb community, there are penalties applied for Host cancellations.
How-to • Guest
Find the cancellation policy for any home, service, or experience
Here’s where to find the cancellation policy for any home, service, or experience.
Get help with your reservations, account, and more.
Log in or sign up
Site Footer
Support
Help Center
AirCover
Anti-discrimination
Disability support
Cancellation options
Report neighborhood concern
Hosting
Airbnb your home
AirCover for Hosts
Hosting resources
Community forum
Hosting responsibly
Airbnb-friendly apartments
Join a free Hosting class
Find a co‑host
Airbnb
2025 Summer Release
Newsroom
New features
Careers
Investors
Gift cards
Airbnb.org emergency stays
Footer section
© 2025 Airbnb, Inc.·Terms·Sitemap·Privacy·Your Privacy Choices
English (US)
€
EUR",2025-07-08T11:20:03.749Z,
travel-admin,Airbnb for Work basics,Experience host,https://www.airbnb.com/help/all-topics?locale=en&_set_bev_on_new_domain=1751960147_EAZWI5NzYyNzVjZj,Content loaded in current page context,1,Cancellation options,"Cancellation options: Skip to content
Help Center
– home page
Search
Suggestions will show after typing in the search input. Use the up and down arrows to review. Use enter to select. If the selection is a phrase, that phrase will be submitted to search. If the suggestion is a link, the browser will navigate to that page.
Home
All topics
Your reservations
Cancellations
Major Disruptive Events Policy
Community policy
Major Disruptive Events Policy
In this article
Overview
What events are covered
What happens if a reservation is impacted by a covered Event
What is not covered
How this policy affects hosts
Other things to be aware of
Overview

In general, cancellations and refunds for Airbnb reservations are governed by the listing’s cancellation policy. In the rare circumstances that large-scale events prevent or legally prohibit completion of a reservation, the Major Disruptive Events Policy (the “Policy”) may apply. When this Policy applies, guests can cancel their reservation and receive a refund, travel credit, and/or other consideration regardless of the reservation’s cancellation policy, and hosts can cancel without fees or other adverse consequences, although their listing’s calendar will be blocked for the dates of the canceled reservation.

This Policy applies to reservations for homes, services, and experiences and is applicable to reservations that are ongoing or that have a check-in on or after the effective date, except as otherwise notified by Airbnb to users. The Major Disruptive Events Policy is not an insurance policy.

What events are covered

The following events are covered under this Policy if they impact your reservation location, occur after the time of booking, and prevent or legally prohibit completion of a future or ongoing reservation (referred to in this Policy as “Events”):

Declared public health emergencies and epidemics. Government-declared epidemics, pandemics, and public health emergencies. This does not include diseases that are endemic (for example, the flu) or commonly associated with an area (for example, malaria in Thailand). COVID-19 is not covered under this Major Disruptive Events Policy.

Government travel restrictions. Mandatory travel restrictions imposed by a governmental agency, such as an evacuation order or shelter-in-place order. This does not include non-binding travel advisories and similar government guidance.

Military actions and other hostilities. Acts of war, hostilities, invasions, civil war, terrorism, explosions, bombings, rebellions, riots, and insurrection.

Large-scale outages of essential utilities. Prolonged outages of essential utilities, such as heat, water, and electricity, impacting the vast majority of homes in a given location.

Unforeseeable natural disasters and severe weather events. Unforeseeable natural disasters, like earthquakes and tsunamis, and unforeseeable severe weather events, like tornadoes. This does not include events that are foreseeable for a given location, as described further below.

What happens if a reservation is impacted by a covered Event

When a large-scale event occurs, we assess the situation to determine whether the Major Disruptive Events Policy applies. If it does, we activate the Policy for the impacted area and timeframe where we anticipate that the Event will prevent or legally prohibit completion of reservations. Reservations outside of the defined area and timeframe may not be eligible, though hosts may still be able to cancel without adverse consequences if they are unable to host. We continuously monitor these situations and adjust coverage as needed to reflect changing conditions. If you believe this Policy applies to your reservation, please contact us to inquire about eligibility.

What is not covered

We understand that other circumstances outside of your control may disrupt your plans. In any situations not listed above, your reservation remains subject to the host’s cancellation policy for the listing.

Examples of common events not covered by this policy include:

Events that impact a guest or their ability to travel, but not the reservation location
Unexpected injury or illness
Government obligations like jury duty or court appearances
Non-binding travel advisories or other government guidance that fall short of a travel ban or prohibition
Cancellation or rescheduling of an event for which the reservation was made
Transportation disruptions such as airline insolvency, flight cancellations, transportation strikes, and road closures due to maintenance
Weather or natural conditions that are common enough to be foreseeable in a given location, such as hurricanes in Florida during hurricane season or winter weather in the northern hemisphere during winter months—unless the event triggers a covered Event that prevents completion of the reservation, such as government-issued mandatory travel restrictions

For reservations not covered by this Policy, we encourage guests and hosts to find a mutually acceptable arrangement, such as a full or partial refund or an alteration of the booking dates. Note that any refunds outside of the reservation’s cancellation policy are at the host’s discretion. Airbnb does not take part in or guarantee such refunds.

How this policy affects hosts

If a reservation is covered by the Major Disruptive Events Policy, hosts can cancel without fees or other adverse consequences. If a host cancels under this policy, their listing’s calendar will be blocked for the dates of the canceled reservation. If a reservation is canceled under this Policy, the host does not receive a payout for the canceled dates of the reservation, or, if the payout has already been made, the refunded amount will be withheld from the next payout(s).

Regardless of whether a reservation is covered by this Policy, hosts can cancel for certain valid reasons, such as major damage to a listing, without fees or other adverse consequences. Hosts are obligated to cancel a reservation if their listing is uninhabitable or is inconsistent with what the guest booked. Failure to do so may result in listing suspension, cancellation of existing reservations, and refunds to guests until the listing is habitable and consistent with the listing description. This also violates our Ground rules for hosts, and can lead to consequences up to and including account removal.

Other things to be aware of

This Policy does not limit your rights under local regulations, and any decisions made by Airbnb under this Policy do not affect your statutory rights.

Did this article help?
Yes
No
Related articles
How-to • Guest
Canceling a trip due to a Major Disruptive Event
If you need to cancel because a large-scale event at your destination prevents completion of your reservation, we can help.
Community policy • Home host
Host Cancellation Policy for homes
Because cancellations can disrupt guests' plans and impact confidence in the Airbnb community, there are penalties applied for Host cancellations.
How-to • Guest
Find the cancellation policy for any home, service, or experience
Here’s where to find the cancellation policy for any home, service, or experience.
Get help with your reservations, account, and more.
Log in or sign up
Site Footer
Support
Help Center
AirCover
Anti-discrimination
Disability support
Cancellation options
Report neighborhood concern
Hosting
Airbnb your home
AirCover for Hosts
Hosting resources
Community forum
Hosting responsibly
Airbnb-friendly apartments
Join a free Hosting class
Find a co‑host
Airbnb
2025 Summer Release
Newsroom
New features
Careers
Investors
Gift cards
Airbnb.org emergency stays
Footer section
© 2025 Airbnb, Inc.·Terms·Sitemap·Privacy·Your Privacy Choices
English (US)
€
EUR",2025-07-08T11:20:16.897Z,
travel-admin,Airbnb for Work basics,Service host,https://www.airbnb.com/help/all-topics?locale=en&_set_bev_on_new_domain=1751960147_EAZWI5NzYyNzVjZj,Content loaded in current page context,1,Cancellation options,"Cancellation options: Skip to content
Help Center
– home page
Search
Suggestions will show after typing in the search input. Use the up and down arrows to review. Use enter to select. If the selection is a phrase, that phrase will be submitted to search. If the suggestion is a link, the browser will navigate to that page.
Home
All topics
Your reservations
Cancellations
Major Disruptive Events Policy
Community policy
Major Disruptive Events Policy
In this article
Overview
What events are covered
What happens if a reservation is impacted by a covered Event
What is not covered
How this policy affects hosts
Other things to be aware of
Overview

In general, cancellations and refunds for Airbnb reservations are governed by the listing’s cancellation policy. In the rare circumstances that large-scale events prevent or legally prohibit completion of a reservation, the Major Disruptive Events Policy (the “Policy”) may apply. When this Policy applies, guests can cancel their reservation and receive a refund, travel credit, and/or other consideration regardless of the reservation’s cancellation policy, and hosts can cancel without fees or other adverse consequences, although their listing’s calendar will be blocked for the dates of the canceled reservation.

This Policy applies to reservations for homes, services, and experiences and is applicable to reservations that are ongoing or that have a check-in on or after the effective date, except as otherwise notified by Airbnb to users. The Major Disruptive Events Policy is not an insurance policy.

What events are covered

The following events are covered under this Policy if they impact your reservation location, occur after the time of booking, and prevent or legally prohibit completion of a future or ongoing reservation (referred to in this Policy as “Events”):

Declared public health emergencies and epidemics. Government-declared epidemics, pandemics, and public health emergencies. This does not include diseases that are endemic (for example, the flu) or commonly associated with an area (for example, malaria in Thailand). COVID-19 is not covered under this Major Disruptive Events Policy.

Government travel restrictions. Mandatory travel restrictions imposed by a governmental agency, such as an evacuation order or shelter-in-place order. This does not include non-binding travel advisories and similar government guidance.

Military actions and other hostilities. Acts of war, hostilities, invasions, civil war, terrorism, explosions, bombings, rebellions, riots, and insurrection.

Large-scale outages of essential utilities. Prolonged outages of essential utilities, such as heat, water, and electricity, impacting the vast majority of homes in a given location.

Unforeseeable natural disasters and severe weather events. Unforeseeable natural disasters, like earthquakes and tsunamis, and unforeseeable severe weather events, like tornadoes. This does not include events that are foreseeable for a given location, as described further below.

What happens if a reservation is impacted by a covered Event

When a large-scale event occurs, we assess the situation to determine whether the Major Disruptive Events Policy applies. If it does, we activate the Policy for the impacted area and timeframe where we anticipate that the Event will prevent or legally prohibit completion of reservations. Reservations outside of the defined area and timeframe may not be eligible, though hosts may still be able to cancel without adverse consequences if they are unable to host. We continuously monitor these situations and adjust coverage as needed to reflect changing conditions. If you believe this Policy applies to your reservation, please contact us to inquire about eligibility.

What is not covered

We understand that other circumstances outside of your control may disrupt your plans. In any situations not listed above, your reservation remains subject to the host’s cancellation policy for the listing.

Examples of common events not covered by this policy include:

Events that impact a guest or their ability to travel, but not the reservation location
Unexpected injury or illness
Government obligations like jury duty or court appearances
Non-binding travel advisories or other government guidance that fall short of a travel ban or prohibition
Cancellation or rescheduling of an event for which the reservation was made
Transportation disruptions such as airline insolvency, flight cancellations, transportation strikes, and road closures due to maintenance
Weather or natural conditions that are common enough to be foreseeable in a given location, such as hurricanes in Florida during hurricane season or winter weather in the northern hemisphere during winter months—unless the event triggers a covered Event that prevents completion of the reservation, such as government-issued mandatory travel restrictions

For reservations not covered by this Policy, we encourage guests and hosts to find a mutually acceptable arrangement, such as a full or partial refund or an alteration of the booking dates. Note that any refunds outside of the reservation’s cancellation policy are at the host’s discretion. Airbnb does not take part in or guarantee such refunds.

How this policy affects hosts

If a reservation is covered by the Major Disruptive Events Policy, hosts can cancel without fees or other adverse consequences. If a host cancels under this policy, their listing’s calendar will be blocked for the dates of the canceled reservation. If a reservation is canceled under this Policy, the host does not receive a payout for the canceled dates of the reservation, or, if the payout has already been made, the refunded amount will be withheld from the next payout(s).

Regardless of whether a reservation is covered by this Policy, hosts can cancel for certain valid reasons, such as major damage to a listing, without fees or other adverse consequences. Hosts are obligated to cancel a reservation if their listing is uninhabitable or is inconsistent with what the guest booked. Failure to do so may result in listing suspension, cancellation of existing reservations, and refunds to guests until the listing is habitable and consistent with the listing description. This also violates our Ground rules for hosts, and can lead to consequences up to and including account removal.

Other things to be aware of

This Policy does not limit your rights under local regulations, and any decisions made by Airbnb under this Policy do not affect your statutory rights.

Did this article help?
Yes
No
Related articles
How-to • Huésped
Canceling a trip due to a Major Disruptive Event
If you need to cancel because a large-scale event at your destination prevents completion of your reservation, we can help.
Community policy • Home host
Host Cancellation Policy for homes
Because cancellations can disrupt guests' plans and impact confidence in the Airbnb community, there are penalties applied for Host cancellations.
How-to • Guest
Find the cancellation policy for any home, service, or experience
Here’s where to find the cancellation policy for any home, service, or experience.
Get help with your reservations, account, and more.
Log in or sign up
Site Footer
Support
Help Center
AirCover
Anti-discrimination
Disability support
Cancellation options
Report neighborhood concern
Hosting
Airbnb your home
AirCover for Hosts
Hosting resources
Community forum
Hosting responsibly
Airbnb-friendly apartments
Join a free Hosting class
Find a co‑host
Airbnb
2025 Summer Release
Newsroom
New features
Careers
Investors
Gift cards
Airbnb.org emergency stays
Footer section
© 2025 Airbnb, Inc.·Terms·Sitemap·Privacy·Your Privacy Choices
English (US)
€
EUR",2025-07-08T11:20:29.987Z,
travel-admin,Airbnb for Work basics,Travel admin,https://www.airbnb.com/help/all-topics?locale=en&_set_bev_on_new_domain=1751960147_EAZWI5NzYyNzVjZj,Content loaded in current page context,1,Cancellation options,"Cancellation options: Skip to content
Help Center
– home page
Search
Suggestions will show after typing in the search input. Use the up and down arrows to review. Use enter to select. If the selection is a phrase, that phrase will be submitted to search. If the suggestion is a link, the browser will navigate to that page.
Home
All topics
Your reservations
Cancellations
Major Disruptive Events Policy
Community policy
Major Disruptive Events Policy
In this article
Overview
What events are covered
What happens if a reservation is impacted by a covered Event
What is not covered
How this policy affects hosts
Other things to be aware of
Overview

In general, cancellations and refunds for Airbnb reservations are governed by the listing’s cancellation policy. In the rare circumstances that large-scale events prevent or legally prohibit completion of a reservation, the Major Disruptive Events Policy (the “Policy”) may apply. When this Policy applies, guests can cancel their reservation and receive a refund, travel credit, and/or other consideration regardless of the reservation’s cancellation policy, and hosts can cancel without fees or other adverse consequences, although their listing’s calendar will be blocked for the dates of the canceled reservation.

This Policy applies to reservations for homes, services, and experiences and is applicable to reservations that are ongoing or that have a check-in on or after the effective date, except as otherwise notified by Airbnb to users. The Major Disruptive Events Policy is not an insurance policy.

What events are covered

The following events are covered under this Policy if they impact your reservation location, occur after the time of booking, and prevent or legally prohibit completion of a future or ongoing reservation (referred to in this Policy as “Events”):

Declared public health emergencies and epidemics. Government-declared epidemics, pandemics, and public health emergencies. This does not include diseases that are endemic (for example, the flu) or commonly associated with an area (for example, malaria in Thailand). COVID-19 is not covered under this Major Disruptive Events Policy.

Government travel restrictions. Mandatory travel restrictions imposed by a governmental agency, such as an evacuation order or shelter-in-place order. This does not include non-binding travel advisories and similar government guidance.

Military actions and other hostilities. Acts of war, hostilities, invasions, civil war, terrorism, explosions, bombings, rebellions, riots, and insurrection.

Large-scale outages of essential utilities. Prolonged outages of essential utilities, such as heat, water, and electricity, impacting the vast majority of homes in a given location.

Unforeseeable natural disasters and severe weather events. Unforeseeable natural disasters, like earthquakes and tsunamis, and unforeseeable severe weather events, like tornadoes. This does not include events that are foreseeable for a given location, as described further below.

What happens if a reservation is impacted by a covered Event

When a large-scale event occurs, we assess the situation to determine whether the Major Disruptive Events Policy applies. If it does, we activate the Policy for the impacted area and timeframe where we anticipate that the Event will prevent or legally prohibit completion of reservations. Reservations outside of the defined area and timeframe may not be eligible, though hosts may still be able to cancel without adverse consequences if they are unable to host. We continuously monitor these situations and adjust coverage as needed to reflect changing conditions. If you believe this Policy applies to your reservation, please contact us to inquire about eligibility.

What is not covered

We understand that other circumstances outside of your control may disrupt your plans. In any situations not listed above, your reservation remains subject to the host’s cancellation policy for the listing.

Examples of common events not covered by this policy include:

Events that impact a guest or their ability to travel, but not the reservation location
Unexpected injury or illness
Government obligations like jury duty or court appearances
Non-binding travel advisories or other government guidance that fall short of a travel ban or prohibition
Cancellation or rescheduling of an event for which the reservation was made
Transportation disruptions such as airline insolvency, flight cancellations, transportation strikes, and road closures due to maintenance
Weather or natural conditions that are common enough to be foreseeable in a given location, such as hurricanes in Florida during hurricane season or winter weather in the northern hemisphere during winter months—unless the event triggers a covered Event that prevents completion of the reservation, such as government-issued mandatory travel restrictions

For reservations not covered by this Policy, we encourage guests and hosts to find a mutually acceptable arrangement, such as a full or partial refund or an alteration of the booking dates. Note that any refunds outside of the reservation’s cancellation policy are at the host’s discretion. Airbnb does not take part in or guarantee such refunds.

How this policy affects hosts

If a reservation is covered by the Major Disruptive Events Policy, hosts can cancel without fees or other adverse consequences. If a host cancels under this policy, their listing’s calendar will be blocked for the dates of the canceled reservation. If a reservation is canceled under this Policy, the host does not receive a payout for the canceled dates of the reservation, or, if the payout has already been made, the refunded amount will be withheld from the next payout(s).

Regardless of whether a reservation is covered by this Policy, hosts can cancel for certain valid reasons, such as major damage to a listing, without fees or other adverse consequences. Hosts are obligated to cancel a reservation if their listing is uninhabitable or is inconsistent with what the guest booked. Failure to do so may result in listing suspension, cancellation of existing reservations, and refunds to guests until the listing is habitable and consistent with the listing description. This also violates our Ground rules for hosts, and can lead to consequences up to and including account removal.

Other things to be aware of

This Policy does not limit your rights under local regulations, and any decisions made by Airbnb under this Policy do not affect your statutory rights.

Did this article help?
Yes
No
Related articles
How-to • Guest
Canceling a trip due to a Major Disruptive Event
If you need to cancel because a large-scale event at your destination prevents completion of your reservation, we can help.
Community policy • Home host
Host Cancellation Policy for homes
Because cancellations can disrupt guests' plans and impact confidence in the Airbnb community, there are penalties applied for Host cancellations.
How-to • Guest
Find the cancellation policy for any home, service, or experience
Here’s where to find the cancellation policy for any home, service, or experience.
Get help with your reservations, account, and more.
Log in or sign up
Site Footer
Support
Help Center
AirCover
Anti-discrimination
Disability support
Cancellation options
Report neighborhood concern
Hosting
Airbnb your home
AirCover for Hosts
Hosting resources
Community forum
Hosting responsibly
Airbnb-friendly apartments
Join a free Hosting class
Find a co‑host
Airbnb
2025 Summer Release
Newsroom
New features
Careers
Investors
Gift cards
Airbnb.org emergency stays
Footer section
© 2025 Airbnb, Inc.·Terms·Sitemap·Privacy·Your Privacy Choices
English (US)
€
EUR",2025-07-08T11:20:43.221Z,
travel-admin,Airbnb for Work basics,Airbnb for Work basics,https://www.airbnb.com/help/topic/1554,"Skip to content
Help Center
– home page
Search
Suggestions will show after typing in the search input. Use the up and down arrows to review. Use enter to select. If the selection is a phrase, that phrase will be submitted to search. If the suggestion is a link, the browser will navigate to that page.
Home
All topics
Airbnb for Work basics
Airbnb for Work basics
Airbnb for Work basics
How-to
About Airbnb for Work
Book and manage work trips for your employees, and use our tools to help manage business travel.
Related topics
Signing up
Site Footer
Support
Help Center
AirCover
Anti-discrimination
Disability support
Cancellation options
Report neighborhood concern
Hosting
Airbnb your home
AirCover for Hosts
Hosting resources
Community forum
Hosting responsibly
Airbnb-friendly apartments
Join a free Hosting class
Find a co‑host
Airbnb
2025 Summer Release
Newsroom
New features
Careers
Investors
Gift cards
Airbnb.org emergency stays
Footer section
© 2025 Airbnb, Inc.·Terms·Sitemap·Privacy·Your Privacy Choices
English (US)
€
EUR",2,About Airbnb for Work | Cancellation options,"About Airbnb for Work: Skip to content
Help Center
– home page
Search
Suggestions will show after typing in the search input. Use the up and down arrows to review. Use enter to select. If the selection is a phrase, that phrase will be submitted to search. If the suggestion is a link, the browser will navigate to that page.
Home
All topics
Airbnb for Work basics
Airbnb for Work basics
About Airbnb for Work
How-to
About Airbnb for Work

Arranging accommodation for business trips is a cinch with Airbnb for Work, which puts a worldwide selection of homes and boutique hotels along with a suite of helpful tools right at your fingertips.

In this article
What you get
How to enroll
What you get
A free Airbnb for Work admin dashboard—making it easier to book, manage, and accurately report on company trips
Price alerts and payment groups to help manage company travel spending
How to enroll

If you’re in charge of booking travel, learn how to sign up your company. If your organization already has an Airbnb for Work account, find out how to join it.

Did this article help?
Yes
No
Related articles
How-to • Travel admin
Access and get to know your Airbnb for Work dashboard
The Airbnb for Work dashboard is split up into many tabs such as Trips, Reporting, Invoices, and People.
How-to • Guest
Add business travel details to your reservation
You can add or remove work travel info on your reservation. Your receipt won't show any info that's added after the reservation is confirmed.
How-to • Misafir
Mark a booking as an Airbnb for Work business trip
You can identify a reservation as a business trip by selecting “Is this a work trip?” during checkout.
Get help with your reservations, account, and more.
Log in or sign up
Site Footer
Support
Help Center
AirCover
Anti-discrimination
Disability support
Cancellation options
Report neighborhood concern
Hosting
Airbnb your home
AirCover for Hosts
Hosting resources
Community forum
Hosting responsibly
Airbnb-friendly apartments
Join a free Hosting class
Find a co‑host
Airbnb
2025 Summer Release
Newsroom
New features
Careers
Investors
Gift cards
Airbnb.org emergency stays
Footer section
© 2025 Airbnb, Inc.·Terms·Sitemap·Privacy·Your Privacy Choices
English (US)
€
EUR | Cancellation options: Skip to content
Help Center
– home page
Search
Suggestions will show after typing in the search input. Use the up and down arrows to review. Use enter to select. If the selection is a phrase, that phrase will be submitted to search. If the suggestion is a link, the browser will navigate to that page.
Home
All topics
Your reservations
Cancellations
Major Disruptive Events Policy
Community policy
Major Disruptive Events Policy
In this article
Overview
What events are covered
What happens if a reservation is impacted by a covered Event
What is not covered
How this policy affects hosts
Other things to be aware of
Overview

In general, cancellations and refunds for Airbnb reservations are governed by the listing’s cancellation policy. In the rare circumstances that large-scale events prevent or legally prohibit completion of a reservation, the Major Disruptive Events Policy (the “Policy”) may apply. When this Policy applies, guests can cancel their reservation and receive a refund, travel credit, and/or other consideration regardless of the reservation’s cancellation policy, and hosts can cancel without fees or other adverse consequences, although their listing’s calendar will be blocked for the dates of the canceled reservation.

This Policy applies to reservations for homes, services, and experiences and is applicable to reservations that are ongoing or that have a check-in on or after the effective date, except as otherwise notified by Airbnb to users. The Major Disruptive Events Policy is not an insurance policy.

What events are covered

The following events are covered under this Policy if they impact your reservation location, occur after the time of booking, and prevent or legally prohibit completion of a future or ongoing reservation (referred to in this Policy as “Events”):

Declared public health emergencies and epidemics. Government-declared epidemics, pandemics, and public health emergencies. This does not include diseases that are endemic (for example, the flu) or commonly associated with an area (for example, malaria in Thailand). COVID-19 is not covered under this Major Disruptive Events Policy.

Government travel restrictions. Mandatory travel restrictions imposed by a governmental agency, such as an evacuation order or shelter-in-place order. This does not include non-binding travel advisories and similar government guidance.

Military actions and other hostilities. Acts of war, hostilities, invasions, civil war, terrorism, explosions, bombings, rebellions, riots, and insurrection.

Large-scale outages of essential utilities. Prolonged outages of essential utilities, such as heat, water, and electricity, impacting the vast majority of homes in a given location.

Unforeseeable natural disasters and severe weather events. Unforeseeable natural disasters, like earthquakes and tsunamis, and unforeseeable severe weather events, like tornadoes. This does not include events that are foreseeable for a given location, as described further below.

What happens if a reservation is impacted by a covered Event

When a large-scale event occurs, we assess the situation to determine whether the Major Disruptive Events Policy applies. If it does, we activate the Policy for the impacted area and timeframe where we anticipate that the Event will prevent or legally prohibit completion of reservations. Reservations outside of the defined area and timeframe may not be eligible, though hosts may still be able to cancel without adverse consequences if they are unable to host. We continuously monitor these situations and adjust coverage as needed to reflect changing conditions. If you believe this Policy applies to your reservation, please contact us to inquire about eligibility.

What is not covered

We understand that other circumstances outside of your control may disrupt your plans. In any situations not listed above, your reservation remains subject to the host’s cancellation policy for the listing.

Examples of common events not covered by this policy include:

Events that impact a guest or their ability to travel, but not the reservation location
Unexpected injury or illness
Government obligations like jury duty or court appearances
Non-binding travel advisories or other government guidance that fall short of a travel ban or prohibition
Cancellation or rescheduling of an event for which the reservation was made
Transportation disruptions such as airline insolvency, flight cancellations, transportation strikes, and road closures due to maintenance
Weather or natural conditions that are common enough to be foreseeable in a given location, such as hurricanes in Florida during hurricane season or winter weather in the northern hemisphere during winter months—unless the event triggers a covered Event that prevents completion of the reservation, such as government-issued mandatory travel restrictions

For reservations not covered by this Policy, we encourage guests and hosts to find a mutually acceptable arrangement, such as a full or partial refund or an alteration of the booking dates. Note that any refunds outside of the reservation’s cancellation policy are at the host’s discretion. Airbnb does not take part in or guarantee such refunds.

How this policy affects hosts

If a reservation is covered by the Major Disruptive Events Policy, hosts can cancel without fees or other adverse consequences. If a host cancels under this policy, their listing’s calendar will be blocked for the dates of the canceled reservation. If a reservation is canceled under this Policy, the host does not receive a payout for the canceled dates of the reservation, or, if the payout has already been made, the refunded amount will be withheld from the next payout(s).

Regardless of whether a reservation is covered by this Policy, hosts can cancel for certain valid reasons, such as major damage to a listing, without fees or other adverse consequences. Hosts are obligated to cancel a reservation if their listing is uninhabitable or is inconsistent with what the guest booked. Failure to do so may result in listing suspension, cancellation of existing reservations, and refunds to guests until the listing is habitable and consistent with the listing description. This also violates our Ground rules for hosts, and can lead to consequences up to and including account removal.

Other things to be aware of

This Policy does not limit your rights under local regulations, and any decisions made by Airbnb under this Policy do not affect your statutory rights.

Did this article help?
Yes
No
Related articles
How-to • Guest
Canceling a trip due to a Major Disruptive Event
If you need to cancel because a large-scale event at your destination prevents completion of your reservation, we can help.
Community policy • Home host
Host Cancellation Policy for homes
Because cancellations can disrupt guests' plans and impact confidence in the Airbnb community, there are penalties applied for Host cancellations.
How-to • Guest
Find the cancellation policy for any home, service, or experience
Here’s where to find the cancellation policy for any home, service, or experience.
Get help with your reservations, account, and more.
Log in or sign up
Site Footer
Support
Help Center
AirCover
Anti-discrimination
Disability support
Cancellation options
Report neighborhood concern
Hosting
Airbnb your home
AirCover for Hosts
Hosting resources
Community forum
Hosting responsibly
Airbnb-friendly apartments
Join a free Hosting class
Find a co‑host
Airbnb
2025 Summer Release
Newsroom
New features
Careers
Investors
Gift cards
Airbnb.org emergency stays
Footer section
© 2025 Airbnb, Inc.·Terms·Sitemap·Privacy·Your Privacy Choices
English (US)
€
EUR",2025-07-08T11:20:59.463Z,
travel-admin,Airbnb for Work basics,Signing up,https://www.airbnb.com/help/topic/1555,"Skip to content
Help Center
– home page
Search
Suggestions will show after typing in the search input. Use the up and down arrows to review. Use enter to select. If the selection is a phrase, that phrase will be submitted to search. If the suggestion is a link, the browser will navigate to that page.
Home
All topics
Airbnb for Work basics
Signing up
Signing up
How-to • Travel admin
Sign your company up for Airbnb for Work
To enroll your company in Airbnb for Work, fill out our contact form.
Related topics
Airbnb for Work basics
Site Footer
Support
Help Center
AirCover
Anti-discrimination
Disability support
Cancellation options
Report neighborhood concern
Hosting
Airbnb your home
AirCover for Hosts
Hosting resources
Community forum
Hosting responsibly
Airbnb-friendly apartments
Join a free Hosting class
Find a co‑host
Airbnb
2025 Summer Release
Newsroom
New features
Careers
Investors
Gift cards
Airbnb.org emergency stays
Footer section
© 2025 Airbnb, Inc.·Terms·Sitemap·Privacy·Your Privacy Choices
English (US)
€
EUR",2,Sign your company up for Airbnb for Work | Cancellation options,"Sign your company up for Airbnb for Work: Skip to content
Help Center
– home page
Search
Suggestions will show after typing in the search input. Use the up and down arrows to review. Use enter to select. If the selection is a phrase, that phrase will be submitted to search. If the suggestion is a link, the browser will navigate to that page.
Home
All topics
Airbnb for Work basics
Signing up
Sign your company up for Airbnb for Work
How-to • Travel admin
Sign your company up for Airbnb for Work

Joining Airbnb for Work makes it easy to book and manage company travel, with access to listings around the world for short or extended business travel. If you manage your employer's travel or human resources department, you can enroll your company in Airbnb for Work.

In this article
Enroll your company
Set up your company's account
Add employees to your company's account
Add an admin or trip planner
Enroll your company

First, fill out the contact form. Our team will determine if your company qualifies for a corporate account.

Set up your company's account

Next, you’ll need to confirm your email address. When you do, you’ll get access to a free Airbnb for Work dashboard where you can complete tasks like adding your company’s credit card. This gives your employees an easy way to pay for any work trips they book on Airbnb.

After you’ve signed your company up for Airbnb for Work, you’ll be able to access your company’s dashboard from your personal Airbnb account.

Add employees to your company's account

Your unique Airbnb for Work invite page makes it easy for you to invite your employees. After they sign up, they can book places to stay for work trips.

Add an admin or trip planner

Once your employee accepts the invitation and is on board, you can change their role and give them more responsibilities, like making them an admin or a trip planner. Only employees designated as admins or trip planners can access your company’s dashboard. Travel admins have a different dashboard view than trip planners.

Did this article help?
Yes
No
Related articles
How-to
Join your company’s Airbnb for Work account
Join your employer's Airbnb for Work account to streamline your business travel.
How-to • Home host
Joining Airbnb as a company or managing company info on an account
We welcome listings hosted by professional hospitality providers on Airbnb, including hotels that meet our criteria.
Rules
Andalusia
If you're thinking about becoming an Airbnb Host, here's some information to help you understand the laws in your city
Get help with your reservations, account, and more.
Log in or sign up
Site Footer
Support
Help Center
AirCover
Anti-discrimination
Disability support
Cancellation options
Report neighborhood concern
Hosting
Airbnb your home
AirCover for Hosts
Hosting resources
Community forum
Hosting responsibly
Airbnb-friendly apartments
Join a free Hosting class
Find a co‑host
Airbnb
2025 Summer Release
Newsroom
New features
Careers
Investors
Gift cards
Airbnb.org emergency stays
Footer section
© 2025 Airbnb, Inc.·Terms·Sitemap·Privacy·Your Privacy Choices
English (US)
€
EUR | Cancellation options: Skip to content
Help Center
– home page
Search
Suggestions will show after typing in the search input. Use the up and down arrows to review. Use enter to select. If the selection is a phrase, that phrase will be submitted to search. If the suggestion is a link, the browser will navigate to that page.
Home
All topics
Your reservations
Cancellations
Major Disruptive Events Policy
Community policy
Major Disruptive Events Policy
In this article
Overview
What events are covered
What happens if a reservation is impacted by a covered Event
What is not covered
How this policy affects hosts
Other things to be aware of
Overview

In general, cancellations and refunds for Airbnb reservations are governed by the listing’s cancellation policy. In the rare circumstances that large-scale events prevent or legally prohibit completion of a reservation, the Major Disruptive Events Policy (the “Policy”) may apply. When this Policy applies, guests can cancel their reservation and receive a refund, travel credit, and/or other consideration regardless of the reservation’s cancellation policy, and hosts can cancel without fees or other adverse consequences, although their listing’s calendar will be blocked for the dates of the canceled reservation.

This Policy applies to reservations for homes, services, and experiences and is applicable to reservations that are ongoing or that have a check-in on or after the effective date, except as otherwise notified by Airbnb to users. The Major Disruptive Events Policy is not an insurance policy.

What events are covered

The following events are covered under this Policy if they impact your reservation location, occur after the time of booking, and prevent or legally prohibit completion of a future or ongoing reservation (referred to in this Policy as “Events”):

Declared public health emergencies and epidemics. Government-declared epidemics, pandemics, and public health emergencies. This does not include diseases that are endemic (for example, the flu) or commonly associated with an area (for example, malaria in Thailand). COVID-19 is not covered under this Major Disruptive Events Policy.

Government travel restrictions. Mandatory travel restrictions imposed by a governmental agency, such as an evacuation order or shelter-in-place order. This does not include non-binding travel advisories and similar government guidance.

Military actions and other hostilities. Acts of war, hostilities, invasions, civil war, terrorism, explosions, bombings, rebellions, riots, and insurrection.

Large-scale outages of essential utilities. Prolonged outages of essential utilities, such as heat, water, and electricity, impacting the vast majority of homes in a given location.

Unforeseeable natural disasters and severe weather events. Unforeseeable natural disasters, like earthquakes and tsunamis, and unforeseeable severe weather events, like tornadoes. This does not include events that are foreseeable for a given location, as described further below.

What happens if a reservation is impacted by a covered Event

When a large-scale event occurs, we assess the situation to determine whether the Major Disruptive Events Policy applies. If it does, we activate the Policy for the impacted area and timeframe where we anticipate that the Event will prevent or legally prohibit completion of reservations. Reservations outside of the defined area and timeframe may not be eligible, though hosts may still be able to cancel without adverse consequences if they are unable to host. We continuously monitor these situations and adjust coverage as needed to reflect changing conditions. If you believe this Policy applies to your reservation, please contact us to inquire about eligibility.

What is not covered

We understand that other circumstances outside of your control may disrupt your plans. In any situations not listed above, your reservation remains subject to the host’s cancellation policy for the listing.

Examples of common events not covered by this policy include:

Events that impact a guest or their ability to travel, but not the reservation location
Unexpected injury or illness
Government obligations like jury duty or court appearances
Non-binding travel advisories or other government guidance that fall short of a travel ban or prohibition
Cancellation or rescheduling of an event for which the reservation was made
Transportation disruptions such as airline insolvency, flight cancellations, transportation strikes, and road closures due to maintenance
Weather or natural conditions that are common enough to be foreseeable in a given location, such as hurricanes in Florida during hurricane season or winter weather in the northern hemisphere during winter months—unless the event triggers a covered Event that prevents completion of the reservation, such as government-issued mandatory travel restrictions

For reservations not covered by this Policy, we encourage guests and hosts to find a mutually acceptable arrangement, such as a full or partial refund or an alteration of the booking dates. Note that any refunds outside of the reservation’s cancellation policy are at the host’s discretion. Airbnb does not take part in or guarantee such refunds.

How this policy affects hosts

If a reservation is covered by the Major Disruptive Events Policy, hosts can cancel without fees or other adverse consequences. If a host cancels under this policy, their listing’s calendar will be blocked for the dates of the canceled reservation. If a reservation is canceled under this Policy, the host does not receive a payout for the canceled dates of the reservation, or, if the payout has already been made, the refunded amount will be withheld from the next payout(s).

Regardless of whether a reservation is covered by this Policy, hosts can cancel for certain valid reasons, such as major damage to a listing, without fees or other adverse consequences. Hosts are obligated to cancel a reservation if their listing is uninhabitable or is inconsistent with what the guest booked. Failure to do so may result in listing suspension, cancellation of existing reservations, and refunds to guests until the listing is habitable and consistent with the listing description. This also violates our Ground rules for hosts, and can lead to consequences up to and including account removal.

Other things to be aware of

This Policy does not limit your rights under local regulations, and any decisions made by Airbnb under this Policy do not affect your statutory rights.

Did this article help?
Yes
No
Related articles
How-to • Guest
Canceling a trip due to a Major Disruptive Event
If you need to cancel because a large-scale event at your destination prevents completion of your reservation, we can help.
Community policy • Home host
Host Cancellation Policy for homes
Because cancellations can disrupt guests' plans and impact confidence in the Airbnb community, there are penalties applied for Host cancellations.
How-to • Guest
Find the cancellation policy for any home, service, or experience
Here’s where to find the cancellation policy for any home, service, or experience.
Get help with your reservations, account, and more.
Log in or sign up
Site Footer
Support
Help Center
AirCover
Anti-discrimination
Disability support
Cancellation options
Report neighborhood concern
Hosting
Airbnb your home
AirCover for Hosts
Hosting resources
Community forum
Hosting responsibly
Airbnb-friendly apartments
Join a free Hosting class
Find a co‑host
Airbnb
2025 Summer Release
Newsroom
New features
Careers
Investors
Gift cards
Airbnb.org emergency stays
Footer section
© 2025 Airbnb, Inc.·Terms·Sitemap·Privacy·Your Privacy Choices
English (US)
€
EUR",2025-07-08T11:21:15.622Z,
travel-admin,Airbnb for Work basics,Managing employees,https://www.airbnb.com/help/topic/1556,"Skip to content
Help Center
– home page
Search
Suggestions will show after typing in the search input. Use the up and down arrows to review. Use enter to select. If the selection is a phrase, that phrase will be submitted to search. If the suggestion is a link, the browser will navigate to that page.
Home
All topics
Your company's Airbnb for Work account
Managing employees
Managing employees
How-to • Travel admin
Invite employees to join Airbnb for Work
You can invite employees to join your company's Airbnb for Work program.
How-to • Travel admin
Remove an employee from your Airbnb for Work program
You can search for the employee and then remove them from the program via your Airbnb for Work dashboard.
How-to • Travel admin
What to do if you receive an alert that an employee’s Airbnb for Work email address is unconfirmed
You can review all unconfirmed email addresses and decide what action you need to take on your Airbnb for Work dashboard.
How-to • Travel admin
Designating Airbnb for Work employee roles
Access to the Airbnb for Work dashboard is managed through employee roles. Trip planners and admins have access to the dashboard. Travelers do not.
How-to • Travel admin
Set price alerts for Airbnb for Work employee bookings
If you’re an admin who manages your company's Airbnb for Work account, you can set price alerts for your employees' work travel bookings.
Related topics
Using the Airbnb for Work dashboard
Account settings
Site Footer
Support
Help Center
AirCover
Anti-discrimination
Disability support
Cancellation options
Report neighborhood concern
Hosting
Airbnb your home
AirCover for Hosts
Hosting resources
Community forum
Hosting responsibly
Airbnb-friendly apartments
Join a free Hosting class
Find a co‑host
Airbnb
2025 Summer Release
Newsroom
New features
Careers
Investors
Gift cards
Airbnb.org emergency stays
Footer section
© 2025 Airbnb, Inc.·Terms·Sitemap·Privacy·Your Privacy Choices
English (US)
€
EUR",3,Invite employees to join Airbnb for Work | Remove an employee from your Airbnb for Work program | What to do if you receive an alert that an employee’s Airbnb for Work email address is unconfirmed,"Invite employees to join Airbnb for Work: Skip to content
Help Center
– home page
Search
Suggestions will show after typing in the search input. Use the up and down arrows to review. Use enter to select. If the selection is a phrase, that phrase will be submitted to search. If the suggestion is a link, the browser will navigate to that page.
Home
All topics
Your company's Airbnb for Work account
Managing employees
Invite employees to join Airbnb for Work
How-to • Travel admin
Invite employees to join Airbnb for Work

If you’re a travel admin for your company’s Airbnb for Work account, you can invite employees with a company email address to join your program. After they sign up, they can book places to stay for work trips.

In this article
Invite employees to join Airbnb for Work
Invite employees to join teams
How employees can pay
Changing employee roles
Invite employees to join Airbnb for Work
Desktop
iOS app
Android app
Mobile browser
Invite employees to join Airbnb for Work on desktop
Click Profile > Company dashboard
Click People
Click Invite
Click Copy to copy a unique invite link that you can share with your employees

Once an employee successfully signs up, they'll be listed under People in your Airbnb for Work dashboard.

Invite employees to join teams

You can also invite employees to join specific teams and designate shared payment methods.

First set up a team within your Airbnb for Work account. Then:

Desktop
iOS app
Android app
Mobile browser
Invite employees to join teams on desktop
Click Profile > Company dashboard
Click People
Click Teams
Find the team you want, then click Add people
Click Copy to copy a unique invite link that you can share with your employees
How employees can pay

Employees who sign up can pay for their business trips using their own payment methods, unless you or another travel admin assigns them to a central payment method.

If you add a payment method for a specific team, members will be able to use it to pay for their business trips.

Changing employee roles

New employees can request to be a travel admin or trip planner on the dashboard when they join. If they do, we’ll send you an email letting you know. You can also update an employee's role at any time on their dashboard profile page.

Did this article help?
Yes
No
Related articles
How-to • Travel admin
Designating Airbnb for Work employee roles
Access to the Airbnb for Work dashboard is managed through employee roles. Trip planners and admins have access to the dashboard. Travelers do not.
How-to • Travel admin
How do I set up a team with a separate payment method for my company?
Travel admins can create teams of travelers and assign a name and payment method to each team right from the Airbnb for Work dashboard.
How-to
Link or unlink your work email address with your personal Airbnb account
You can add or delete your work email in your profile.
Get help with your reservations, account, and more.
Log in or sign up
Site Footer
Support
Help Center
AirCover
Anti-discrimination
Disability support
Cancellation options
Report neighborhood concern
Hosting
Airbnb your home
AirCover for Hosts
Hosting resources
Community forum
Hosting responsibly
Airbnb-friendly apartments
Join a free Hosting class
Find a co‑host
Airbnb
2025 Summer Release
Newsroom
New features
Careers
Investors
Gift cards
Airbnb.org emergency stays
Footer section
© 2025 Airbnb, Inc.·Terms·Sitemap·Privacy·Your Privacy Choices
English (US)
€
EUR | Remove an employee from your Airbnb for Work program: Skip to content
Help Center
– home page
Search
Suggestions will show after typing in the search input. Use the up and down arrows to review. Use enter to select. If the selection is a phrase, that phrase will be submitted to search. If the suggestion is a link, the browser will navigate to that page.
Home
All topics
Your company's Airbnb for Work account
Managing employees
Remove an employee from your Airbnb for Work program
How-to • Travel admin
Remove an employee from your Airbnb for Work program

It’s easy to remove an employee from your Airbnb for Work program. You can handle it all from your dashboard.

In this article
Remove an employee from your Airbnb for Work program
Remove a former employee from your Airbnb for Work program
Remove a former employee with an active trip
What happens after you send the request
Remove an employee from your Airbnb for Work program
Desktop
iOS app
Android app
Mobile browser
Remove an employee on desktop
Click Profile > Company dashboard
Search for employee name, or browse the employee list
Select employee and click Remove employee
Click Confirm

Remove a former employee from your Airbnb for Work program

If a former employee with an unconfirmed email address doesn't have any active work trips, you can immediately remove them from your Airbnb for Work program.

Desktop
iOS app
Android app
Mobile browser
Remove a former employee on desktop
Click Profile > Company dashboard
Click Pending actions, then click Unconfirmed employees
Select employee and click Remove
From the alert message on their profile, click Remove and they'll be removed immediately
Remove a former employee with an active trip
Desktop
iOS app
Android app
Mobile browser
Remove a former employee with an active trip on desktop
Click Profile > Company dashboard
Click Pending actions, then click Unconfirmed employees
Select employee and click Review
Click Request to remove
Add a note to your cancellation request, then click Send request
What happens after you send the request

Our Community Support team will reach out to you once they've reviewed your cancellation request. The cancellation is subject to that listing’s cancellation policy.

If they have an active work trip booked with a company payment method, find out more about canceling their trip and removing them from your program.

Did this article help?
Yes
No
Related articles
How-to • Travel admin
Add a company email domain to your Airbnb for Work account
As a travel admin, you can make your company’s Airbnb for Work program accessible to employees who have a verified email address ending in one of your company’s domains.
How-to • Guest
Use wishlists to save listings
You can add to or delete your favorites anytime. Sharing it with the people you want to travel with allows them to add to it too.
How-to • Home host
Informing guests about security devices
Transparency helps build trust and set clear expectations between hosts and guests. By disclosing security cameras, recording devices, and noise decibel monitors hosts can help ensure guests know what to expect during their stay.
Get help with your reservations, account, and more.
Log in or sign up
Site Footer
Support
Help Center
AirCover
Anti-discrimination
Disability support
Cancellation options
Report neighborhood concern
Hosting
Airbnb your home
AirCover for Hosts
Hosting resources
Community forum
Hosting responsibly
Airbnb-friendly apartments
Join a free Hosting class
Find a co‑host
Airbnb
2025 Summer Release
Newsroom
New features
Careers
Investors
Gift cards
Airbnb.org emergency stays
Footer section
© 2025 Airbnb, Inc.·Terms·Sitemap·Privacy·Your Privacy Choices
English (US)
€
EUR | What to do if you receive an alert that an employee’s Airbnb for Work email address is unconfirmed: Skip to content
Help Center
– home page
Search
Suggestions will show after typing in the search input. Use the up and down arrows to review. Use enter to select. If the selection is a phrase, that phrase will be submitted to search. If the suggestion is a link, the browser will navigate to that page.
Home
All topics
Your company's Airbnb for Work account
Managing employees
What to do if you receive an alert that an employee’s Airbnb for Work email address is unconfirmed
How-to • Travel admin
What to do if you receive an alert that an employee’s Airbnb for Work email address is unconfirmed

When an employee leaves your company, the work email address associated with their Airbnb account may no longer accept incoming emails. If we receive a bounced email from one of your travelers, we’ll notify you. You can then review any reservations they've charged to your company and take action where necessary.

Sometimes there are situations where an employee’s email address might change due to a marital name change, branding changes, etc. In this case, they may still be a valid member of your Airbnb for Work program, so double-check before removing them from your dashboard.

In this article
Review employees whose work email addresses are unconfirmed
How to cancel a former employee’s trip or remove them from the program
Review employees whose work email addresses are unconfirmed
Desktop
iOS app
Android app
Mobile browser
Review employees on desktop
Click Profile > Company dashboard
Under Pending actions, click Unconfirmed employees
Click Review next to the employee you want to review
How to cancel a former employee’s trip or remove them from the program

Find out how to cancel a former employee’s trip or remove a former employee from your Airbnb for Work program.

Did this article help?
Yes
No
Related articles
How-to
Join your company’s Airbnb for Work account
Join your employer's Airbnb for Work account to streamline your business travel.
Rules
Add your VAT ID number
If you have a VAT ID number, you can associate it with your Airbnb account. You can make changes in your account settings.
Rules • Home host
Tax data sharing under DAC7
DAC7 applies to any Host who, for consideration, rents an accommodation or provides experiences.
Get help with your reservations, account, and more.
Log in or sign up
Site Footer
Support
Help Center
AirCover
Anti-discrimination
Disability support
Cancellation options
Report neighborhood concern
Hosting
Airbnb your home
AirCover for Hosts
Hosting resources
Community forum
Hosting responsibly
Airbnb-friendly apartments
Join a free Hosting class
Find a co‑host
Airbnb
2025 Summer Release
Newsroom
New features
Careers
Investors
Gift cards
Airbnb.org emergency stays
Footer section
© 2025 Airbnb, Inc.·Terms·Sitemap·Privacy·Your Privacy Choices
English (US)
€
EUR",2025-07-08T11:21:34.928Z,
travel-admin,Airbnb for Work basics,Using the Airbnb for Work dashboard,https://www.airbnb.com/help/topic/1402,"Skip to content
Help Center
– home page
Search
Suggestions will show after typing in the search input. Use the up and down arrows to review. Use enter to select. If the selection is a phrase, that phrase will be submitted to search. If the suggestion is a link, the browser will navigate to that page.
Home
All topics
Your company's Airbnb for Work account
Using the Airbnb for Work dashboard
Using the Airbnb for Work dashboard
How-to • Travel admin
Access and get to know your Airbnb for Work dashboard
The Airbnb for Work dashboard is split up into many tabs such as Trips, Reporting, Invoices, and People.
How-to • Travel admin
Designating Airbnb for Work employee roles
Access to the Airbnb for Work dashboard is managed through employee roles. Trip planners and admins have access to the dashboard. Travelers do not.
Related topics
Managing employees
Account settings
Site Footer
Support
Help Center
AirCover
Anti-discrimination
Disability support
Cancellation options
Report neighborhood concern
Hosting
Airbnb your home
AirCover for Hosts
Hosting resources
Community forum
Hosting responsibly
Airbnb-friendly apartments
Join a free Hosting class
Find a co‑host
Airbnb
2025 Summer Release
Newsroom
New features
Careers
Investors
Gift cards
Airbnb.org emergency stays
Footer section
© 2025 Airbnb, Inc.·Terms·Sitemap·Privacy·Your Privacy Choices
English (US)
€
EUR",3,Access and get to know your Airbnb for Work dashboard | Designating Airbnb for Work employee roles | Cancellation options,"Access and get to know your Airbnb for Work dashboard: Skip to content
Help Center
– home page
Search
Suggestions will show after typing in the search input. Use the up and down arrows to review. Use enter to select. If the selection is a phrase, that phrase will be submitted to search. If the suggestion is a link, the browser will navigate to that page.
Home
All topics
Your company's Airbnb for Work account
Using the Airbnb for Work dashboard
Access and get to know your Airbnb for Work dashboard
How-to • Travel admin
Access and get to know your Airbnb for Work dashboard

Airbnb for Work admins and trip planners have access to a convenient dashboard to help organize business travel.

In this article
Access your Airbnb for Work dashboard
Explore your Airbnb for Work dashboard
How the dashboard is different for travel admins and trip planners
Access your Airbnb for Work dashboard

You’ll find your Airbnb for Work dashboard on your desktop by clicking your profile photo and then selecting Company dashboard from the dropdown. The Airbnb for Work dashboard is not available on mobile browser or in the Airbnb app.

Explore your Airbnb for Work dashboard
Trips

Get an overview of employees’ active, confirmed, and completed trips, as well as trips that may need attention. For each trip you’ll find traveler name(s), destination details, trip dates, and status.

Reporting

Filter by the number of nights booked, total amount spent, and average daily rate across your company. You can also export CSV reports from this page.

Invoices

You can review invoices for your traveler groups. Each item will include the invoice number, date, due date, and amount due.

Booking alerts

Set alerts for accommodation quality, types of places, and price and choose the frequency and price alert subscriptions for your notifications.

Programs

Create programs that allow your employees to benefit from Airbnb credits that they can use for whatever they want.

People

Browse and manage the employee accounts that are linked to your company. You can also invite employees to your program from this page.

Settings

Create the settings you want for account, invoice profiles, payment, employee access, notifications, and travel partners.

Pending actions

Review action items that need attention such as confirming employees and rejecting or confirming team requests.

How the dashboard is different for travel admins and trip planners

Travel admins and trip planners have different dashboard views. Admins have access to all tabs, while trip planners have access to fewer tabs and can only get details about the reservations they’ve booked. Business travelers don’t have access to any dashboard.

Did this article help?
Yes
No
Related articles
How-to • Travel admin
Designating Airbnb for Work employee roles
Access to the Airbnb for Work dashboard is managed through employee roles. Trip planners and admins have access to the dashboard. Travelers do not.
How-to • Travel admin
Set up a company credit card for Airbnb for Work
If you're using Airbnb for Work, employees of your company can charge their travel to a shared company credit card.
How-to • Travel admin
How do I set up a team with a separate payment method for my company?
Travel admins can create teams of travelers and assign a name and payment method to each team right from the Airbnb for Work dashboard.
Get help with your reservations, account, and more.
Log in or sign up
Site Footer
Support
Help Center
AirCover
Anti-discrimination
Disability support
Cancellation options
Report neighborhood concern
Hosting
Airbnb your home
AirCover for Hosts
Hosting resources
Community forum
Hosting responsibly
Airbnb-friendly apartments
Join a free Hosting class
Find a co‑host
Airbnb
2025 Summer Release
Newsroom
New features
Careers
Investors
Gift cards
Airbnb.org emergency stays
Footer section
© 2025 Airbnb, Inc.·Terms·Sitemap·Privacy·Your Privacy Choices
English (US)
€
EUR | Designating Airbnb for Work employee roles: Skip to content
Help Center
– home page
Search
Suggestions will show after typing in the search input. Use the up and down arrows to review. Use enter to select. If the selection is a phrase, that phrase will be submitted to search. If the suggestion is a link, the browser will navigate to that page.
Home
All topics
Your company's Airbnb for Work account
Managing employees
Designating Airbnb for Work employee roles
How-to • Travel admin
Designating Airbnb for Work employee roles

To grant employees the right access to Airbnb for Work, admins will first need to assign them one of these roles: Traveler, trip planner, or admin. Trip planners and admins have access to a dashboard with different views, while travelers don’t have access to the dashboard at all. Only admins can change roles.

Note: Airbnb for Work integrations are not currently available. Learn more about the sharing of personal information by reading our Privacy Policy.

In this article
Types of employee roles
Designate employee roles
Approve employee role changes
Types of employee roles
Travelers: Employees who are travelers can book business stays using their own payment method or by charging directly to their company if it has central billing enabled. An employee can also make a reservation request on behalf of another traveler, which the traveler can either accept or deny.
Trip planners: Employees who are trip planners have limited access to the dashboard and can only get details about the reservations they’ve booked. They can book stays on behalf of others who have authorized them to do so.
Admins: Employees who are admins have the most access and can do the most from the dashboard. Admins can download spending reports, add payment methods, and more.
Designate employee roles
Desktop
iOS app
Android app
Mobile browser
Update an employee's role on desktop
Click Profile > Company dashboard
Click People
Search for employee name, or browse the employee list
Select employee and click Change role
Select the desired role, then click Update

The employee's role will be updated immediately, and they'll get an email letting them know about the change.

Approve employee role changes

If an employee submits a request to change their role, you can approve or reject it from your dashboard.

Desktop
iOS app
Android app
Mobile browser
Approve employee role changes on desktop
Click Profile > Company dashboard
Click Notifications
Click Role requests to review pending requests
Did this article help?
Yes
No
Related articles
How-to • Travel admin
Invite employees to join Airbnb for Work
You can invite employees to join your company's Airbnb for Work program.
How-to • Travel admin
How do I set up a team with a separate payment method for my company?
Travel admins can create teams of travelers and assign a name and payment method to each team right from the Airbnb for Work dashboard.
How-to • Travel admin
Access and get to know your Airbnb for Work dashboard
The Airbnb for Work dashboard is split up into many tabs such as Trips, Reporting, Invoices, and People.
Get help with your reservations, account, and more.
Log in or sign up
Site Footer
Support
Help Center
AirCover
Anti-discrimination
Disability support
Cancellation options
Report neighborhood concern
Hosting
Airbnb your home
AirCover for Hosts
Hosting resources
Community forum
Hosting responsibly
Airbnb-friendly apartments
Join a free Hosting class
Find a co‑host
Airbnb
2025 Summer Release
Newsroom
New features
Careers
Investors
Gift cards
Airbnb.org emergency stays
Footer section
© 2025 Airbnb, Inc.·Terms·Sitemap·Privacy·Your Privacy Choices
English (US)
€
EUR | Cancellation options: Skip to content
Help Center
– home page
Search
Suggestions will show after typing in the search input. Use the up and down arrows to review. Use enter to select. If the selection is a phrase, that phrase will be submitted to search. If the suggestion is a link, the browser will navigate to that page.
Home
All topics
Your reservations
Cancellations
Major Disruptive Events Policy
Community policy
Major Disruptive Events Policy
In this article
Overview
What events are covered
What happens if a reservation is impacted by a covered Event
What is not covered
How this policy affects hosts
Other things to be aware of
Overview

In general, cancellations and refunds for Airbnb reservations are governed by the listing’s cancellation policy. In the rare circumstances that large-scale events prevent or legally prohibit completion of a reservation, the Major Disruptive Events Policy (the “Policy”) may apply. When this Policy applies, guests can cancel their reservation and receive a refund, travel credit, and/or other consideration regardless of the reservation’s cancellation policy, and hosts can cancel without fees or other adverse consequences, although their listing’s calendar will be blocked for the dates of the canceled reservation.

This Policy applies to reservations for homes, services, and experiences and is applicable to reservations that are ongoing or that have a check-in on or after the effective date, except as otherwise notified by Airbnb to users. The Major Disruptive Events Policy is not an insurance policy.

What events are covered

The following events are covered under this Policy if they impact your reservation location, occur after the time of booking, and prevent or legally prohibit completion of a future or ongoing reservation (referred to in this Policy as “Events”):

Declared public health emergencies and epidemics. Government-declared epidemics, pandemics, and public health emergencies. This does not include diseases that are endemic (for example, the flu) or commonly associated with an area (for example, malaria in Thailand). COVID-19 is not covered under this Major Disruptive Events Policy.

Government travel restrictions. Mandatory travel restrictions imposed by a governmental agency, such as an evacuation order or shelter-in-place order. This does not include non-binding travel advisories and similar government guidance.

Military actions and other hostilities. Acts of war, hostilities, invasions, civil war, terrorism, explosions, bombings, rebellions, riots, and insurrection.

Large-scale outages of essential utilities. Prolonged outages of essential utilities, such as heat, water, and electricity, impacting the vast majority of homes in a given location.

Unforeseeable natural disasters and severe weather events. Unforeseeable natural disasters, like earthquakes and tsunamis, and unforeseeable severe weather events, like tornadoes. This does not include events that are foreseeable for a given location, as described further below.

What happens if a reservation is impacted by a covered Event

When a large-scale event occurs, we assess the situation to determine whether the Major Disruptive Events Policy applies. If it does, we activate the Policy for the impacted area and timeframe where we anticipate that the Event will prevent or legally prohibit completion of reservations. Reservations outside of the defined area and timeframe may not be eligible, though hosts may still be able to cancel without adverse consequences if they are unable to host. We continuously monitor these situations and adjust coverage as needed to reflect changing conditions. If you believe this Policy applies to your reservation, please contact us to inquire about eligibility.

What is not covered

We understand that other circumstances outside of your control may disrupt your plans. In any situations not listed above, your reservation remains subject to the host’s cancellation policy for the listing.

Examples of common events not covered by this policy include:

Events that impact a guest or their ability to travel, but not the reservation location
Unexpected injury or illness
Government obligations like jury duty or court appearances
Non-binding travel advisories or other government guidance that fall short of a travel ban or prohibition
Cancellation or rescheduling of an event for which the reservation was made
Transportation disruptions such as airline insolvency, flight cancellations, transportation strikes, and road closures due to maintenance
Weather or natural conditions that are common enough to be foreseeable in a given location, such as hurricanes in Florida during hurricane season or winter weather in the northern hemisphere during winter months—unless the event triggers a covered Event that prevents completion of the reservation, such as government-issued mandatory travel restrictions

For reservations not covered by this Policy, we encourage guests and hosts to find a mutually acceptable arrangement, such as a full or partial refund or an alteration of the booking dates. Note that any refunds outside of the reservation’s cancellation policy are at the host’s discretion. Airbnb does not take part in or guarantee such refunds.

How this policy affects hosts

If a reservation is covered by the Major Disruptive Events Policy, hosts can cancel without fees or other adverse consequences. If a host cancels under this policy, their listing’s calendar will be blocked for the dates of the canceled reservation. If a reservation is canceled under this Policy, the host does not receive a payout for the canceled dates of the reservation, or, if the payout has already been made, the refunded amount will be withheld from the next payout(s).

Regardless of whether a reservation is covered by this Policy, hosts can cancel for certain valid reasons, such as major damage to a listing, without fees or other adverse consequences. Hosts are obligated to cancel a reservation if their listing is uninhabitable or is inconsistent with what the guest booked. Failure to do so may result in listing suspension, cancellation of existing reservations, and refunds to guests until the listing is habitable and consistent with the listing description. This also violates our Ground rules for hosts, and can lead to consequences up to and including account removal.

Other things to be aware of

This Policy does not limit your rights under local regulations, and any decisions made by Airbnb under this Policy do not affect your statutory rights.

Did this article help?
Yes
No
Related articles
How-to • Hosť
Canceling a trip due to a Major Disruptive Event
If you need to cancel because a large-scale event at your destination prevents completion of your reservation, we can help.
Community policy • Home host
Host Cancellation Policy for homes
Because cancellations can disrupt guests' plans and impact confidence in the Airbnb community, there are penalties applied for Host cancellations.
How-to • Guest
Find the cancellation policy for any home, service, or experience
Here’s where to find the cancellation policy for any home, service, or experience.
Get help with your reservations, account, and more.
Log in or sign up
Site Footer
Support
Help Center
AirCover
Anti-discrimination
Disability support
Cancellation options
Report neighborhood concern
Hosting
Airbnb your home
AirCover for Hosts
Hosting resources
Community forum
Hosting responsibly
Airbnb-friendly apartments
Join a free Hosting class
Find a co‑host
Airbnb
2025 Summer Release
Newsroom
New features
Careers
Investors
Gift cards
Airbnb.org emergency stays
Footer section
© 2025 Airbnb, Inc.·Terms·Sitemap·Privacy·Your Privacy Choices
English (US)
€
EUR",2025-07-08T11:21:54.291Z,
travel-admin,Airbnb for Work basics,Account settings,https://www.airbnb.com/help/topic/1557,"Skip to content
Help Center
– home page
Search
Suggestions will show after typing in the search input. Use the up and down arrows to review. Use enter to select. If the selection is a phrase, that phrase will be submitted to search. If the suggestion is a link, the browser will navigate to that page.
Home
All topics
Your company's Airbnb for Work account
Account settings
Account settings
How-to • Travel admin
Add a company email domain to your Airbnb for Work account
As a travel admin, you can make your company’s Airbnb for Work program accessible to employees who have a verified email address ending in one of your company’s domains.
How-to • Travel admin
Manage the frequency of your Airbnb for Work email notifications
You can change how often you receive email notifications for employee requests and reservations from Airbnb for Work.
How-to • Travel admin
Set price alerts for Airbnb for Work employee bookings
If you’re an admin who manages your company's Airbnb for Work account, you can set price alerts for your employees' work travel bookings.
Related topics
Managing employees
Using the Airbnb for Work dashboard
Site Footer
Support
Help Center
AirCover
Anti-discrimination
Disability support
Cancellation options
Report neighborhood concern
Hosting
Airbnb your home
AirCover for Hosts
Hosting resources
Community forum
Hosting responsibly
Airbnb-friendly apartments
Join a free Hosting class
Find a co‑host
Airbnb
2025 Summer Release
Newsroom
New features
Careers
Investors
Gift cards
Airbnb.org emergency stays
Footer section
© 2025 Airbnb, Inc.·Terms·Sitemap·Privacy·Your Privacy Choices
English (US)
€
EUR",3,Add a company email domain to your Airbnb for Work account | Manage the frequency of your Airbnb for Work email notifications | Set price alerts for Airbnb for Work employee bookings,"Add a company email domain to your Airbnb for Work account: Skip to content
Help Center
– home page
Search
Suggestions will show after typing in the search input. Use the up and down arrows to review. Use enter to select. If the selection is a phrase, that phrase will be submitted to search. If the suggestion is a link, the browser will navigate to that page.
Home
All topics
Your company's Airbnb for Work account
Account settings
Add a company email domain to your Airbnb for Work account
How-to • Travel admin
Add a company email domain to your Airbnb for Work account

As a travel admin, you can make your company’s Airbnb for Work program accessible to employees who have a verified email address ending in one of your company’s domains.

In this article
Add a company email domain to your Airbnb for Work account
Verify the domain
Add a company email domain to your Airbnb for Work account
Desktop
iOS app
Android app
Mobile browser
Add a company email domain on desktop
Click Profile > Company dashboard
Click Settings
Click Employee access
Click Add new email domain
Enter a new domain for your company, then click Add email



Verify the domain

You’ll need to verify the email domain by entering an email address you have access to that has this domain. Enter this email address, and then click Send Email. You’ll receive an email with instructions for verifying the domain.

Did this article help?
Yes
No
Related articles
How-to • Travel admin
Remove an employee from your Airbnb for Work program
You can search for the employee and then remove them from the program via your Airbnb for Work dashboard.
How-to • Guest
Use wishlists to save listings
You can add to or delete your favorites anytime. Sharing it with the people you want to travel with allows them to add to it too.
How-to • Home host
Informing guests about security devices
Transparency helps build trust and set clear expectations between hosts and guests. By disclosing security cameras, recording devices, and noise decibel monitors hosts can help ensure guests know what to expect during their stay.
Get help with your reservations, account, and more.
Log in or sign up
Site Footer
Support
Help Center
AirCover
Anti-discrimination
Disability support
Cancellation options
Report neighborhood concern
Hosting
Airbnb your home
AirCover for Hosts
Hosting resources
Community forum
Hosting responsibly
Airbnb-friendly apartments
Join a free Hosting class
Find a co‑host
Airbnb
2025 Summer Release
Newsroom
New features
Careers
Investors
Gift cards
Airbnb.org emergency stays
Footer section
© 2025 Airbnb, Inc.·Terms·Sitemap·Privacy·Your Privacy Choices
English (US)
€
EUR | Manage the frequency of your Airbnb for Work email notifications: Skip to content
Help Center
– home page
Search
Suggestions will show after typing in the search input. Use the up and down arrows to review. Use enter to select. If the selection is a phrase, that phrase will be submitted to search. If the suggestion is a link, the browser will navigate to that page.
Home
All topics
Your company's Airbnb for Work account
Account settings
Manage the frequency of your Airbnb for Work email notifications
How-to • Travel admin
Manage the frequency of your Airbnb for Work email notifications

You can change how often you receive email notifications for employee requests and reservations from Airbnb for Work.

In this article
Manage your Airbnb for Work email notifications
Manage your Airbnb for Work email notifications
Desktop
iOS app
Android app
Mobile browser
Manage your email notifications on desktop
Click Profile > Company dashboard
Click Settings
Click Notifications
Click the dropdown to select the notification frequency for pending employee requests and booking rules
Click Employee reservations to receive reservation receipts by email
Did this article help?
Yes
No
Related articles
How-to • Host
Payouts by Fast Pay
Fast Pay is a quick and flexible option for getting your earnings. You can opt in or out anytime, depending on your needs.
How-to • Host
What it means when a payout method is “not available”
If a payout method available in the past is no longer supported, it’s usually because of changes to local laws or regulations for your country or region.
How-to • Host
How to use PayPal for payouts
If PayPal appears as an option for your selected country, you'll be able to connect your existing PayPal account as a payout method.
Get help with your reservations, account, and more.
Log in or sign up
Site Footer
Support
Help Center
AirCover
Anti-discrimination
Disability support
Cancellation options
Report neighborhood concern
Hosting
Airbnb your home
AirCover for Hosts
Hosting resources
Community forum
Hosting responsibly
Airbnb-friendly apartments
Join a free Hosting class
Find a co‑host
Airbnb
2025 Summer Release
Newsroom
New features
Careers
Investors
Gift cards
Airbnb.org emergency stays
Footer section
© 2025 Airbnb, Inc.·Terms·Sitemap·Privacy·Your Privacy Choices
English (US)
€
EUR | Set price alerts for Airbnb for Work employee bookings: Skip to content
Help Center
– home page
Search
Suggestions will show after typing in the search input. Use the up and down arrows to review. Use enter to select. If the selection is a phrase, that phrase will be submitted to search. If the suggestion is a link, the browser will navigate to that page.
Home
All topics
Your company's Airbnb for Work account
Managing employees
Set price alerts for Airbnb for Work employee bookings
How-to • Travel admin
Set price alerts for Airbnb for Work employee bookings

If you’re a travel admin who manages your company's Airbnb for Work account, you can set price alerts for your employees' work travel bookings. Once set, you’ll receive an email whenever an employee books a work trip that exceeds the nightly rate of your choice.

In this article
Create a price alert for employee bookings
Create a price alert for a specific location
Change the nightly rate of your price alert for employee bookings
Other travel admins can use the price alerts you set
Create a price alert for employee bookings
Desktop
iOS app
Android app
Mobile browser
Create a price alert on desktop
Click Profile > Company dashboard
Click Booking alerts
Under Your notification preferences, set the frequency and subscriptions for price alerts
Next to Set alerts for price, click the dropdown
Click Edit
Enter a nightly rate amount, then click Save
Create a price alert for a specific location
Desktop
iOS app
Android app
Mobile browser
Create a price alert for a specific location on desktop
Click Profile > Company dashboard
Click Booking alerts
Next to Set alerts for price, click the dropdown
Under Location-specific alerts, click Add new location
Enter a nightly rate amount, then click Save
Change the nightly rate of your price alert for employee bookings
Desktop
iOS app
Android app
Mobile browser
Change the nightly rate on desktop
Click Profile > Company dashboard
Click Booking alerts
Next to Set alerts for price, click the dropdown
Click Edit
Enter a new nightly rate amount, then click Save




Other travel admins can use the price alerts you set

Additional travel admins at your company can also use the price alerts you create. They’ll need to opt in to receive them by checking the box next to each price alert in the Price Alerts section. If you delete alerts you create, they’ll also be deleted from any other admin accounts that use them.

Did this article help?
Yes
No
Get help with your reservations, account, and more.
Log in or sign up
Site Footer
Support
Help Center
AirCover
Anti-discrimination
Disability support
Cancellation options
Report neighborhood concern
Hosting
Airbnb your home
AirCover for Hosts
Hosting resources
Community forum
Hosting responsibly
Airbnb-friendly apartments
Join a free Hosting class
Find a co‑host
Airbnb
2025 Summer Release
Newsroom
New features
Careers
Investors
Gift cards
Airbnb.org emergency stays
Footer section
© 2025 Airbnb, Inc.·Terms·Sitemap·Privacy·Your Privacy Choices
English (US)
€
EUR",2025-07-08T11:22:13.087Z,
travel-admin,Airbnb for Work basics,Booking travel for employees,https://www.airbnb.com/help/topic/1404,"Skip to content
Help Center
– home page
Search
Suggestions will show after typing in the search input. Use the up and down arrows to review. Use enter to select. If the selection is a phrase, that phrase will be submitted to search. If the suggestion is a link, the browser will navigate to that page.
Home
All topics
Booking and reservations
Booking travel for employees
Booking travel for employees
How-to • Travel admin
Can only trip planners make changes to the reservations they make for other people?
Yes, only trip planners can change or cancel a reservation for any booking they made.
How-to • Travel admin
Book Airbnb for Work trips for employees
Airbnb allows designated employees at companies enrolled in Airbnb for Work to book trips for colleagues.
How-to • Gost
Mark a booking as an Airbnb for Work business trip
You can identify a reservation as a business trip by selecting “Is this a work trip?” during checkout.
How-to • Travel admin
How do I search for Airbnb homes within Concur Travel?
If Airbnb is enabled as an option, stays can be searched for and booked from within Concur Travel.
Related topics
Managing reservations
Site Footer
Support
Help Center
AirCover
Anti-discrimination
Disability support
Cancellation options
Report neighborhood concern
Hosting
Airbnb your home
AirCover for Hosts
Hosting resources
Community forum
Hosting responsibly
Airbnb-friendly apartments
Join a free Hosting class
Find a co‑host
Airbnb
2025 Summer Release
Newsroom
New features
Careers
Investors
Gift cards
Airbnb.org emergency stays
Footer section
© 2025 Airbnb, Inc.·Terms·Sitemap·Privacy·Your Privacy Choices
English (US)
€
EUR",3,Can only trip planners make changes to the reservations they make for other people? | Book Airbnb for Work trips for employees | Mark a booking as an Airbnb for Work business trip,"Can only trip planners make changes to the reservations they make for other people?: Skip to content
Help Center
– home page
Search
Suggestions will show after typing in the search input. Use the up and down arrows to review. Use enter to select. If the selection is a phrase, that phrase will be submitted to search. If the suggestion is a link, the browser will navigate to that page.
Home
All topics
Booking and reservations
Booking travel for employees
Can only trip planners make changes to the reservations they make for other people?
How-to • Travel admin
Can only trip planners make changes to the reservations they make for other people?

Yes. Trip planners can change or cancel a reservation for any booking they made. Only the trip planner can request a change to one of their reservations (not the guests).

To make a change or cancel a reservation, go to the message thread with the host, and at the top of the message thread choose Change reservation or Cancel reservation.

In this article
For changes
For cancellations
For changes

Click or tap the Next button under Change reservation to start the process and indicate what needs to be changed. You can request to extend or shorten the trip, or add additional guests before check-in.

Once submitted, the host will need to accept the change request. If the host accepts the request, the reservation will be updated and the original payment method will be charged or refunded if necessary. If the request is declined, or you don’t receive a response, the reservation will stay the same.

For cancellations

Click or tap the Next button under Cancel reservation to start the cancellation process. We'll show the refund breakdown before you finalize the cancellation. Your refund will be determined by the host’s cancellation policy and will be refunded to the original payment method.

Did this article help?
Yes
No
Related articles
How-to • Travel admin
Book Airbnb for Work trips for employees
Airbnb allows designated employees at companies enrolled in Airbnb for Work to book trips for colleagues.
How-to
Self check-in
Guests can access the listing using a key lockbox, smartlock, keypad, or by getting a key, any time after the designated check-in time.
How-to • Anfitrión
When a guest doesn’t show up for a reservation
If your guest cancels or doesn't show up, we’ll uphold your cancellation policy and any payout will be released to you.
Get help with your reservations, account, and more.
Log in or sign up
Site Footer
Support
Help Center
AirCover
Anti-discrimination
Disability support
Cancellation options
Report neighborhood concern
Hosting
Airbnb your home
AirCover for Hosts
Hosting resources
Community forum
Hosting responsibly
Airbnb-friendly apartments
Join a free Hosting class
Find a co‑host
Airbnb
2025 Summer Release
Newsroom
New features
Careers
Investors
Gift cards
Airbnb.org emergency stays
Footer section
© 2025 Airbnb, Inc.·Terms·Sitemap·Privacy·Your Privacy Choices
English (US)
€
EUR | Book Airbnb for Work trips for employees: Skip to content
Help Center
– home page
Search
Suggestions will show after typing in the search input. Use the up and down arrows to review. Use enter to select. If the selection is a phrase, that phrase will be submitted to search. If the suggestion is a link, the browser will navigate to that page.
Home
All topics
Booking and reservations
Booking travel for employees
Book Airbnb for Work trips for employees
How-to • Travel admin
Book Airbnb for Work trips for employees

Once your company has joined Airbnb for Work, you can designate yourself as a business traveler and request reservations for your colleagues. We’ll send them an email inviting them to accept or deny the booking.

Travel admins or trip planners in your company can accept bookings for other employees.

In this article
Adding a trip planner
What happens after you book a stay for a colleague
Booking for guests without an Airbnb profile
Invite a colleague to book travel for you
Add travelers you want to book for
Adding a trip planner

As a travel admin, you can add a trip planner to make reservation requests and confirm trips for colleagues. Learn how to designate a trip planner.

What happens after you book a stay for a colleague

When you book a stay for someone else, you handle the reservation request, introductions, and payment—then transfer responsibility for the trip to the guest. Once a reservation is accepted, both you and the guest join the message thread with the host so you both receive all trip communications.

Booking for guests without an Airbnb profile

If you’re building a reservation for a guest who hasn’t created an Airbnb profile, you can still check out and pay. We’ll email the guest and guide them in both creating an Airbnb account and accepting your booking request. If you booked using a credit card, you may see a pre-authorization hold on your card while this process occurs. Once the reservation is confirmed, your payment method will be charged.

Invite a colleague to book travel for you

Trip planners can book business travel on your behalf using a company payment method.

First, be sure to add your work email address to your profile. When your colleague books for you, you’ll receive a notification about the requested reservation, which you can accept or deny.

Desktop
iOS app
Android app
Mobile browser
Invite a travel booker on desktop
Click Account
Click Travel for work
Next to Booking permissions, click Manage
Under People who can book trips for you, click Add a travel booker
Enter the email address of the person you'd like to invite, then click Send request

The person will receive an email invitation. When they accept your request, you'll receive an email confirmation.

Add travelers you want to book for
Desktop
iOS app
Android app
Mobile browser
Add travelers you want to book for on desktop
Click Account
Click Travel for work
Next to Booking permissions, click Manage
Under People you can book trips for, click Add a traveler
Enter the email address of the person you'd like to book travel for, then click Send request

The person will receive an email invitation. When they accept your request, you'll receive an email confirmation.

Did this article help?
Yes
No
Related articles
How-to • Travel admin
Can only trip planners make changes to the reservations they make for other people?
Yes, only trip planners can change or cancel a reservation for any booking they made.
How-to • Guest
Invite guests to your group reservation
Invite guests in your group to join your reservation. After joining, they'll have access to the reservation’s info and all messages with your host.
How-to • Guest
Booking for friends and family
Airbnb reservations for personal travel need to be booked by the person who's going to stay at the listing.
Get help with your reservations, account, and more.
Log in or sign up
Site Footer
Support
Help Center
AirCover
Anti-discrimination
Disability support
Cancellation options
Report neighborhood concern
Hosting
Airbnb your home
AirCover for Hosts
Hosting resources
Community forum
Hosting responsibly
Airbnb-friendly apartments
Join a free Hosting class
Find a co‑host
Airbnb
2025 Summer Release
Newsroom
New features
Careers
Investors
Gift cards
Airbnb.org emergency stays
Footer section
© 2025 Airbnb, Inc.·Terms·Sitemap·Privacy·Your Privacy Choices
English (US)
€
EUR | Mark a booking as an Airbnb for Work business trip: Skip to content
Help Center
– home page
Search
Suggestions will show after typing in the search input. Use the up and down arrows to review. Use enter to select. If the selection is a phrase, that phrase will be submitted to search. If the suggestion is a link, the browser will navigate to that page.
Home
All topics
Booking and reservations
Booking travel for employees
Mark a booking as an Airbnb for Work business trip
How-to • Guest
Mark a booking as an Airbnb for Work business trip

Love traveling with Airbnb? You can use us for business trips, too, through Airbnb for Work.

In this article
Mark a booking as a business trip
Undo marking a trip as a business trip
Mark a booking as a business trip

You can mark a booking as a business trip by selecting Is this a work trip? during checkout. This way, you can add trip notes that’ll be sent to the person who manages your company’s travel. This also gives permission for your reservation details to be sent to your company’s central dashboard and changes what payment options you’ll have access to. If you book with a personal payment method, you’ll get an expensable receipt from us in your work inbox. 

It’s also a good idea to share info about your trip in a message to your host. This will help them understand your business travel needs.

Undo marking a trip as a business trip

If you've already booked a trip and mistakenly marked it as a business trip, or vice versa, you can update it at any time by going to Trips and selecting or deselecting This is a business trip. You can only do this if you booked using a personal payment method.

If you mistakenly charged a business trip to your company, you'll need to cancel immediately to avoid cancellation fees and any compliance concerns for your organization.

Did this article help?
Yes
No
Related articles
How-to • Guest
Add business travel details to your reservation
You can add or remove work travel info on your reservation. Your receipt won't show any info that's added after the reservation is confirmed.
How-to
About Airbnb for Work
Book and manage work trips for your employees, and use our tools to help manage business travel.
How-to • Travel admin
Print or download receipts for Airbnb for Work business trips
Airbnb for Work admins can access and print receipts for their business travelers' completed trips from the dashboard.
Get help with your reservations, account, and more.
Log in or sign up
Site Footer
Support
Help Center
AirCover
Anti-discrimination
Disability support
Cancellation options
Report neighborhood concern
Hosting
Airbnb your home
AirCover for Hosts
Hosting resources
Community forum
Hosting responsibly
Airbnb-friendly apartments
Join a free Hosting class
Find a co‑host
Airbnb
2025 Summer Release
Newsroom
New features
Careers
Investors
Gift cards
Airbnb.org emergency stays
Footer section
© 2025 Airbnb, Inc.·Terms·Sitemap·Privacy·Your Privacy Choices
English (US)
€
EUR",2025-07-08T11:22:31.969Z,
travel-admin,Airbnb for Work basics,Managing reservations,https://www.airbnb.com/help/topic/1405,"Skip to content
Help Center
– home page
Search
Suggestions will show after typing in the search input. Use the up and down arrows to review. Use enter to select. If the selection is a phrase, that phrase will be submitted to search. If the suggestion is a link, the browser will navigate to that page.
Home
All topics
Booking and reservations
Managing reservations
Managing reservations
How-to • Travel admin
Canceling an Airbnb for Work trip booked by a former employee
You can do this in your Airbnb for Work dashboard. Our community support team will reach out to you once they have reviewed your cancellation request.
How-to • Travel admin
What to do if a host cancels an Airbnb for Work reservation
If the host cancels a reservation, we'll send the business traveler an email. They can rebook themselves, or the travel admin can rebook for them.
How-to • Travel admin
Find Airbnb for Work bookings that need attention
Any trips that require attention will be listed in your Airbnb for Work dashboard.
How-to • Travel admin
How messaging works when you use Airbnb for Work
Both the company's travel admin or trip planner and the business traveler will join the message thread with the host.
Related topics
Booking travel for employees
Site Footer
Support
Help Center
AirCover
Anti-discrimination
Disability support
Cancellation options
Report neighborhood concern
Hosting
Airbnb your home
AirCover for Hosts
Hosting resources
Community forum
Hosting responsibly
Airbnb-friendly apartments
Join a free Hosting class
Find a co‑host
Airbnb
2025 Summer Release
Newsroom
New features
Careers
Investors
Gift cards
Airbnb.org emergency stays
Footer section
© 2025 Airbnb, Inc.·Terms·Sitemap·Privacy·Your Privacy Choices
English (US)
€
EUR",3,Canceling an Airbnb for Work trip booked by a former employee | What to do if a host cancels an Airbnb for Work reservation | Find Airbnb for Work bookings that need attention,"Canceling an Airbnb for Work trip booked by a former employee: Skip to content
Help Center
– home page
Search
Suggestions will show after typing in the search input. Use the up and down arrows to review. Use enter to select. If the selection is a phrase, that phrase will be submitted to search. If the suggestion is a link, the browser will navigate to that page.
Home
All topics
Booking and reservations
Managing reservations
Canceling an Airbnb for Work trip booked by a former employee
How-to • Travel admin
Canceling an Airbnb for Work trip booked by a former employee

Airbnb for Work reservations that are associated with former employees with unconfirmed email addresses and charged to your company’s payment method can be canceled.

In this article
Cancel a former employee's trip
What happens next
Cancel a former employee's trip
Desktop
iOS app
Android app
Mobile browser
Cancel a former employee's trip on desktop
Click Profile > Company dashboard
Click Pending actions, then click Unconfirmed employees
Select employee and click Review
From the trip itinerary, click Request to cancel trip
Add a note to your cancellation request, then click Send request
What happens next

Our community support team will reach out to you once they've reviewed your cancellation request. The cancellation is subject to that listing’s cancellation policy.

If the traveler booked the trip using a personal payment method, you can remove them from your Airbnb for Work program altogether. This won’t cancel their trip, but will prevent them from booking future trips that are paid for by your company. Find out how to remove someone from your program.

Did this article help?
Yes
No
Related articles
How-to • Travel admin
What to do if a host cancels an Airbnb for Work reservation
If the host cancels a reservation, we'll send the business traveler an email. They can rebook themselves, or the travel admin can rebook for them.
How-to • Home host
Changing or canceling your guest’s home reservation within 24 hours of check-in or during their stay
If you need to cancel the remainder of a reservation, make sure you message your guest to let them know what’s going on, and then contact us for help.
How-to • Huésped
Canceling a trip due to a Major Disruptive Event
If you need to cancel because a large-scale event at your destination prevents completion of your reservation, we can help.
Get help with your reservations, account, and more.
Log in or sign up
Site Footer
Support
Help Center
AirCover
Anti-discrimination
Disability support
Cancellation options
Report neighborhood concern
Hosting
Airbnb your home
AirCover for Hosts
Hosting resources
Community forum
Hosting responsibly
Airbnb-friendly apartments
Join a free Hosting class
Find a co‑host
Airbnb
2025 Summer Release
Newsroom
New features
Careers
Investors
Gift cards
Airbnb.org emergency stays
Footer section
© 2025 Airbnb, Inc.·Terms·Sitemap·Privacy·Your Privacy Choices
English (US)
€
EUR | What to do if a host cancels an Airbnb for Work reservation: Skip to content
Help Center
– home page
Search
Suggestions will show after typing in the search input. Use the up and down arrows to review. Use enter to select. If the selection is a phrase, that phrase will be submitted to search. If the suggestion is a link, the browser will navigate to that page.
Home
All topics
Booking and reservations
Managing reservations
What to do if a host cancels an Airbnb for Work reservation
How-to • Travel admin
What to do if a host cancels an Airbnb for Work reservation

If a host cancels a business traveler's Airbnb for Work reservation, we'll send the traveler an email explaining the cancellation and any applicable refund. They can book a new place to stay, or ask their employer's travel admin to do it for them.

Admins can get details about the cancellation, contact Airbnb for support, or message the affected traveler, all from the traveler's itinerary.

In this article
Book a new Airbnb for Work reservation if a host cancels
Book a new Airbnb for Work reservation if a host cancels
Desktop
iOS app
Android app
Mobile browser
Book a new Airbnb for Work reservation on desktop
Click Profile > Company dashboard
Click Trips
If a trip has been canceled, it'll be displayed under Needs attention
Select the traveler and review their itinerary
Click Rebook now to be shown places that match the original booking dates, number of guests, and location
Did this article help?
Yes
No
Related articles
Rules
Tyrol
If you're thinking about becoming an Airbnb Host, here's some information to help you understand the laws in your city
Guide • Travel admin
Links to help you navigate Airbnb for Work booking and reservations
Here’s where you can find important info—like how to navigate company reservations—so you and your team can focus on staying productive.
How-to • Home host
Stop hosting Airbnb.org emergency stays
You can stop hosting Airbnb.org emergency stays at any time.
Get help with your reservations, account, and more.
Log in or sign up
Site Footer
Support
Help Center
AirCover
Anti-discrimination
Disability support
Cancellation options
Report neighborhood concern
Hosting
Airbnb your home
AirCover for Hosts
Hosting resources
Community forum
Hosting responsibly
Airbnb-friendly apartments
Join a free Hosting class
Find a co‑host
Airbnb
2025 Summer Release
Newsroom
New features
Careers
Investors
Gift cards
Airbnb.org emergency stays
Footer section
© 2025 Airbnb, Inc.·Terms·Sitemap·Privacy·Your Privacy Choices
English (US)
€
EUR | Find Airbnb for Work bookings that need attention: Skip to content
Help Center
– home page
Search
Suggestions will show after typing in the search input. Use the up and down arrows to review. Use enter to select. If the selection is a phrase, that phrase will be submitted to search. If the suggestion is a link, the browser will navigate to that page.
Home
All topics
Booking and reservations
Managing reservations
Find Airbnb for Work bookings that need attention
How-to • Travel admin
Find Airbnb for Work bookings that need attention

You can monitor the status of Airbnb for Work bookings through the Airbnb for Work dashboard. Here, you’ll be able to find out if any bookings require your attention to resolve issues like host cancellations and incomplete reservations.

In this article
Find employee bookings that need attention
Find employee bookings that need attention
Desktop
iOS app
Android app
Mobile browser
Find employee bookings needing attention on desktop
Click Profile > Company dashboard
Click Trips
Click Needs attention to check any trips that require attention
Did this article help?
Yes
No
Get help with your reservations, account, and more.
Log in or sign up
Site Footer
Support
Help Center
AirCover
Anti-discrimination
Disability support
Cancellation options
Report neighborhood concern
Hosting
Airbnb your home
AirCover for Hosts
Hosting resources
Community forum
Hosting responsibly
Airbnb-friendly apartments
Join a free Hosting class
Find a co‑host
Airbnb
2025 Summer Release
Newsroom
New features
Careers
Investors
Gift cards
Airbnb.org emergency stays
Footer section
© 2025 Airbnb, Inc.·Terms·Sitemap·Privacy·Your Privacy Choices
English (US)
€
EUR",2025-07-08T11:22:49.786Z,
travel-admin,Airbnb for Work basics,Billing,https://www.airbnb.com/help/topic/1406,"Skip to content
Help Center
– home page
Search
Suggestions will show after typing in the search input. Use the up and down arrows to review. Use enter to select. If the selection is a phrase, that phrase will be submitted to search. If the suggestion is a link, the browser will navigate to that page.
Home
All topics
Billing and receipts
Billing
Billing
How-to • Travel admin
How do I set up a team with a separate payment method for my company?
Travel admins can create teams of travelers and assign a name and payment method to each team right from the Airbnb for Work dashboard.
How-to • Travel admin
Set up a company credit card for Airbnb for Work
If you're using Airbnb for Work, employees of your company can charge their travel to a shared company credit card.
How-to • Travel admin
Generate and export an Airbnb for Work expense report
From your Airbnb for Work dashboard, you can generate reports showing the number of nights business travelers have booked, the total amount spent, and more.
How-to • Guest
How do I expense my business trip using Concur TripLink?
You can link your Airbnb and Concur TripLink accounts and have Airbnb reservation receipts automatically uploaded to your Concur account.
Related topics
Receipts
Site Footer
Support
Help Center
AirCover
Anti-discrimination
Disability support
Cancellation options
Report neighborhood concern
Hosting
Airbnb your home
AirCover for Hosts
Hosting resources
Community forum
Hosting responsibly
Airbnb-friendly apartments
Join a free Hosting class
Find a co‑host
Airbnb
2025 Summer Release
Newsroom
New features
Careers
Investors
Gift cards
Airbnb.org emergency stays
Footer section
© 2025 Airbnb, Inc.·Terms·Sitemap·Privacy·Your Privacy Choices
English (US)
€
EUR",3,How do I set up a team with a separate payment method for my company? | Set up a company credit card for Airbnb for Work | Generate and export an Airbnb for Work expense report,"How do I set up a team with a separate payment method for my company?: Skip to content
Help Center
– home page
Search
Suggestions will show after typing in the search input. Use the up and down arrows to review. Use enter to select. If the selection is a phrase, that phrase will be submitted to search. If the suggestion is a link, the browser will navigate to that page.
Home
All topics
Billing and receipts
Billing
How do I set up a team with a separate payment method for my company?
How-to • Travel admin
How do I set up a team with a separate payment method for my company?

Travel admins can create teams of travelers (ex: departments, office locations) and assign a name and payment method to each team right from the Airbnb for Work dashboard. Travelers will then have the option to charge to that team when they book a work trip through Airbnb.

In this article
Adding or editing a team
Deleting a team
Adding or editing a team

To create a new team:

Go to your Airbnb for Work dashboard
Click People > Teams
Click Create a team
Add a team name and select a payment method for the team
Click Save
Click Add people and follow the instructions to add people to your new team

The team name you choose will be listed for travelers when they bill work trips to your company (ex: Charge to Sales, Charge to North America Office).

To add employees to a team:

Go to your Airbnb for Work dashboard
Click People > Teams
Find the team you want to edit and click Add people
You have two options for adding people to your team:
Click Copy to copy a unique invite link that you can share with your employees
Search for people who have already joined your company’s Airbnb for Work account

Once an employee accepts your invitation to join a team, you will receive a notification. Click the notifications icon in your dashboard to review all pending requests.

To edit an existing team’s payment info:

Go to your Airbnb for Work dashboard
Click People > Teams
Click the team you want to edit
Click Edit team > Change payment method
Select an existing credit card or choose Add credit card
Add payment details and click Save

You won't be able to switch from payment by credit card to monthly invoicing or vice versa. If you want to switch a team's payment type from credit card to monthly invoicing, you'll need to delete and re-create the team.

Deleting a team

To delete a team:

Go to your Airbnb for Work dashboard
Click People > Teams
Click the team you want to delete
Click Edit team > Delete team
To confirm your decision, click Delete team
Did this article help?
Yes
No
Related articles
How-to • Travel admin
Invite employees to join Airbnb for Work
You can invite employees to join your company's Airbnb for Work program.
How-to • Travel admin
Designating Airbnb for Work employee roles
Access to the Airbnb for Work dashboard is managed through employee roles. Trip planners and admins have access to the dashboard. Travelers do not.
How-to • Travel admin
Access and get to know your Airbnb for Work dashboard
The Airbnb for Work dashboard is split up into many tabs such as Trips, Reporting, Invoices, and People.
Get help with your reservations, account, and more.
Log in or sign up
Site Footer
Support
Help Center
AirCover
Anti-discrimination
Disability support
Cancellation options
Report neighborhood concern
Hosting
Airbnb your home
AirCover for Hosts
Hosting resources
Community forum
Hosting responsibly
Airbnb-friendly apartments
Join a free Hosting class
Find a co‑host
Airbnb
2025 Summer Release
Newsroom
New features
Careers
Investors
Gift cards
Airbnb.org emergency stays
Footer section
© 2025 Airbnb, Inc.·Terms·Sitemap·Privacy·Your Privacy Choices
English (US)
€
EUR | Set up a company credit card for Airbnb for Work: Skip to content
Help Center
– home page
Search
Suggestions will show after typing in the search input. Use the up and down arrows to review. Use enter to select. If the selection is a phrase, that phrase will be submitted to search. If the suggestion is a link, the browser will navigate to that page.
Home
All topics
Billing and receipts
Billing
Set up a company credit card for Airbnb for Work
How-to • Travel admin
Set up a company credit card for Airbnb for Work

One useful feature of Airbnb for Work is that employees can book and charge business travel to a company credit card. This takes the hassle out of having to reimburse travel expenses.

In this article
Add a company credit card for Airbnb for Work
Choose which employees can use company credit cards
Add a company credit card for Airbnb for Work
Desktop
iOS app
Android app
Mobile browser
Add a company credit card on desktop
Click Profile > Company dashboard
Click Settings
Click Payment, then click Add new payment method
Enter your credit card details and click Save
Choose which employees can use company credit cards

Learn how to create payment groups to allow selected employees to use the credit card.

Did this article help?
Yes
No
Related articles
How-to • Travel admin
Access and get to know your Airbnb for Work dashboard
The Airbnb for Work dashboard is split up into many tabs such as Trips, Reporting, Invoices, and People.
How-to • Travel admin
How do I set up a team with a separate payment method for my company?
Travel admins can create teams of travelers and assign a name and payment method to each team right from the Airbnb for Work dashboard.
Guide • Travel admin
Help with billing
Here’s info on where to find reports, how to add to invoices, and how to charge a trip to the company.
Get help with your reservations, account, and more.
Log in or sign up
Site Footer
Support
Help Center
AirCover
Anti-discrimination
Disability support
Cancellation options
Report neighborhood concern
Hosting
Airbnb your home
AirCover for Hosts
Hosting resources
Community forum
Hosting responsibly
Airbnb-friendly apartments
Join a free Hosting class
Find a co‑host
Airbnb
2025 Summer Release
Newsroom
New features
Careers
Investors
Gift cards
Airbnb.org emergency stays
Footer section
© 2025 Airbnb, Inc.·Terms·Sitemap·Privacy·Your Privacy Choices
English (US)
€
EUR | Generate and export an Airbnb for Work expense report: Skip to content
Help Center
– home page
Search
Suggestions will show after typing in the search input. Use the up and down arrows to review. Use enter to select. If the selection is a phrase, that phrase will be submitted to search. If the suggestion is a link, the browser will navigate to that page.
Home
All topics
Billing and receipts
Billing
Generate and export an Airbnb for Work expense report
How-to • Travel admin
Generate and export an Airbnb for Work expense report

As a travel admin for your company’s Airbnb for Work account, you can generate expense reports from the dashboard. Here, you can review info, such as how many nights employees have booked, the total amount they’ve spent, and the average nightly rate for bookings.

In this article
Create and export an expense report
Create and export an expense report
Desktop
iOS app
Android app
Mobile browser
Create and export an expense report on desktop
Click Profile > Company dashboard
Click Reporting
Filter by trips and span of time
Click Export CSV
When your CSV is ready, you'll get an email with a downloadable link

Did this article help?
Yes
No
Related articles
How-to • Travel admin
Print or download receipts for Airbnb for Work business trips
Airbnb for Work admins can access and print receipts for their business travelers' completed trips from the dashboard.
Guide • Travel admin
Help with billing
Here’s info on where to find reports, how to add to invoices, and how to charge a trip to the company.
How-to
Locating your VAT invoice
Hosts and guests can access their VAT invoices in their Airbnb account.
Get help with your reservations, account, and more.
Log in or sign up
Site Footer
Support
Help Center
AirCover
Anti-discrimination
Disability support
Cancellation options
Report neighborhood concern
Hosting
Airbnb your home
AirCover for Hosts
Hosting resources
Community forum
Hosting responsibly
Airbnb-friendly apartments
Join a free Hosting class
Find a co‑host
Airbnb
2025 Summer Release
Newsroom
New features
Careers
Investors
Gift cards
Airbnb.org emergency stays
Footer section
© 2025 Airbnb, Inc.·Terms·Sitemap·Privacy·Your Privacy Choices
English (US)
€
EUR",2025-07-08T11:23:08.877Z,
travel-admin,Airbnb for Work basics,Receipts,https://www.airbnb.com/help/topic/1407,"Skip to content
Help Center
– home page
Search
Suggestions will show after typing in the search input. Use the up and down arrows to review. Use enter to select. If the selection is a phrase, that phrase will be submitted to search. If the suggestion is a link, the browser will navigate to that page.
Home
All topics
Billing and receipts
Receipts
Receipts
How-to • Travel admin
Print or download receipts for Airbnb for Work business trips
Airbnb for Work admins can access and print receipts for their business travelers' completed trips from the dashboard.
How-to
Locating your VAT invoice
Hosts and guests can access their VAT invoices in their Airbnb account.
How-to • სტუმარი
What is my Taiwan eGUI?
A Taiwan eGUI is provided whenever Taiwan VAT is assessed on Airbnb service fees or on the accommodation price, plus any fees for other items.
Related topics
Billing
Site Footer
Support
Help Center
AirCover
Anti-discrimination
Disability support
Cancellation options
Report neighborhood concern
Hosting
Airbnb your home
AirCover for Hosts
Hosting resources
Community forum
Hosting responsibly
Airbnb-friendly apartments
Join a free Hosting class
Find a co‑host
Airbnb
2025 Summer Release
Newsroom
New features
Careers
Investors
Gift cards
Airbnb.org emergency stays
Footer section
© 2025 Airbnb, Inc.·Terms·Sitemap·Privacy·Your Privacy Choices
English (US)
€
EUR",3,Print or download receipts for Airbnb for Work business trips | Locating your VAT invoice | What is my Taiwan eGUI?,"Print or download receipts for Airbnb for Work business trips: Skip to content
Help Center
– home page
Search
Suggestions will show after typing in the search input. Use the up and down arrows to review. Use enter to select. If the selection is a phrase, that phrase will be submitted to search. If the suggestion is a link, the browser will navigate to that page.
Home
All topics
Billing and receipts
Receipts
Print or download receipts for Airbnb for Work business trips
How-to • Travel admin
Print or download receipts for Airbnb for Work business trips

As a travel admin for your company’s Airbnb for Work account, you can print or download receipts for your colleagues’ business trips directly from the dashboard.

In this article
Print or download trip receipts
How to locate the booking itinerary if you have many completed trips
Print or download trip receipts
Desktop
iOS app
Android app
Mobile browser
Print or download trip receipts on desktop
Click Profile > Company dashboard
Click Trips, then Completed trips
Find the trip you want, and click the total cost in the Receipt column
Click the payment line
To print or save the receipt as a PDF, click Print
How to locate the booking itinerary if you have many completed trips

If you have a lot of completed trips, enter the reservation confirmation code into the Search box to locate the booking itinerary. Once in the itinerary, click Get payment info to access the receipt.

Did this article help?
Yes
No
Related articles
Guide • Travel admin
Help with billing
Here’s info on where to find reports, how to add to invoices, and how to charge a trip to the company.
How-to • Travel admin
Generate and export an Airbnb for Work expense report
From your Airbnb for Work dashboard, you can generate reports showing the number of nights business travelers have booked, the total amount spent, and more.
How-to • Gost
Mark a booking as an Airbnb for Work business trip
You can identify a reservation as a business trip by selecting “Is this a work trip?” during checkout.
Get help with your reservations, account, and more.
Log in or sign up
Site Footer
Support
Help Center
AirCover
Anti-discrimination
Disability support
Cancellation options
Report neighborhood concern
Hosting
Airbnb your home
AirCover for Hosts
Hosting resources
Community forum
Hosting responsibly
Airbnb-friendly apartments
Join a free Hosting class
Find a co‑host
Airbnb
2025 Summer Release
Newsroom
New features
Careers
Investors
Gift cards
Airbnb.org emergency stays
Footer section
© 2025 Airbnb, Inc.·Terms·Sitemap·Privacy·Your Privacy Choices
English (US)
€
EUR | Locating your VAT invoice: Skip to content
Help Center
– home page
Search
Suggestions will show after typing in the search input. Use the up and down arrows to review. Use enter to select. If the selection is a phrase, that phrase will be submitted to search. If the suggestion is a link, the browser will navigate to that page.
Home
All topics
Payments and pricing
Invoices and receipts
Locating your VAT invoice
How-to
Locating your VAT invoice

A Value Added Tax (VAT) invoice is provided whenever VAT is assessed on Airbnb service fees. Your invoice is finalized and issued when a reservation is accepted and includes your information (name, address, etc.) as you entered it in your Airbnb account.

Note: Just be aware that Airbnb is not able to modify a VAT invoice after it’s been issued.

In this article
Access a VAT invoice as a host
Download VAT invoices in bulk as a host
Finding your VAT invoice as a guest
Access a VAT invoice as a host

You can access individual VAT invoices for each reservation or download VAT invoices in bulk in the regions where Airbnb generates VAT invoices. VAT invoices are only available for the past 6 months.

Desktop
iOS app
Android app
Mobile browser
Access a VAT invoice for a reservation on desktop
Click Today > Reservations
Click Upcoming or Completed to find the reservation you want

Click the three dots next to the reservation
Select VAT Invoice
Download VAT invoices in bulk as a host

Desktop
iOS app
Android app
Mobile browser
Download VAT invoices on desktop
Click Today > Reservations
Click Export

Select your file type (CSV or PDF format) and choose the month you wish to download.
Click Download

Note: The bulk download will include VAT invoices for reservations with start dates that occur within the selected month.

If you add a verified VAT ID number to your account, it will be included on VAT invoices created thereafter. For reservation details, check your host confirmation.

Finding your VAT invoice as a guest

A link to the VAT invoice is available in your email receipt, under the Airbnb service fee.

For reservation details, reference your billing receipt. If you need additional documentation for travel, you can contact your host before booking.

Desktop
iOS app
Android app
Mobile browser
Find the VAT invoice for your reservation on desktop
Click Trips and select the reservation you want to check
Under Payment info, click Get receipt

If you have more than one payment, go to Payments, select the payment you want to open, and the receipt will include a link to the VAT invoice.

Did this article help?
Yes
No
Related articles
Rules
Add your VAT ID number
If you have a VAT ID number, you can associate it with your Airbnb account. You can make changes in your account settings.
Rules
Value Added Tax (VAT) and how it applies to you
Value Added Tax, or VAT, is a tax assessed on the supply of goods and services. Airbnb charges VAT on its service fees for customers.
How-to • Guest
Finding receipts from past trips
You can go to your Profile to find a receipt for a completed reservation.
Get help with your reservations, account, and more.
Log in or sign up
Site Footer
Support
Help Center
AirCover
Anti-discrimination
Disability support
Cancellation options
Report neighborhood concern
Hosting
Airbnb your home
AirCover for Hosts
Hosting resources
Community forum
Hosting responsibly
Airbnb-friendly apartments
Join a free Hosting class
Find a co‑host
Airbnb
2025 Summer Release
Newsroom
New features
Careers
Investors
Gift cards
Airbnb.org emergency stays
Footer section
© 2025 Airbnb, Inc.·Terms·Sitemap·Privacy·Your Privacy Choices
English (US)
€
EUR | What is my Taiwan eGUI?: Skip to content
Help Center
– home page
Search
Suggestions will show after typing in the search input. Use the up and down arrows to review. Use enter to select. If the selection is a phrase, that phrase will be submitted to search. If the suggestion is a link, the browser will navigate to that page.
Home
All topics
Payments and pricing
Invoices and receipts
What is my Taiwan eGUI?
How-to • Voyageur
What is my Taiwan eGUI?

A Taiwan Electronic Government Uniform Invoice (eGUI) is provided whenever Taiwan VAT is assessed on Airbnb service fees or on the accommodation price plus any fees for other items, such as cleaning and extra guests.

Airbnb collects VAT on the guest service fee from guests who reside in Taiwan. Airbnb also collects VAT on the full accommodation price plus any fees for other items, like cleaning fees or fees for extra guests, if applicable, from all guests staying in Taiwanese listings.

An eGUI is finalized and issued when a reservation is accepted, and includes your information (name and email address) as you entered it for your Airbnb account. Airbnb is not able to modify an eGUI after it's been issued.

An eGUI is not issue to business trip reservations.

Guests

To access the eGUI for your reservation, a notification will be sent to the email address associated with your Airbnb account indicating the eGUI is ready for download at the Taiwan Ministry of Finance e-Invoice Platform. You’ll also receive an email notification when a booking has been accepted, altered, and/or cancelled and Taiwan VAT applies. Accessing the eGUI on the e-Invoice Platform for your reservation is optional.

For reservation details, please check your billing receipt. If you believe you need additional documentation for travel, we encourage you to communicate with your host before booking to see if they're able to assist you.

Did this article help?
Yes
No
Related articles
How-to • Voyageur
Mark a booking as an Airbnb for Work business trip
You can identify a reservation as a business trip by selecting “Is this a work trip?” during checkout.
How-to • Guest
Add business travel details to your reservation
You can add or remove work travel info on your reservation. Your receipt won't show any info that's added after the reservation is confirmed.
How-to • Home host
How discounts are applied
There are different kinds of discounts and promotions available for your listing, but only one offer can be applied per reservation.
Get help with your reservations, account, and more.
Log in or sign up
Site Footer
Support
Help Center
AirCover
Anti-discrimination
Disability support
Cancellation options
Report neighborhood concern
Hosting
Airbnb your home
AirCover for Hosts
Hosting resources
Community forum
Hosting responsibly
Airbnb-friendly apartments
Join a free Hosting class
Find a co‑host
Airbnb
2025 Summer Release
Newsroom
New features
Careers
Investors
Gift cards
Airbnb.org emergency stays
Footer section
© 2025 Airbnb, Inc.·Terms·Sitemap·Privacy·Your Privacy Choices
English (US)
€
EUR",2025-07-08T11:23:27.790Z,
travel-admin,Airbnb for Work basics,Getting started,https://www.airbnb.com/help/topic/1375,"Skip to content
Help Center
– home page
Search
Suggestions will show after typing in the search input. Use the up and down arrows to review. Use enter to select. If the selection is a phrase, that phrase will be submitted to search. If the suggestion is a link, the browser will navigate to that page.
Home
All topics
About Airbnb
Getting started
Getting started
How-to
Create an account
Signing up is free—use your email address, phone number, Google account, or Apple ID.
How-to
Log in to your Airbnb account
Trying to log in? Here's how to access your Airbnb account.
How-to
All the ways to host on Airbnb
It's free to sign up to host a place to stay, host an experience like a class, tour, or music event, or provide a service. Learn more about the criteria you need to meet in order to host.
How-to
Create a listing
Start by creating listings in your host profile. It can take up to 72 hours for a new listing to be included in search results.
How-to
Hosting Airbnb Adventures
Every host of an Airbnb Adventure must demonstrate relevant expertise for that particular adventure. Find out how to apply.
How-to
Update the Airbnb app
Using the most recent version of the Airbnb app helps ensure you have a great experience.
Related topics
How Airbnb works
Our community policies
Partnerships
Site Footer
Support
Help Center
AirCover
Anti-discrimination
Disability support
Cancellation options
Report neighborhood concern
Hosting
Airbnb your home
AirCover for Hosts
Hosting resources
Community forum
Hosting responsibly
Airbnb-friendly apartments
Join a free Hosting class
Find a co‑host
Airbnb
2025 Summer Release
Newsroom
New features
Careers
Investors
Gift cards
Airbnb.org emergency stays
Footer section
© 2025 Airbnb, Inc.·Terms·Sitemap·Privacy·Your Privacy Choices
English (US)
€
EUR",3,Create an account | Log in to your Airbnb account | All the ways to host on Airbnb,"Create an account: Skip to content
Help Center
– home page
Search
Suggestions will show after typing in the search input. Use the up and down arrows to review. Use enter to select. If the selection is a phrase, that phrase will be submitted to search. If the suggestion is a link, the browser will navigate to that page.
Home
All topics
Your account and reviews
Creating an account
Create an account
How-to
Create an account

Creating an Airbnb account is free and easy. To sign up, visit Airbnb.com, or download the Airbnb app from the App Store or Google Play.

Multiple ways to sign up for an account

You can sign up for a new account on desktop or mobile browser, or in the Airbnb app by providing any of the following:

An email address and a password
Your phone number
Google or Apple account
Naver account (for South Korea)
What’s required before you list or book a stay

Every Airbnb community member is required to go through our identity verification process. For hosts, we'll collect this when you publish your listing. We’ll collect this for guests when you book. You can begin the verification process here.

If more information is needed, we’ll let you know so you can complete the creation of your account.

What’s required before you can host

You’ll need to verify your identity before you can get started hosting. Every community member is required to go through this process.

If you already have another account

If you have more than one Airbnb account, you unfortunately can’t merge accounts. However, you can delete or deactivate the account you use the least. Learn more about what to do if you have multiple accounts.

Did this article help?
Yes
No
Related articles
Guide
Getting started on Airbnb
Whether you want to book a dream stay away from home, host an Airbnb Experience in your own backyard, or provide a service to make a guest’s trip more memorable, here’s how Airbnb works for you—as a host or a guest.
How-to
Disconnect your social accounts from Airbnb
You can disconnect your social accounts from your Airbnb account at any time.
How-to
Booking requirements for reservations
When booking a home, service, or experience, we need to know some basic information about you.
Get help with your reservations, account, and more.
Log in or sign up
Site Footer
Support
Help Center
AirCover
Anti-discrimination
Disability support
Cancellation options
Report neighborhood concern
Hosting
Airbnb your home
AirCover for Hosts
Hosting resources
Community forum
Hosting responsibly
Airbnb-friendly apartments
Join a free Hosting class
Find a co‑host
Airbnb
2025 Summer Release
Newsroom
New features
Careers
Investors
Gift cards
Airbnb.org emergency stays
Footer section
© 2025 Airbnb, Inc.·Terms·Sitemap·Privacy·Your Privacy Choices
English (US)
€
EUR | Log in to your Airbnb account: Skip to content
Help Center
– home page
Search
Suggestions will show after typing in the search input. Use the up and down arrows to review. Use enter to select. If the selection is a phrase, that phrase will be submitted to search. If the suggestion is a link, the browser will navigate to that page.
Home
All topics
Your account and reviews
Creating an account
Log in to your Airbnb account
How-to
Log in to your Airbnb account

Whether you’re just getting started or simply want a refresher on how to get into your account, we’re here to help you get access.

In this article
If you’re new to Airbnb
Log in to an existing Airbnb account
If you have trouble logging in
Getting to your host or guest account after logging in
If you’re new to Airbnb

We’re glad you’re here. You can start by creating an account. You can also find everything you need to know about getting started.

Log in to an existing Airbnb account

When you created your account, you chose the way that you sign in. It could be via email, phone number, Apple ID, Facebook or Google account, or Naver (South Korea). 

Desktop
iOS app
Android app
Mobile browser
Log in on desktop
Click Account
Select your login method from the options listed
Enter your login details and follow the instructions
If you have trouble logging in

If you’re are experiencing difficulty logging in, try the following options:


Make sure you’re connected to a stable internet connection.
You can use the phone number or email associated with your Airbnb account to log in.
You can always reset your password if you forgot it.

If you’ve logged in to Airbnb with your Facebook credentials in the past, you’ll need to use one of these methods to log in.

Getting to your host or guest account after logging in

You’re automatically taken to your guest account when you log in. If you’re also a host, you can switch between traveling and hosting on airbnb.com and the Airbnb app.

Did this article help?
Yes
No
Related articles
How-to
Reset or change your password
Learn how to reset your password, update your password, or create one for Airbnb if you’ve been logging in a different way.
How-to
Create an account
Signing up is free—use your email address, phone number, Google account, or Apple ID.
How-to
Disconnect your social accounts from Airbnb
You can disconnect your social accounts from your Airbnb account at any time.
Get help with your reservations, account, and more.
Log in or sign up
Site Footer
Support
Help Center
AirCover
Anti-discrimination
Disability support
Cancellation options
Report neighborhood concern
Hosting
Airbnb your home
AirCover for Hosts
Hosting resources
Community forum
Hosting responsibly
Airbnb-friendly apartments
Join a free Hosting class
Find a co‑host
Airbnb
2025 Summer Release
Newsroom
New features
Careers
Investors
Gift cards
Airbnb.org emergency stays
Footer section
© 2025 Airbnb, Inc.·Terms·Sitemap·Privacy·Your Privacy Choices
English (US)
€
EUR | All the ways to host on Airbnb: Skip to content
Help Center
– home page
Search
Suggestions will show after typing in the search input. Use the up and down arrows to review. Use enter to select. If the selection is a phrase, that phrase will be submitted to search. If the suggestion is a link, the browser will navigate to that page.
Home
All topics
About Airbnb
Getting started
All the ways to host on Airbnb
How-to
All the ways to host on Airbnb

Maybe you have a special place to stay, a great idea for an unforgettable experience, or want to provide a service like a catered dinner that could make a guests’ stay more special. Whether you want to host your home, an experience, or provide a service, you can connect to guests around the world—and we’re here to help.

In this article
How to sign up
Host a home
Host an Airbnb Experience
Provide a service on Airbnb
Regulations for hosting
How to sign up

Let’s get started! It’s free to create an account and list a home, experience, or service. Before you begin, get to know our hosting regulations and standards.

Host a home

How you host is up to you. You can list an entire home, or a private room—or perhaps another unique space. You might want to greet your guests on site, or offer self check-in. In order to set yourself up for success, check out Airbnb’s basic requirements to host.

There are different ways to host:

Host your place yourself
Invite a friend or family member to be your co-host
Hire a high-quality, local co-host through the Co-Host Network

You can also offer your Airbnb home for free by joining a community of more than 60,000 hosts providing emergency housing in times of crisis.

Need more help? Learn more about the world of hosting, connect with a Superhost, or join a free hosting class. If you’re ready to host, it’s easy to create your listing.

Host an Airbnb Experience

Airbnb Experiences bring people together—whether it’s classes, tours, concerts, or other activities—all over the world.

If you are ready to share some local expertise, just make sure:

You have formal training or other relevant background, the activity you plan to host is connected to what a city is known for, and the location for your experience is safe, clean, and comfortable
Your experience follows these standards and requirements
You’re in compliance with applicable local laws and regulations
You have completed our identity verification process and, where applicable, criminal background checks
You have required insurance
You have appropriate licenses and certifications for the activity

Here’s how to sign up to host an experience.

Provide a service on Airbnb

Airbnb Services make trips more special for guests with incredible services like private chefs, photography, massage, and spa treatments. Services are vetted and take place either in an Airbnb home, at a place of business, or in public spaces.

If you want to offer your services, you need to:

Have a minimum of 2 years of professional experience in the relevant category or 5 years for chefs without a culinary degree, maintain a high-quality professional reputation, and a portfolio that highlights your professional experience is needed for photography, chefs, catering, prepared meals, personal trainers, hair styling, makeup, and nails
Provide offerings that meet our standards and requirements
Meet our listing standards
Be in compliance with applicable local laws and regulations
Complete our identity verification process and, where applicable, criminal background checks
Have required insurance
Have appropriate licenses and certifications for the activity

Interested in providing a service? Create your listing.

Regulations for hosting

Homes, experiences, and services are offered all around the world, though we’re required to comply with international regulations that restrict the use of our site by residents of certain countries or regions. Because of this, our services are not available in some places, such as Crimea, Iran, Syria, and North Korea. Find out more about legal and regulatory issues for hosting places to stay, and responsible hosting for experiences on Airbnb.

Did this article help?
Yes
No
Related articles
How-to • Home host
Prepare to host your home
From keeping your calendar updated to giving guests soap and snacks, here are some tips to help get your home ready.
How-to • Home host
Hosting guests with accessibility needs
The most important thing hosts can do is to provide clear and accurate information about your listing, including adding any accessibility features a listing has, and to make sure to communicate with your guests.
Rules
Rome, Italy
If you're thinking about becoming an Airbnb Host, here's some information to help you understand the laws in your city.
Get help with your reservations, account, and more.
Log in or sign up
Site Footer
Support
Help Center
AirCover
Anti-discrimination
Disability support
Cancellation options
Report neighborhood concern
Hosting
Airbnb your home
AirCover for Hosts
Hosting resources
Community forum
Hosting responsibly
Airbnb-friendly apartments
Join a free Hosting class
Find a co‑host
Airbnb
2025 Summer Release
Newsroom
New features
Careers
Investors
Gift cards
Airbnb.org emergency stays
Footer section
© 2025 Airbnb, Inc.·Terms·Sitemap·Privacy·Your Privacy Choices
English (US)
€
EUR",2025-07-08T11:23:46.596Z,
travel-admin,Airbnb for Work basics,How Airbnb works,https://www.airbnb.com/help/topic/1378,"Skip to content
Help Center
– home page
Search
Suggestions will show after typing in the search input. Use the up and down arrows to review. Use enter to select. If the selection is a phrase, that phrase will be submitted to search. If the suggestion is a link, the browser will navigate to that page.
Home
All topics
About Airbnb
How Airbnb works
How Airbnb works
Contact info and feedback; Airbnb basics
Contact info and feedback
How-to
Get help or contact Airbnb Support
Most Hosts and guests are able to quickly resolve issues on their own. Explore ways to get the help you need before, during, or after a trip.
How-to
Share your feedback about Airbnb
Use our form to give feedback about how an Airbnb feature works or to report a bug.
How-to
Contact HotelTonight
For any questions related to HotelTonight reservations, contact the specialized support team, available 24/7.
Airbnb basics
How-to
About Airbnb: What it is and how it works
On Airbnb, you can host a home, experience, or provide a service to guests around the world.
How-to
Understand the Superhost program
Superhost listings include a badge, which hosts earn by going above and beyond to meet certain criteria.
How-to
About Airbnb for Work
Book and manage work trips for your employees, and use our tools to help manage business travel.
How-to
The Airbnb Community Center
Hosts can connect with each other, share stories, get advice, and keep current about Airbnb news and policies.
How-to
About Airbnb.org
Airbnb.org is an independent, publicly-supported nonprofit organization that partners with nonprofits to provide people with emergency housing in times of crisis.
How-to
About Airbnb Adventures
Adventures are small-group, multi-day trips to off-the-beaten-path places that are led by local experts.
How-to
Our Living Wage Pledge
US hosts who agree to pay their cleaners fairly can commit to Airbnb's Living Wage Pledge.
Related topics
Getting started
Our community policies
Partnerships
Site Footer
Support
Help Center
AirCover
Anti-discrimination
Disability support
Cancellation options
Report neighborhood concern
Hosting
Airbnb your home
AirCover for Hosts
Hosting resources
Community forum
Hosting responsibly
Airbnb-friendly apartments
Join a free Hosting class
Find a co‑host
Airbnb
2025 Summer Release
Newsroom
New features
Careers
Investors
Gift cards
Airbnb.org emergency stays
Footer section
© 2025 Airbnb, Inc.·Terms·Sitemap·Privacy·Your Privacy Choices
English (US)
€
EUR",3,Get help or contact Airbnb Support | Share your feedback about Airbnb | Contact HotelTonight,"Get help or contact Airbnb Support: Skip to content
Help Center
– home page
Search
Suggestions will show after typing in the search input. Use the up and down arrows to review. Use enter to select. If the selection is a phrase, that phrase will be submitted to search. If the suggestion is a link, the browser will navigate to that page.
Home
All topics
About Airbnb
How Airbnb works
Contact info and feedback
Get help or contact Airbnb Support
How-to
Get help or contact Airbnb Support

Whether you’re a Host or guest, find help before, during, or after a stay.

In this article
Contact your Host or guest
Explore the Help Center
Visit the Resolution Center
Contact Airbnb Customer Service
Contact your Host or guest

Sending a message is usually the quickest and easiest way to resolve an issue with your listing or reservation. Or you could try calling them.

Explore the Help Center

Visit the Help Center to find answers to common questions, including information about:

Refunds
Reviews
Payments
Cancellations
Visit the Resolution Center

If you need to securely send or request money for something that wasn’t included in a listing, visit the Resolution Center. We can also get involved if you need help working out the details with your Host or guest.

Contact Airbnb Customer Service

Need a little more help or have a complaint? Contact us by email, chat, or phone at 1-844-234-2500.

Did this article help?
Yes
No
Related articles
Guide • Guest
AirCover for guests
Every home booking comes with AirCover for guests. If there’s a serious issue with your Airbnb that your host can't resolve, we’ll help you find a similar place, depending on availability at comparable pricing, or give you a full or partial refund.
How-to
Neighborhood Support
Find out how you can report a party, noise complaint, or neighborhood concern.
How-to • Vendég
If you have a problem or issue during your reservation
If anything unexpected comes up during your stay, message your host to discuss a solution first. It’s likely that they’ll be able to help you fix the issue. If your host can’t help or you’d like to request a refund, we’re here to support you.
Get help with your reservations, account, and more.
Log in or sign up
Site Footer
Support
Help Center
AirCover
Anti-discrimination
Disability support
Cancellation options
Report neighborhood concern
Hosting
Airbnb your home
AirCover for Hosts
Hosting resources
Community forum
Hosting responsibly
Airbnb-friendly apartments
Join a free Hosting class
Find a co‑host
Airbnb
2025 Summer Release
Newsroom
New features
Careers
Investors
Gift cards
Airbnb.org emergency stays
Footer section
© 2025 Airbnb, Inc.·Terms·Sitemap·Privacy·Your Privacy Choices
English (US)
€
EUR | Share your feedback about Airbnb: Skip to content
Help Center
– home page
Search
Suggestions will show after typing in the search input. Use the up and down arrows to review. Use enter to select. If the selection is a phrase, that phrase will be submitted to search. If the suggestion is a link, the browser will navigate to that page.
Home
All topics
About Airbnb
How Airbnb works
Contact info and feedback
Share your feedback about Airbnb
How-to
Share your feedback about Airbnb

We love to know how we’re doing. Give feedback about an Airbnb feature, report a bug, and more. 

If you have a question about something else, find help or contact Airbnb.

Did this article help?
Yes
No
Related articles
How-to
Get help or contact Airbnb Support
Most Hosts and guests are able to quickly resolve issues on their own. Explore ways to get the help you need before, during, or after a trip.
How-to • Home host
How discounts are applied
There are different kinds of discounts and promotions available for your listing, but only one offer can be applied per reservation.
How-to • Home host
How reservation changes affect your payout
When a guest submits a change request, it’s treated as a new booking, and the price is calculated at your current nightly rate.
Get help with your reservations, account, and more.
Log in or sign up
Site Footer
Support
Help Center
AirCover
Anti-discrimination
Disability support
Cancellation options
Report neighborhood concern
Hosting
Airbnb your home
AirCover for Hosts
Hosting resources
Community forum
Hosting responsibly
Airbnb-friendly apartments
Join a free Hosting class
Find a co‑host
Airbnb
2025 Summer Release
Newsroom
New features
Careers
Investors
Gift cards
Airbnb.org emergency stays
Footer section
© 2025 Airbnb, Inc.·Terms·Sitemap·Privacy·Your Privacy Choices
English (US)
€
EUR | Contact HotelTonight: Skip to content
Help Center
– home page
Search
Suggestions will show after typing in the search input. Use the up and down arrows to review. Use enter to select. If the selection is a phrase, that phrase will be submitted to search. If the suggestion is a link, the browser will navigate to that page.
Home
All topics
About Airbnb
How Airbnb works
Contact info and feedback
Contact HotelTonight
How-to
Contact HotelTonight

HotelTonight is part of the Airbnb team and offers on-demand booking for boutique and independent hotels. Working together is a win-win! Guests get even more choices and it’s easier for the best hotels to connect with new people.

Ready to make a reservation? Visit HotelTonight or download the app.

Have a question? The support team is available 24/7 at +1 833-338-0302 or online.

Did this article help?
Yes
No
Get help with your reservations, account, and more.
Log in or sign up
Site Footer
Support
Help Center
AirCover
Anti-discrimination
Disability support
Cancellation options
Report neighborhood concern
Hosting
Airbnb your home
AirCover for Hosts
Hosting resources
Community forum
Hosting responsibly
Airbnb-friendly apartments
Join a free Hosting class
Find a co‑host
Airbnb
2025 Summer Release
Newsroom
New features
Careers
Investors
Gift cards
Airbnb.org emergency stays
Footer section
© 2025 Airbnb, Inc.·Terms·Sitemap·Privacy·Your Privacy Choices
English (US)
€
EUR",2025-07-08T11:24:03.331Z,
travel-admin,Airbnb for Work basics,Our community policies,https://www.airbnb.com/help/feature/1,"Our community policies

What to expect, and what will be expected of you, as a member of the Airbnb community.",1,Cancellation options,"Cancellation options: Skip to content
Help Center
– home page
Search
Suggestions will show after typing in the search input. Use the up and down arrows to review. Use enter to select. If the selection is a phrase, that phrase will be submitted to search. If the suggestion is a link, the browser will navigate to that page.
Home
All topics
Your reservations
Cancellations
Major Disruptive Events Policy
Community policy
Major Disruptive Events Policy
In this article
Overview
What events are covered
What happens if a reservation is impacted by a covered Event
What is not covered
How this policy affects hosts
Other things to be aware of
Overview

In general, cancellations and refunds for Airbnb reservations are governed by the listing’s cancellation policy. In the rare circumstances that large-scale events prevent or legally prohibit completion of a reservation, the Major Disruptive Events Policy (the “Policy”) may apply. When this Policy applies, guests can cancel their reservation and receive a refund, travel credit, and/or other consideration regardless of the reservation’s cancellation policy, and hosts can cancel without fees or other adverse consequences, although their listing’s calendar will be blocked for the dates of the canceled reservation.

This Policy applies to reservations for homes, services, and experiences and is applicable to reservations that are ongoing or that have a check-in on or after the effective date, except as otherwise notified by Airbnb to users. The Major Disruptive Events Policy is not an insurance policy.

What events are covered

The following events are covered under this Policy if they impact your reservation location, occur after the time of booking, and prevent or legally prohibit completion of a future or ongoing reservation (referred to in this Policy as “Events”):

Declared public health emergencies and epidemics. Government-declared epidemics, pandemics, and public health emergencies. This does not include diseases that are endemic (for example, the flu) or commonly associated with an area (for example, malaria in Thailand). COVID-19 is not covered under this Major Disruptive Events Policy.

Government travel restrictions. Mandatory travel restrictions imposed by a governmental agency, such as an evacuation order or shelter-in-place order. This does not include non-binding travel advisories and similar government guidance.

Military actions and other hostilities. Acts of war, hostilities, invasions, civil war, terrorism, explosions, bombings, rebellions, riots, and insurrection.

Large-scale outages of essential utilities. Prolonged outages of essential utilities, such as heat, water, and electricity, impacting the vast majority of homes in a given location.

Unforeseeable natural disasters and severe weather events. Unforeseeable natural disasters, like earthquakes and tsunamis, and unforeseeable severe weather events, like tornadoes. This does not include events that are foreseeable for a given location, as described further below.

What happens if a reservation is impacted by a covered Event

When a large-scale event occurs, we assess the situation to determine whether the Major Disruptive Events Policy applies. If it does, we activate the Policy for the impacted area and timeframe where we anticipate that the Event will prevent or legally prohibit completion of reservations. Reservations outside of the defined area and timeframe may not be eligible, though hosts may still be able to cancel without adverse consequences if they are unable to host. We continuously monitor these situations and adjust coverage as needed to reflect changing conditions. If you believe this Policy applies to your reservation, please contact us to inquire about eligibility.

What is not covered

We understand that other circumstances outside of your control may disrupt your plans. In any situations not listed above, your reservation remains subject to the host’s cancellation policy for the listing.

Examples of common events not covered by this policy include:

Events that impact a guest or their ability to travel, but not the reservation location
Unexpected injury or illness
Government obligations like jury duty or court appearances
Non-binding travel advisories or other government guidance that fall short of a travel ban or prohibition
Cancellation or rescheduling of an event for which the reservation was made
Transportation disruptions such as airline insolvency, flight cancellations, transportation strikes, and road closures due to maintenance
Weather or natural conditions that are common enough to be foreseeable in a given location, such as hurricanes in Florida during hurricane season or winter weather in the northern hemisphere during winter months—unless the event triggers a covered Event that prevents completion of the reservation, such as government-issued mandatory travel restrictions

For reservations not covered by this Policy, we encourage guests and hosts to find a mutually acceptable arrangement, such as a full or partial refund or an alteration of the booking dates. Note that any refunds outside of the reservation’s cancellation policy are at the host’s discretion. Airbnb does not take part in or guarantee such refunds.

How this policy affects hosts

If a reservation is covered by the Major Disruptive Events Policy, hosts can cancel without fees or other adverse consequences. If a host cancels under this policy, their listing’s calendar will be blocked for the dates of the canceled reservation. If a reservation is canceled under this Policy, the host does not receive a payout for the canceled dates of the reservation, or, if the payout has already been made, the refunded amount will be withheld from the next payout(s).

Regardless of whether a reservation is covered by this Policy, hosts can cancel for certain valid reasons, such as major damage to a listing, without fees or other adverse consequences. Hosts are obligated to cancel a reservation if their listing is uninhabitable or is inconsistent with what the guest booked. Failure to do so may result in listing suspension, cancellation of existing reservations, and refunds to guests until the listing is habitable and consistent with the listing description. This also violates our Ground rules for hosts, and can lead to consequences up to and including account removal.

Other things to be aware of

This Policy does not limit your rights under local regulations, and any decisions made by Airbnb under this Policy do not affect your statutory rights.

Did this article help?
Yes
No
Related articles
How-to • Huésped
Canceling a trip due to a Major Disruptive Event
If you need to cancel because a large-scale event at your destination prevents completion of your reservation, we can help.
Community policy • Home host
Host Cancellation Policy for homes
Because cancellations can disrupt guests' plans and impact confidence in the Airbnb community, there are penalties applied for Host cancellations.
How-to • Guest
Find the cancellation policy for any home, service, or experience
Here’s where to find the cancellation policy for any home, service, or experience.
Get help with your reservations, account, and more.
Log in or sign up
Site Footer
Support
Help Center
AirCover
Anti-discrimination
Disability support
Cancellation options
Report neighborhood concern
Hosting
Airbnb your home
AirCover for Hosts
Hosting resources
Community forum
Hosting responsibly
Airbnb-friendly apartments
Join a free Hosting class
Find a co‑host
Airbnb
2025 Summer Release
Newsroom
New features
Careers
Investors
Gift cards
Airbnb.org emergency stays
Footer section
© 2025 Airbnb, Inc.·Terms·Sitemap·Privacy·Your Privacy Choices
English (US)
€
EUR",2025-07-08T11:24:16.243Z,
travel-admin,Airbnb for Work basics,Partnerships,https://www.airbnb.com/help/topic/1381,"Skip to content
Help Center
– home page
Search
Suggestions will show after typing in the search input. Use the up and down arrows to review. Use enter to select. If the selection is a phrase, that phrase will be submitted to search. If the suggestion is a link, the browser will navigate to that page.
Home
All topics
About Airbnb
Partnerships
Partnerships
About Airbnb partners
How-to
How is Airbnb partnering with the American Red Cross and the IFRC?
From emergency plans to kitchen safety tips, our partners offer our community valuable information and resources.
How-to
How is Airbnb partnering with the Pan American Health Organization?
Airbnb has partnered with PAHO, the world’s oldest international public health organization, to provide our community with food safety resources.
How-to
How can the Airbnb community help with water conservation in Cape Town?
Airbnb is committed to promoting local and sustainable travel, and we encourage our community to conserve water during the drought whenever possible.
Animal welfare
How-to
What are the animal welfare guidelines for Airbnb Services and Experiences?
Airbnb hosts commit that their services or experiences ensure the highest quality of life for any animals involved, using the guiding principles of animal welfare.
How-to
How does Airbnb support animal welfare for services and experiences?
Our hosts adhere to our guidelines, which were created in consultation with World Animal Protection, an organization committed to improving the lives of animals.
How-to
How can I recognize a true animal sanctuary?
Find guidelines, developed in partnership with World Animal Protection, to help you determine if the sanctuary you want to visit is a genuine one that puts the animals' welfare first.
How-to
How can I recognize experiences with wild animals that don’t follow animal welfare guidelines?
Find questions to consider, developed in partnership with World Animal Protection, before taking part in activities with wild animals.
How-to
Why is it harmful to wildlife to keep marine mammals in captivity?
Find more info, developed in partnership with World Animal Protection, about marine mammals in captivity.
How-to
How do you know if an attraction or activity can harm an animal?
For Airbnb Experiences and Adventures that include animals, find the animal welfare guidelines developed in partnership with World Animal Protection.
How-to
How can I recognize elephant-friendly venues?
Find the animal welfare guidelines specific for elephants, developed in partnership with World Animal Protection.
Related topics
Getting started
How Airbnb works
Our community policies
Site Footer
Support
Help Center
AirCover
Anti-discrimination
Disability support
Cancellation options
Report neighborhood concern
Hosting
Airbnb your home
AirCover for Hosts
Hosting resources
Community forum
Hosting responsibly
Airbnb-friendly apartments
Join a free Hosting class
Find a co‑host
Airbnb
2025 Summer Release
Newsroom
New features
Careers
Investors
Gift cards
Airbnb.org emergency stays
Footer section
© 2025 Airbnb, Inc.·Terms·Sitemap·Privacy·Your Privacy Choices
English (US)
€
EUR",3,How is Airbnb partnering with the American Red Cross and the IFRC? | How is Airbnb partnering with the Pan American Health Organization? | How can the Airbnb community help with water conservation in Cape Town?,"How is Airbnb partnering with the American Red Cross and the IFRC?: Skip to content
Help Center
– home page
Search
Suggestions will show after typing in the search input. Use the up and down arrows to review. Use enter to select. If the selection is a phrase, that phrase will be submitted to search. If the suggestion is a link, the browser will navigate to that page.
Home
All topics
About Airbnb
Partnerships
About Airbnb partners
How is Airbnb partnering with the American Red Cross and the IFRC?
How-to
How is Airbnb partnering with the American Red Cross and the IFRC?

Airbnb has partnered with the American Red Cross and the International Federation of the Red Cross Red Crescent (IFRC) to provide our community with general safety resources.

These resources, applicable in 191 countries, were developed by the Red Cross Red Crescent’s Global Disaster Preparedness Center, which is an international reference center created to build a global community for disaster preparedness innovation and learning. Some of these resources include:

Making an emergency plan
General first aid tips
Host preparedness for physical activities
Guest preparedness for physical activities
Kitchen safety tips for hosting an Airbnb Experience
Kitchen safety tips for attending an Airbnb Experience
Preventing fires when hosting an Airbnb Experience
Preventing fires when attending an Airbnb Experience

In an emergency situation, contact local police or emergency services immediately.

Partner disclaimers

Courtesy of the American Red Cross and the International Federation of the Red Cross and Red Crescent Societies. ©2019 The American National Red Cross. ALL RIGHTS RESERVED.

The American Red Cross and the International Federation of the Red Cross Red Crescent name and emblem are used with its permission, which in no way constitutes an endorsement, express or implied, of any product, service, company, opinion, or political position. The American Red Cross logo is a registered trademark owned by The American National Red Cross. For more information about the American Red Cross, visit redcross.org.


Did this article help?
Yes
No
Related articles
How-to
About Airbnb.org
Airbnb.org is an independent, publicly-supported nonprofit organization that partners with nonprofits to provide people with emergency housing in times of crisis.
How-to • Home host
Receiving an Airbnb.org emergency stay request
Airbnb.org helps nonprofit organizations offer a temporary place to stay to people in need.
How-to • Home host
Sign up to host emergency stays through Airbnb.org
You can sign up to offer emergency stays to people in times of crisis by visiting Airbnb.org and clicking Offer Your Space.
Get help with your reservations, account, and more.
Log in or sign up
Site Footer
Support
Help Center
AirCover
Anti-discrimination
Disability support
Cancellation options
Report neighborhood concern
Hosting
Airbnb your home
AirCover for Hosts
Hosting resources
Community forum
Hosting responsibly
Airbnb-friendly apartments
Join a free Hosting class
Find a co‑host
Airbnb
2025 Summer Release
Newsroom
New features
Careers
Investors
Gift cards
Airbnb.org emergency stays
Footer section
© 2025 Airbnb, Inc.·Terms·Sitemap·Privacy·Your Privacy Choices
English (US)
€
EUR | How is Airbnb partnering with the Pan American Health Organization?: Skip to content
Help Center
– home page
Search
Suggestions will show after typing in the search input. Use the up and down arrows to review. Use enter to select. If the selection is a phrase, that phrase will be submitted to search. If the suggestion is a link, the browser will navigate to that page.
Home
All topics
About Airbnb
Partnerships
About Airbnb partners
How is Airbnb partnering with the Pan American Health Organization?
How-to
How is Airbnb partnering with the Pan American Health Organization?

Airbnb is collaborating with the Pan American Health Organization (PAHO) to provide our community with food safety resources. PAHO is world’s oldest international public health Organization. It serves as the Regional Office for the Americas of the World Health Organization and the specialized agency for health of the Organization of American States. PAHO’s mission is to lead strategic collaborative efforts among all of the countries in the Western Hemisphere and other partners to promote equity in health, to combat disease, and to improve the lives of the people of the Americas.

As part of its food safety program, PAHO supports technical cooperation between countries to strengthen their national systems to promote safe food and water, mitigating the risks of foodborne diseases.

The resources Airbnb has developed for food safety include:

For hosts:
Safety guidelines for experiences that involve cooking
Food allergies
Dietary restrictions or preferences
For guests:
Food allergies
Dietary restrictions or preferences
Did this article help?
Yes
No
Related articles
How-to • Experience host
What should I know about food allergies as a host of an Airbnb Experience?
Communication, planning ahead, as well as how you prep, cook, and perform cleanup are all important elements of keeping guests with food allergies safe.
Rules • Guest
Dietary restrictions on Airbnb Experiences
Hosts can often find ways to accommodate a variety of dietary restrictions so everyone gets the most out of the experience. Check with the Host to find out.
How-to • Experience host
What should I know about dietary restrictions as a host of an Airbnb Service or Experience involving food?
As a host, it’s important to be aware of the different dietary restrictions you might encounter to properly accommodate your guests’ needs.
Get help with your reservations, account, and more.
Log in or sign up
Site Footer
Support
Help Center
AirCover
Anti-discrimination
Disability support
Cancellation options
Report neighborhood concern
Hosting
Airbnb your home
AirCover for Hosts
Hosting resources
Community forum
Hosting responsibly
Airbnb-friendly apartments
Join a free Hosting class
Find a co‑host
Airbnb
2025 Summer Release
Newsroom
New features
Careers
Investors
Gift cards
Airbnb.org emergency stays
Footer section
© 2025 Airbnb, Inc.·Terms·Sitemap·Privacy·Your Privacy Choices
English (US)
€
EUR | How can the Airbnb community help with water conservation in Cape Town?: Skip to content
Help Center
– home page
Search
Suggestions will show after typing in the search input. Use the up and down arrows to review. Use enter to select. If the selection is a phrase, that phrase will be submitted to search. If the suggestion is a link, the browser will navigate to that page.
Home
All topics
About Airbnb
Partnerships
About Airbnb partners
How can the Airbnb community help with water conservation in Cape Town?
How-to
How can the Airbnb community help with water conservation in Cape Town?

We are continuously monitoring the water situation in Cape Town and have been in contact with hosts and guests, as well as with local officials, about the latest developments. Airbnb is committed to promoting local and sustainable travel, and we are encouraging our community to act responsibly during this drought and conserve water whenever possible.

Cape Town has worked hard to save water and increase their dam levels, but we ask that you still make every effort to use water sparingly. For water restrictions explained, visit the City of Cape Town website. You can find helpful information on Cape Town’s guidance for visitors and Wesgro’s FAQs.

If you are also interested in supporting local water-saving initiatives, you can visit FlowOffset to find out more about how to counteract your water consumption.

Additional info for hosts
How do I ask my guests to join us in our commitment to use water sparingly?

It’s a good idea to connect with your guest as soon as possible to let them know that you can still host, details about the water restrictions, and any changes they should expect as a result. This could include information like when and how often laundry is done, or if there are restrictions in the use of the swimming pool (if you have one). Also, you can let them know that you’re available to answer any questions about their stay. Many hosts tell us that when guests understand the situation, they are willing to do their part to use water responsibly.

Can I charge an additional fee for water?

Charging for water is a regulated activity and it is against the law to charge guests separate fees for water. For more info about the sale of water, you can visit Cape Town’s Water Restrictions.

Are there exceptions to the water restrictions?

It may be possible to apply for an increase in domestic water. You can find out more on the City of Cape Town website or by contacting the the City of Cape Town Metropolitan Municipality at +27-0860-103-089 or email water@capetown.gov.za.

Did this article help?
Yes
No
Get help with your reservations, account, and more.
Log in or sign up
Site Footer
Support
Help Center
AirCover
Anti-discrimination
Disability support
Cancellation options
Report neighborhood concern
Hosting
Airbnb your home
AirCover for Hosts
Hosting resources
Community forum
Hosting responsibly
Airbnb-friendly apartments
Join a free Hosting class
Find a co‑host
Airbnb
2025 Summer Release
Newsroom
New features
Careers
Investors
Gift cards
Airbnb.org emergency stays
Footer section
© 2025 Airbnb, Inc.·Terms·Sitemap·Privacy·Your Privacy Choices
English (US)
€
EUR",2025-07-08T11:24:34.972Z,
travel-admin,Airbnb for Work basics,Safety concerns,https://www.airbnb.com/help/topic/1394,"Skip to content
Help Center
– home page
Search
Suggestions will show after typing in the search input. Use the up and down arrows to review. Use enter to select. If the selection is a phrase, that phrase will be submitted to search. If the suggestion is a link, the browser will navigate to that page.
Home
All topics
Safety
Safety concerns
Safety concerns
How-to
Report and block a host or guest’s messages
Report suspicious messages to keep our community safe, or block the host or guest to stop further messages.
Rules
Home safety: Smoke and carbon monoxide alarms
Hosts are encouraged to install carbon monoxide alarms in their space. Find out more about our home safety program.
How-to
How Airbnb builds trust between hosts and guests
We offer features that help build trust, including our secure messaging system, reviews, AirCover for hosts and guests, and more.
How-to
If you feel unsafe during a trip
If you feel as if you may be in danger or your personal safety is threatened, contact the local authorities immediately.
How-to
Safety information on home listings
Here’s what you need to know about disclosing safety information in a home listing.
How-to
If you're injured on an Airbnb service or experience
If you’re injured or require medical attention while on an experience, get to a safe place and contact local emergency services immediately.
How-to
For hosts—injuries during an Airbnb Service or Experience
You should get everyone to a safe place and contact local emergency services immediately. After that, report the incident to us.
How-to
Background checks
We may conduct background checks on US-based users and India-based hosts. Find out more about how and when we do this.
Legal terms
Limitations of background checks
Because our background checks are limited, you shouldn’t rely on them as a guarantee that the user has no criminal background or other red flags.
How-to
Implications of background checks
Learn about how the background checks we perform can impact your account.
Rules • Home host
Airbnb’s free CO/smoke alarm program
Smoke and carbon monoxide (CO) alarms save lives. That’s why we’re offering one free dual smoke and CO alarm to hosts on Airbnb.
How-to • Guest
How listing locations are verified
When you see the Verified Location badge on the map, this means that the listing has satisfied the verification requirements described in this article.
Guide • Home host
Carbon Monoxide Alarm Program
CO alarms can help alert guests if there’s a dangerous CO buildup, such as from gas appliances or fireplaces, and are an important amenity for your listing.
Rules • Guest
Pre-screening criteria for Airbnb Experiences
In certain cases, Airbnb will pre-screen guests who book Airbnb Experiences.
Related topics
Safety tips and guidelines
Reporting issues
Government travel restrictions and advisories
Site Footer
Support
Help Center
AirCover
Anti-discrimination
Disability support
Cancellation options
Report neighborhood concern
Hosting
Airbnb your home
AirCover for Hosts
Hosting resources
Community forum
Hosting responsibly
Airbnb-friendly apartments
Join a free Hosting class
Find a co‑host
Airbnb
2025 Summer Release
Newsroom
New features
Careers
Investors
Gift cards
Airbnb.org emergency stays
Footer section
© 2025 Airbnb, Inc.·Terms·Sitemap·Privacy·Your Privacy Choices
English (US)
€
EUR",3,Report and block a host or guest’s messages | Home safety: Smoke and carbon monoxide alarms | How Airbnb builds trust between hosts and guests,"Report and block a host or guest’s messages: Skip to content
Help Center
– home page
Search
Suggestions will show after typing in the search input. Use the up and down arrows to review. Use enter to select. If the selection is a phrase, that phrase will be submitted to search. If the suggestion is a link, the browser will navigate to that page.
Home
All topics
Safety
Safety concerns
Report and block a host or guest’s messages
How-to
Report and block a host or guest’s messages

Help keep our community safe by reporting suspicious or inappropriate messages. You can also block the host or guest from continuing to message you.

In this article
Report a message with an option to block
What happens when you block a host or guest
How blocking works for upcoming or active reservations
How blocking works for inquiries
Other places that you can report inappropriate activity
Report a message with an option to block
Desktop
iOS app
Android app
Mobile browser
Report a message on desktop
Click Messages and select the conversation containing the message you want to report

Find the specific message in the thread and click the three dots next to it

Click  Report this message
Select the reason you're reporting the message and click Ok
Give additional details (if required), and then click Submit

You may have the option to block the user after reporting the message. To do so, select Block this person, and then Block. The effects of blocking may vary depending on the situation.


What happens when you block a host or guest

If you block someone, they won’t be able to send you messages, book your listing, or accept a reservation request from you. However, the effects of blocking may vary depending on the situation.

How blocking works for upcoming or active reservations

If you block a host or guest for an upcoming reservation or during an active reservation, you may continue to receive messages from the blocked user before and during the reservation, and for up to two weeks after the reservation ends to ensure all necessary post-reservation communications are completed.

For group messages, the conversation closes for everyone once the two-week post-reservation window ends.

If you cancel the reservation, blocking takes effect immediately. You can always contact us to step in and help.

How blocking works for inquiries

If you block a host or guest during an active inquiry, it stops everyone in the thread from messaging each other.

Other places that you can report inappropriate activity

You can also report suspicious host or guest Profiles or Listings.

Did this article help?
Yes
No
Related articles
Community policy
Combating hate, harassment, and discrimination
We want our hosts and guests to use our platform free from hate, harassment, and discrimination.
Community policy
Host and guest safety
To help ensure safe home stays, services, experiences, and interactions, certain activities and behaviors are not allowed in our community.
How-to
Report suspicious messages
If you get a suspicious message, let us know by contacting us or flagging it in your Messages.
Get help with your reservations, account, and more.
Log in or sign up
Site Footer
Support
Help Center
AirCover
Anti-discrimination
Disability support
Cancellation options
Report neighborhood concern
Hosting
Airbnb your home
AirCover for Hosts
Hosting resources
Community forum
Hosting responsibly
Airbnb-friendly apartments
Join a free Hosting class
Find a co‑host
Airbnb
2025 Summer Release
Newsroom
New features
Careers
Investors
Gift cards
Airbnb.org emergency stays
Footer section
© 2025 Airbnb, Inc.·Terms·Sitemap·Privacy·Your Privacy Choices
English (US)
€
EUR | Home safety: Smoke and carbon monoxide alarms: Skip to content
Help Center
– home page
Search
Suggestions will show after typing in the search input. Use the up and down arrows to review. Use enter to select. If the selection is a phrase, that phrase will be submitted to search. If the suggestion is a link, the browser will navigate to that page.
Home
All topics
Safety
Safety concerns
Home safety: Smoke and carbon monoxide alarms
Rules
Home safety: Smoke and carbon monoxide alarms

Smoke and carbon monoxide (CO) alarms save lives. That’s why we’re on a mission to get alarms into as many listings as possible. We strongly urge hosts to install smoke and carbon monoxide alarms in spaces that use fuel-burning appliances, test them regularly, and make sure their listing description is up to date. Check out preparing your listing with safety essentials for more information.

In this article
Get a combination smoke and carbon monoxide alarm at no cost
Update carbon monoxide and smoke alarm information on listings
Additional info
Get a combination smoke and carbon monoxide alarm at no cost

Airbnb provides a self-contained, battery powered, combination smoke and carbon monoxide alarm to eligible hosts at no cost. Home Safety Terms and Conditions apply.

Already have smoke and CO alarms? Update your listing information about safety devices, such as smoke and carbon monoxide alarms.

Update carbon monoxide and smoke alarm information on listings
Desktop
iOS app
Android app
Mobile browser
Update safety device info on desktop
Click Listings and select the listing you want to edit
Under Listing editor, click Guest safety
Click Safety devices
Select Carbon monoxide alarm installed and Smoke alarm installed
Click Save
Additional info

If your place only uses electric appliances, and does not have an attached garage, you have the option to select that a carbon monoxide alarm is not necessary.

Be sure to check your local regulations, which may require that you have more than one working smoke and carbon monoxide alarm installed in your place.

To communicate with a global audience, Airbnb often uses the terms ""alarm"" and ""detector"" interchangeably.

Did this article help?
Yes
No
Related articles
Legal terms
Home Safety Terms and Conditions
Please review our Home Safety Terms and Conditions.
How-to • Home host
Tracking your hosting performance
You can use our professional hosting tools to track your listings' historical, future, and real-time performance.
How-to • Guest
Cancellations of monthly stays
If a reservation is for 28 nights or more, the long-term cancellation policy applies.
Get help with your reservations, account, and more.
Log in or sign up
Site Footer
Support
Help Center
AirCover
Anti-discrimination
Disability support
Cancellation options
Report neighborhood concern
Hosting
Airbnb your home
AirCover for Hosts
Hosting resources
Community forum
Hosting responsibly
Airbnb-friendly apartments
Join a free Hosting class
Find a co‑host
Airbnb
2025 Summer Release
Newsroom
New features
Careers
Investors
Gift cards
Airbnb.org emergency stays
Footer section
© 2025 Airbnb, Inc.·Terms·Sitemap·Privacy·Your Privacy Choices
English (US)
€
EUR | How Airbnb builds trust between hosts and guests: Skip to content
Help Center
– home page
Search
Suggestions will show after typing in the search input. Use the up and down arrows to review. Use enter to select. If the selection is a phrase, that phrase will be submitted to search. If the suggestion is a link, the browser will navigate to that page.
Home
All topics
Safety
Safety concerns
How Airbnb builds trust between hosts and guests
How-to
How Airbnb builds trust between hosts and guests

At Airbnb, we want to build the world’s most trusted community. To help ensure the safety of everyone, we dedicate a knowledgeable and experienced team to monitor any suspicious activity in our marketplace.

Airbnb offers several features that help build trust and cultivate transparency, including our secure messaging system, reviews for homes, reviews for services and experiences, AirCover for hosts, and AirCover for guests.

Report suspicious activity to keep everyone safe

Help keep our community safe by reporting suspicious or inappropriate activity. To report something, click the flag icon  on Profiles, Listings, or Messages.

Resources for hosts and guests

We strive to provide our hosts and guests with the right tools to make informed decisions regarding who they interact with on the site and in the real world.

Learn more about how Airbnb keeps our community safe by verifying user information. And find our safety tips for hosts and guests.

Did this article help?
Yes
No
Related articles
Community policy
Helping to keep our community healthy
As our community travels the world and welcomes global citizens into their spaces, it’s important to try and reduce disease transmission.
Community policy
Host and guest safety
To help ensure safe home stays, services, experiences, and interactions, certain activities and behaviors are not allowed in our community.
Community policy
Illegal and prohibited activities
Airbnb doesn’t allow illegal activities and other behaviors that could harm our community.
Get help with your reservations, account, and more.
Log in or sign up
Site Footer
Support
Help Center
AirCover
Anti-discrimination
Disability support
Cancellation options
Report neighborhood concern
Hosting
Airbnb your home
AirCover for Hosts
Hosting resources
Community forum
Hosting responsibly
Airbnb-friendly apartments
Join a free Hosting class
Find a co‑host
Airbnb
2025 Summer Release
Newsroom
New features
Careers
Investors
Gift cards
Airbnb.org emergency stays
Footer section
© 2025 Airbnb, Inc.·Terms·Sitemap·Privacy·Your Privacy Choices
English (US)
€
EUR",2025-07-08T11:24:53.947Z,
travel-admin,Airbnb for Work basics,Safety tips and guidelines,https://www.airbnb.com/help/topic/1395,"Skip to content
Help Center
– home page
Search
Suggestions will show after typing in the search input. Use the up and down arrows to review. Use enter to select. If the selection is a phrase, that phrase will be submitted to search. If the suggestion is a link, the browser will navigate to that page.
Home
All topics
Safety
Safety tips and guidelines
Safety tips and guidelines
General safety tips
How-to
First aid tips
Learn about Airbnb’s partnership with the Red Cross, the guidelines for first aid kits, and how to provide first aid.
How-to
Safety resources in the USA
Whether you're hosting or traveling, being well-informed before a reservation is important. Here are some safety resources to support you along the way.
Rules
Health and safety requirements for Airbnb stays
Your health and well being are important to us. Become familiar with safety tips and guidelines around your health during the COVID-19 pandemic.
Rules
Safety tips for interacting with others
Learn how to help improve your safety when interacting with other Hosts and guests.
For guests on stays
How-to
Safety tips for choosing a place
From ratings to safety features, learn how to find a place to stay where you will feel safe and secure.
How-to
Fire and carbon monoxide safety
Carbon monoxide alarms aren’t common in many parts of the world, so we suggest buying one to bring with you when you travel.
How-to
Safety tips when traveling with children
Learn how to make your stay safer for children when you travel.
For guests on experiences
How-to
Kitchen safety tips for Experience guests
The best practices to keep safe while in the kitchen, including information on hazard prevention and food safety.
Rules
Safety tips for culinary Airbnb Experiences
Follow best practices around food safety, food allergies, dietary restrictions, first aid, and kitchen and fire safety.
How-to
Preventing fires during Airbnb Experiences
Review some tips on fire safety and first aid.
For hosts
How-to • Home host
Safety tips for hosts of places to stay
Hosting guests from all over the world should be fun, rewarding, and safe.
How-to
Safety tips for Hosts of Airbnb Experiences
Find out how to make a safety plan for your guests and get some first aid tips and info.
How-to
Airbnb’s 5-step enhanced cleaning process
Get more info about our 5-step cleaning process developed in partnership with experts in an effort to curb the spread of COVID-19.
How-to
Food safety guidelines for Airbnb Services and Experiences
Hosts must keep things clean, separate raw and cooked foods, cook food thoroughly, keep food at safe temperatures, use safe water, and offer quality ingredients.
How-to
Preventing fires while hosting Airbnb Experiences
Learn fire prevention tools and safety precautions to follow while hosting your Airbnb Experience.
How-to
Kitchen safety tips for hosting Airbnb Experiences
Knife handling, fire prevention, and food safety—find out some best practices to keep your kitchen a safe place.
Rules
Cooking safety for Airbnb Experiences
We offer best practices around food safety, including info about food allergies, dietary restrictions, kitchen safety tips, and fire safety tips.
Related topics
Safety concerns
Reporting issues
Government travel restrictions and advisories
Site Footer
Support
Help Center
AirCover
Anti-discrimination
Disability support
Cancellation options
Report neighborhood concern
Hosting
Airbnb your home
AirCover for Hosts
Hosting resources
Community forum
Hosting responsibly
Airbnb-friendly apartments
Join a free Hosting class
Find a co‑host
Airbnb
2025 Summer Release
Newsroom
New features
Careers
Investors
Gift cards
Airbnb.org emergency stays
Footer section
© 2025 Airbnb, Inc.·Terms·Sitemap·Privacy·Your Privacy Choices
English (US)
€
EUR",3,First aid tips | Safety resources in the USA | Health and safety requirements for Airbnb stays,"First aid tips: Skip to content
Help Center
– home page
Search
Suggestions will show after typing in the search input. Use the up and down arrows to review. Use enter to select. If the selection is a phrase, that phrase will be submitted to search. If the suggestion is a link, the browser will navigate to that page.
Home
All topics
Safety
Safety tips and guidelines
General safety tips
First aid tips
How-to
First aid tips

Accidents happen, and we want you to be prepared. That’s why we’ve partnered with the American Red Cross and the International Federation of the Red Cross and Red Crescent Societies (IFRC) to provide general safety guidelines. Developed by the Red Cross Red Crescent’s Global Disaster Preparedness Center, these guidelines are applicable in 191 countries. While they're a great start, we strongly recommend signing up for a first aid and CPR training course near you.


In this article
Prepare or buy a first aid kit
How to react in an emergency: Check – Call – Care
How to provide first aid
Prepare or buy a first aid kit

Hosts and guests should have first aid kits. Make sure your guests know where it is, and guests should ask, if they don’t.

Supplies to have on hand

Find these items in a Red Cross-approved first aid kit at your local pharmacy or medical clinic:

2 pairs of latex-free gloves
Latex-free adhesive bandages of different sizes
Sterile gauze pads of different sizes
One roll adhesive cloth tape
Roller bandages of different sizes
One elastic bandage
3 or 4 triangular bandages
One 36"" malleable radiolucent splint
One unit of antibiotic ointment, cream, or wound gel
4 sealable plastic bags
5 antiseptic wipe packets
2 packets of chewable aspirin
One space blanket
One CPR breathing barrier (with a one-way valve)
One pair of utility shears or scissors
Oral thermometer
Tweezers

Knowing how to use these items is important, but remembering every step in an emergency can be tough. For help, download the First Aid app, offered by the Red Cross and Red Crescent network in each country.

How to react in an emergency: Check – Call – Care

Even if you have basic training, do not put your or someone else’s life at risk—let emergency medical professionals handle it. However, quick action using the Check – Call – Care process could save a life:

Check: Identify whether an emergency exists—check the person and the surroundings to see if they’re experiencing real risk or distress
Call: If the emergency seems critical, do not hesitate to call the designated emergency number in your country
Care: Stay with the person, monitoring their vital signals and providing information to the medical team
How to provide first aid

Emergency medical professionals might take time to arrive, particularly if there’s traffic or if you’re in a remote location. Assuming you’ve already determined that help is needed and called an emergency number, here are some first steps you can take while you wait.

Allergic reaction or allergy attack

Pollen, stings and bites, latex, some food items such as nuts, shellfish, eggs, or dairy products, and certain medications could cause a severe allergic reaction (anaphylaxis).

What Hosts and guests should have on hand:

First aid kit
First Aid app for your country
Epinephrine auto-injector (guests only, if prescribed)
How to take immediate action
Identify symptoms. Notice if the person develops a rash, itchiness, or swelling on their face, hands, or feet. Their breathing may also slow down—this is caused by the swelling of their airway. Vomiting and diarrhea can also occur.
Call local emergency services. If the person shows symptoms, call the designated emergency number. Allergy attacks require urgent medical assistance.
Use an epinephrine auto-injector. If the person has a known allergy, they may have been prescribed an auto-injector. You can help them to use it—follow the guidance on the packaging if necessary. The person should only use their own auto-injector, not auto-injectors from others or ones prescribed for different allergic reactions.
Help the person stay as comfortable as possible. Give them constant reassurance while waiting for emergency services.
Inform emergency services what action was taken. Relay the details of the situation and whether an auto-injector was used.
Seizure
Protect them from injury
Do not restrain them
After the seizure, move them onto their side
Tilt their head back and check for breathing
Diabetic emergencies
Give them a sweet, sugary drink or food
Reassure them—most people will gradually improve
Stroke
Identify if there’s weakness on one side
Check if they can raise both arms
Confirm they can easily talk in an understandable way
Choking
Check for breathing by tilting their head backward
Clear the airway if it’s blocked
Give 5 back blows between the shoulder blades to dislodge the object
Give 5 abdominal thrusts
Continue to monitor the person until help arrives
Poisoning
Establish what they have taken, when, and how much
DO NOT make them vomit or give them anything to drink
Heart attack
Help them sit down
Give them aspirin (not ibuprofen or acetaminophen)
Give constant reassurance
External bleeding
Put pressure on the wound
Keep pressure on the wound until help arrives
Fractures, dislocations, sprains, and strains
Support the injury to prevent movement
Make sure it’s supported until help arrives
Neck, head, and spinal injuries
Tell emergency services if the person is drowsy, confused, or vomiting, or if the injury occurred from a fall two times their height or greater
Ask them to rest and hold still
Apply a cold compress to the injury—20 minutes on, 10 minutes off
Emergencies that may not seem serious at first
Burns
Cool the burn under cool running water for at least 10 minutes
Cover the burn with plastic wrap or a clean plastic bag
If a child is burned or if the burn is serious, call the designated emergency number
Asthma
Help the person sit in a comfortable position and take their medication if they have it
Reassure them
If the attack becomes severe or does not improve with medication, call the designated emergency number
Heat-related
Move the person to a cool place
Rehydrate the person with sports water (carbohydrate electrolytes), coconut water, milk, or plain water only when the other options are not available
Loosen or remove as much clothing as possible
Apply cool wet cloths
Fan and mist the person
If the person is not responsive, call the designated emergency number
Cold-related (environmental)
Check for signs of hypothermia (reduced body temperature)
Warm the person with water no more than 100 degrees Fahrenheit/37 Celsius degrees
Cover the person or the area with a blanket or jacket without putting pressure
Provide warm liquids without alcohol or caffeine
If the person doesn’t respond, call the designated emergency number
Additional guidance
Emergency planning

We recommend that all guests and Hosts engaging in an experience prepare an emergency plan in case of a natural disaster or any other kind of emergency that could occur during an experience.

Airbnb-provided trip protections

All experiences include 24/7 community support. We also maintain $1,000,000 USD of liability insurance under our Experience Protection Insurance program, in order to provide Hosts and guests with peace of mind (certain exclusions apply). Additionally, in the event of a life-threatening injury, we’ve also partnered with an emergency medevac provider that may be activated to reach an injured party to support a medically necessary evacuation.

Partner disclaimers

Courtesy of the American Red Cross. ©2021 The American National Red Cross ALL RIGHTS RESERVED.

The American Red Cross and International Federation of the Red Cross Red Crescent name and emblem are used with its permission, which in no way constitutes an endorsement, express or implied, of any product, service, company, opinion or political position. The American Red Cross logo is a registered trademark owned by The American National Red Cross. For more information about the American Red Cross, please visit redcross.org.

In an emergency, contact local police or emergency services immediately.


Did this article help?
Yes
No
Related articles
How-to
Fire and carbon monoxide safety
Carbon monoxide alarms aren’t common in many parts of the world, so we suggest buying one to bring with you when you travel.
How-to
What kind of medical evacuation support is available on Airbnb Experiences and Adventures?
International SOS helps support medically necessary evacuations for hosts and guests and provides expert recommendations regarding health care globally.
How-to
How can I plan for an emergency when on an Airbnb Experience or Adventure?
You can use our safety plan templates as provided by the American Red Cross and International Federation of the Red Cross Red Crescent.
Get help with your reservations, account, and more.
Log in or sign up
Site Footer
Support
Help Center
AirCover
Anti-discrimination
Disability support
Cancellation options
Report neighborhood concern
Hosting
Airbnb your home
AirCover for Hosts
Hosting resources
Community forum
Hosting responsibly
Airbnb-friendly apartments
Join a free Hosting class
Find a co‑host
Airbnb
2025 Summer Release
Newsroom
New features
Careers
Investors
Gift cards
Airbnb.org emergency stays
Footer section
© 2025 Airbnb, Inc.·Terms·Sitemap·Privacy·Your Privacy Choices
English (US)
€
EUR | Safety resources in the USA: Skip to content
Help Center
– home page
Search
Suggestions will show after typing in the search input. Use the up and down arrows to review. Use enter to select. If the selection is a phrase, that phrase will be submitted to search. If the suggestion is a link, the browser will navigate to that page.
Home
All topics
Safety
Safety tips and guidelines
General safety tips
Safety resources in the USA
How-to
Safety resources in the USA

Remember: In an emergency situation, or if your personal safety is threatened, contact local police or emergency services immediately.

Whether you're hosting or traveling, here are some resources for support along the way:

In this article
Emergency contact information
Travel and documentation
Suicide and self-harm
Health and disease
Special planning considerations
Elevator safety
We're here to help
Emergency contact information
Emergency—Medical/Fire/Police: 911
National Domestic Violence Hotline: 1-800-799-SAFE (7233)
National Sexual Assault Hotline: 1-800-656-HOPE (4673)
National Substance Abuse and Mental Health [SAMHSA]: 1-800-662-HELP (4357)
National Human Trafficking Hotline: 1-888-373-7888
Drug Trafficking: US DEA
Travel and documentation
Smart Traveler Enrollment Program
Lost or Stolen Passports
Documentation, vaccinations, visas, etc.
Traveler's Checklist
Embassies and Consulates
Suicide and self-harm
National Suicide Prevention Lifeline: 1-800-273-TALK (8255)
Volunteer action to prevent suicide: Befrienders
National Eating Disorders Association
Support for young people: Your Life Your Voice
Health and disease
Your health abroad
Find a doctor or hospital abroad
Disease outbreak alerts
Vaccines, medicines, advice
Traveler Information Center
Special planning considerations
LGBT Travelers
Older Travelers
Traveling with Disabilities
Child Safety
Elevator safety
For Hosts considering installing residential elevators or who have already done so, it’s important to be aware of safety guidance from the Consumer Product Safety Commission (CPSC) on how to protect against gaps within residential elevators. Review the CPSC’s advisory and guidance.
We're here to help

If there’s an emergency in progress, please contact local emergency services or law enforcement authorities for assistance.

For other safety issues, we’re available 24 hours a day. Read more about how to contact us in our Help Center.

We take threats of suicide and self-harm very seriously and may reach out to authorities to request a wellness check if we are notified that there is an imminent safety risk.

Did this article help?
Yes
No
Related articles
How-to • Hôte de logement
Refund your guest
How hosts refund guests depends on whether it’s during or after their check-in or start time.
How-to • Home host
If your guest cancels
If your guest cancels their reservation, we’ll notify you and automatically unblock the dates on your calendar so you can host other guests.
How-to • Hôte de logement
When you'll get your payout
We typically send payouts about 24 hours after a guest checks in for home stays, and after the completion of a service or experience. However, when you'll get your payout can depend on several factors.
Get help with your reservations, account, and more.
Log in or sign up
Site Footer
Support
Help Center
AirCover
Anti-discrimination
Disability support
Cancellation options
Report neighborhood concern
Hosting
Airbnb your home
AirCover for Hosts
Hosting resources
Community forum
Hosting responsibly
Airbnb-friendly apartments
Join a free Hosting class
Find a co‑host
Airbnb
2025 Summer Release
Newsroom
New features
Careers
Investors
Gift cards
Airbnb.org emergency stays
Footer section
© 2025 Airbnb, Inc.·Terms·Sitemap·Privacy·Your Privacy Choices
English (US)
€
EUR | Health and safety requirements for Airbnb stays: Skip to content
Help Center
– home page
Search
Suggestions will show after typing in the search input. Use the up and down arrows to review. Use enter to select. If the selection is a phrase, that phrase will be submitted to search. If the suggestion is a link, the browser will navigate to that page.
Home
All topics
Safety
Safety tips and guidelines
General safety tips
Health and safety requirements for Airbnb stays
Rules
Health and safety requirements for Airbnb stays

During the COVID-19 pandemic, it’s important to keep health and safety in mind. We’ve created a set of mandatory COVID-19 safety practices for both for Hosts and guests of Airbnb listings, based on guidance from the World Health Organization and the US Centers for Disease Control. In addition, you should be familiar with general health and safety guidelines for COVID-19 safety, continue to monitor applicable government travel restrictions and advisories, and follow all national and local laws and guidelines.

Airbnb has introduced guidelines and programs to help address health and safety concerns, but these measures cannot eliminate all risk. Especially if you're in a higher risk category (ex: people above the age of 65 or people with pre-existing medical conditions such as diabetes or heart disease), we recommend obtaining professional guidance and taking extra precautions when you are making the decision to book a stay or an experience on Airbnb. Learn more about health and safety guidelines for Airbnb Experiences Hosts and guests.

COVID-19 safety practices (required)
Wear a mask and practice social distancing when required by local laws and guidelines

When required by local laws or guidelines, all Hosts and guests must:

Wear a mask or face covering when interacting in person
Maintain 6 feet/2 meters of distance from each other at all times
Follow Airbnb’s 5-step enhanced cleaning process between each stay

All Hosts and guests are required to follow the COVID-19 safety practices outlined above, as applicable, including Airbnb’s 5-step enhanced cleaning process between guest stays. Any Host or guest who repeatedly violates these guidelines may face other consequences, including account suspension or removal from the community.

Additional guidance for traveling and hosting during COVID-19
Don’t travel or host if you’ve recently been exposed to or have symptoms of COVID-19

To protect the health and safety of our community, Hosts (and all people who may be present at the listing before or during a stay) should not enter their listing(s) or interact with their guests, and guests should not check into a listing, if any of the following are true:

You are actively infected or have recently tested positive with COVID-19
You suspect you are sick or have been exposed and are awaiting test results to confirm or deny a diagnosis of COVID-19
You are showing symptoms or are concerned about a possible infection of COVID-19
You’ve recently had close, sustained contact with an individual confirmed or suspected to be infected with COVID-19

For more detail about how to travel responsibly during the COVID-19 pandemic, review our article on quarantine and isolation stays.

Wash your hands regularly

Be sure to wash your hands often, especially if you’re in contact with people outside your reservation and are touching surfaces and utensils in a shared space or a common area.

Wash your hands properly with soap and water for at least 20 seconds
If soap and water are not readily available, use a hand sanitizer that contains at least 60% alcohol; cover your hands and rub them together until they feel dry
Follow your local laws and guidelines on masks and social distancing in common areas and shared spaces

When you are in a common area or shared space (as a Host or guest), follow your local laws and guidelines for wearing a mask and social distancing from anyone who is not part of your reservation. Hosts should consider providing a no contact check-in whenever possible.

Remember, if you feel uncomfortable staying in a private room or shared space, consider booking an entire place instead. If you’re uncomfortable hosting a private room or shared space, you can list your entire place, or pause your hosting if that’s not possible.

Hosts should also follow local guidelines around hosting private rooms, shared spaces, and the total number of people allowed to gather in the listing.

Note: Airbnb maintains a global ban on all parties and events at Airbnb listings. Read our Party and Events Policy for more info.

Additional guidelines for Hosts of private rooms and shared spaces

Hosts of a private room or shared space listings should also:

Cap the guest count as needed to allow for social distancing in all common areas when required by local laws or guidelines
Ventilate common areas during the stay, when safe and secure to do so, as specified in the 5-step enhanced cleaning process
Clean and sanitize common areas (such as bathrooms and kitchens) as frequently as possible

Some governments may place restrictions on hosting private or shared rooms or may impose additional obligations or requirements on those spaces. Please make sure to review and follow any additional safety and cleaning guidance from the government and/or health authorities in your local jurisdiction.

What to do if you test positive for COVID-19 during or after your stay

If you recently tested positive for COVID-19 or have started to feel any COVID-19 symptoms, contact a medical professional and consider informing anyone who may have been impacted or potentially exposed, in addition to relevant local authorities.

Did this article help?
Yes
No
Related articles
Community policy
Quarantine and Isolation Stays
We’ve developed a set of guidelines to clarify Airbnb’s approach to responsible travel during the COVID-19 pandemic.
Community policy
How to help stop human trafficking
Airbnb has partnered with Polaris to strengthen our community’s understanding of human trafficking by helping you learn about red flags and how to respond if you encounter a potential human trafficking situation in your listing.
Community policy
Illegal and prohibited activities
Airbnb doesn’t allow illegal activities and other behaviors that could harm our community.
Get help with your reservations, account, and more.
Log in or sign up
Site Footer
Support
Help Center
AirCover
Anti-discrimination
Disability support
Cancellation options
Report neighborhood concern
Hosting
Airbnb your home
AirCover for Hosts
Hosting resources
Community forum
Hosting responsibly
Airbnb-friendly apartments
Join a free Hosting class
Find a co‑host
Airbnb
2025 Summer Release
Newsroom
New features
Careers
Investors
Gift cards
Airbnb.org emergency stays
Footer section
© 2025 Airbnb, Inc.·Terms·Sitemap·Privacy·Your Privacy Choices
English (US)
€
EUR",2025-07-08T11:25:12.735Z,
travel-admin,Airbnb for Work basics,Reporting issues,https://www.airbnb.com/help/topic/1397,"Skip to content
Help Center
– home page
Search
Suggestions will show after typing in the search input. Use the up and down arrows to review. Use enter to select. If the selection is a phrase, that phrase will be submitted to search. If the suggestion is a link, the browser will navigate to that page.
Home
All topics
Safety
Reporting issues
Reporting issues
How-to
What to know if your neighbor is an Airbnb host
We encourage hosts to think carefully about their responsibilities. Hosting comes with a commitment to neighbors and to the community.
How-to
How do I report discrimination to Airbnb?
Airbnb’s nondiscrimination policy was created to protect our community, and we take reports of discrimination very seriously.
How-to
Report a listing
Select Report this listing from any listing on Airbnb.
How-to
Reporting illegal content
Airbnb provides a mechanism for users, Members and third parties to report any suspected illegal content on our platform. This reporting mechanism is available to EEA residents.
How-to • Home host
When a neighbor reports an issue
Guidance for hosts for when a neighbor reports an issue.
How-to
Report a food safety or cleanliness issue on a service or experience
Your safety is important to us. If you have an issue during your service or experience, please let us know.
How-to • Gäst
If you have a problem or issue during your reservation
If anything unexpected comes up during your stay, message your host to discuss a solution first. It’s likely that they’ll be able to help you fix the issue. If your host can’t help or you’d like to request a refund, we’re here to support you.
How-to
Neighborhood Support
Find out how you can report a party, noise complaint, or neighborhood concern.
Related topics
Safety concerns
Safety tips and guidelines
Government travel restrictions and advisories
Site Footer
Support
Help Center
AirCover
Anti-discrimination
Disability support
Cancellation options
Report neighborhood concern
Hosting
Airbnb your home
AirCover for Hosts
Hosting resources
Community forum
Hosting responsibly
Airbnb-friendly apartments
Join a free Hosting class
Find a co‑host
Airbnb
2025 Summer Release
Newsroom
New features
Careers
Investors
Gift cards
Airbnb.org emergency stays
Footer section
© 2025 Airbnb, Inc.·Terms·Sitemap·Privacy·Your Privacy Choices
English (US)
€
EUR",3,What to know if your neighbor is an Airbnb host | How do I report discrimination to Airbnb? | Report a listing,"What to know if your neighbor is an Airbnb host: Skip to content
Help Center
– home page
Search
Suggestions will show after typing in the search input. Use the up and down arrows to review. Use enter to select. If the selection is a phrase, that phrase will be submitted to search. If the suggestion is a link, the browser will navigate to that page.
Home
All topics
Safety
Reporting issues
What to know if your neighbor is an Airbnb host
How-to
What to know if your neighbor is an Airbnb host

We encourage everyone to be a good neighbor when traveling and hosting—that means being mindful of your surroundings and following safety guidelines. If your neighbor is a host, here’s what you can expect.

Responsibility

Hosting comes with a commitment of responsibility to the neighbors and the community.

Trust and safety

Our robust Community Standards are designed to help hosts and guests learn about each other and make good decisions during a stay.

Direct, dedicated support

The Neighborhood Support page is your one-stop shop for help. There, you can:

Report a disturbance
Arrange a call with our team
Find a link to local emergency services if you need them
Did this article help?
Yes
No
Related articles
How-to • Home host
When a neighbor reports an issue
Guidance for hosts for when a neighbor reports an issue.
Rules
Tyrol
If you're thinking about becoming an Airbnb Host, here's some information to help you understand the laws in your city
Rules • Home host
Breckenridge, CO
If you're thinking about becoming an Airbnb Host, here's some information to help you understand the laws in your city
Get help with your reservations, account, and more.
Log in or sign up
Site Footer
Support
Help Center
AirCover
Anti-discrimination
Disability support
Cancellation options
Report neighborhood concern
Hosting
Airbnb your home
AirCover for Hosts
Hosting resources
Community forum
Hosting responsibly
Airbnb-friendly apartments
Join a free Hosting class
Find a co‑host
Airbnb
2025 Summer Release
Newsroom
New features
Careers
Investors
Gift cards
Airbnb.org emergency stays
Footer section
© 2025 Airbnb, Inc.·Terms·Sitemap·Privacy·Your Privacy Choices
English (US)
€
EUR | How do I report discrimination to Airbnb?: Skip to content
Help Center
– home page
Search
Suggestions will show after typing in the search input. Use the up and down arrows to review. Use enter to select. If the selection is a phrase, that phrase will be submitted to search. If the suggestion is a link, the browser will navigate to that page.
Home
All topics
Safety
Reporting issues
How do I report discrimination to Airbnb?
How-to
How do I report discrimination to Airbnb?
Airbnb’s Nondiscrimination Policy was created to encourage respect and inclusion in our community, and we take reports of discrimination very seriously. To report content from Airbnb profiles or listings that you believe violates our Nondiscrimination Policy, click or tap the Report this listing icon  in the Airbnb app.
To report a message exchange with another user on our website or within the app, click or tap the more icon , then select Report this message.
To report an in-person or off-platform incident, or to send a detailed report, contact us. If you experience discrimination during a trip and feel unsafe or require urgent assistance, you can contact the 24-hour safety line for support. Please provide specific details and identify the person you believe has violated the Nondiscrimination Policy.

Note: In an emergency, or if your personal safety is threatened, contact local police or emergency services immediately.

What we do with reports
Our community support team investigates reports and may follow up for additional documentation and information. If needed, we’ll also offer personalized, hands-on booking support to find you a different place to stay.
If a user violates our Nondiscrimination Policy, we will enforce accordingly. This can include things like warnings, suspension, and account removal.

Did this article help?
Yes
No
Related articles
How-to
How does Airbnb use data to work against racial discrimination?
Find out more about the methodology we use in order to help create new features and policies to address racial discrimination.
Legal terms
Limitations of background checks
Because our background checks are limited, you shouldn’t rely on them as a guarantee that the user has no criminal background or other red flags.
How-to
Implications of background checks
Learn about how the background checks we perform can impact your account.
Get help with your reservations, account, and more.
Log in or sign up
Site Footer
Support
Help Center
AirCover
Anti-discrimination
Disability support
Cancellation options
Report neighborhood concern
Hosting
Airbnb your home
AirCover for Hosts
Hosting resources
Community forum
Hosting responsibly
Airbnb-friendly apartments
Join a free Hosting class
Find a co‑host
Airbnb
2025 Summer Release
Newsroom
New features
Careers
Investors
Gift cards
Airbnb.org emergency stays
Footer section
© 2025 Airbnb, Inc.·Terms·Sitemap·Privacy·Your Privacy Choices
English (US)
€
EUR | Report a listing: Skip to content
Help Center
– home page
Search
Suggestions will show after typing in the search input. Use the up and down arrows to review. Use enter to select. If the selection is a phrase, that phrase will be submitted to search. If the suggestion is a link, the browser will navigate to that page.
Home
All topics
Safety
Reporting issues
Report a listing
How-to
Report a listing

If you encounter a listing on Airbnb that raises concerns, we ask that you report it. Your report helps us keep the whole Airbnb community safe.


In this article
Reasons to report a listing
Report a listing on Airbnb
Report suspicious messages and profiles
Reasons to report a listing

Some reasons to report a listing include:

Inappropriate content or photos
Misleading content or photos
Not a real place to stay
Scam or phishing attempts

If you have an active reservation and you need to report an issue, find out what to do if there’s an issue or problem during your stay.

Report a listing on Airbnb
Desktop
iOS app
Android app
Mobile browser
Report a listing on desktop
Click the listing that you want to report
Under the pricing details section, click Report this listing
Select the reason you're reporting the listing and click Next
Give further details (if required), and then click Submit
Report suspicious messages and profiles

You can also report a suspicious host or guest Profile or Message.

Did this article help?
Yes
No
Related articles
How-to
Report suspicious messages
If you get a suspicious message, let us know by contacting us or flagging it in your Messages.
How-to • Viajero
If you have a problem or issue during your reservation
If anything unexpected comes up during your stay, message your host to discuss a solution first. It’s likely that they’ll be able to help you fix the issue. If your host can’t help or you’d like to request a refund, we’re here to support you.
How-to
Report a host or guest’s profile
Something not right about how a host or guest is portraying themselves on their Airbnb profile? Report their profile.
Get help with your reservations, account, and more.
Log in or sign up
Site Footer
Support
Help Center
AirCover
Anti-discrimination
Disability support
Cancellation options
Report neighborhood concern
Hosting
Airbnb your home
AirCover for Hosts
Hosting resources
Community forum
Hosting responsibly
Airbnb-friendly apartments
Join a free Hosting class
Find a co‑host
Airbnb
2025 Summer Release
Newsroom
New features
Careers
Investors
Gift cards
Airbnb.org emergency stays
Footer section
© 2025 Airbnb, Inc.·Terms·Sitemap·Privacy·Your Privacy Choices
English (US)
€
EUR",2025-07-08T11:25:31.622Z,
travel-admin,Airbnb for Work basics,Government travel restrictions and advisories,https://www.airbnb.com/help/topic/1418,"Skip to content
Help Center
– home page
Search
Suggestions will show after typing in the search input. Use the up and down arrows to review. Use enter to select. If the selection is a phrase, that phrase will be submitted to search. If the suggestion is a link, the browser will navigate to that page.
Home
All topics
Safety
Government travel restrictions and advisories
Government travel restrictions and advisories
Check the links below to find government orders and decrees. Government responses continue to evolve, so please check back often for updates and rely on your local and national government for the most current information.
Community policy
Getting around during the Olympic & Paralympic Games Paris 2024
Paris Police will impose security perimeters around event venues during the Olympics and Paralympics. Please review the information below to better plan for your stay.
Community policy • Experience host
Hosting Experiences during the Olympic & Paralympic Games Paris 2024
Paris Police will impose security perimeters around event venues during the Olympics and Paralympics. Please review the information below to better plan for your experience.
Related topics
Safety concerns
Safety tips and guidelines
Reporting issues
Site Footer
Support
Help Center
AirCover
Anti-discrimination
Disability support
Cancellation options
Report neighborhood concern
Hosting
Airbnb your home
AirCover for Hosts
Hosting resources
Community forum
Hosting responsibly
Airbnb-friendly apartments
Join a free Hosting class
Find a co‑host
Airbnb
2025 Summer Release
Newsroom
New features
Careers
Investors
Gift cards
Airbnb.org emergency stays
Footer section
© 2025 Airbnb, Inc.·Terms·Sitemap·Privacy·Your Privacy Choices
English (US)
€
EUR",3,Getting around during the Olympic & Paralympic Games Paris 2024 | Hosting Experiences during the Olympic & Paralympic Games Paris 2024 | Cancellation options,"Getting around during the Olympic & Paralympic Games Paris 2024: Skip to content
Help Center
– home page
Search
Suggestions will show after typing in the search input. Use the up and down arrows to review. Use enter to select. If the selection is a phrase, that phrase will be submitted to search. If the suggestion is a link, the browser will navigate to that page.
Home
All topics
Safety
Government travel restrictions and advisories
Getting around during the Olympic & Paralympic Games Paris 2024
Community policy
Getting around during the Olympic & Paralympic Games Paris 2024

The Paris region will welcome millions of visitors during the Olympic Games Paris 2024 (from July 26 to August 11) and the Paralympic Games Paris 2024 (from August 28 to September 8). Competitions will be hosted at iconic sites in the heart of the city and beyond.

As a consequence, Paris Police will impose security perimeters around event venues. These will make getting around Paris tougher than usual. Please review the information below to better plan for your stay.

Note: Please make sure to check official sources listed below to confirm that the information provided hasn’t recently changed.

In this article
Security perimeters
Impact on transportation
How to download your proof of stay
Good Guest Guide
Useful links
Security perimeters

Several security perimeters will be created to regulate traffic around venues. Be aware that these perimeters may change every day.
Check out the official government transportation website to understand if your listing address or Experience will be impacted by a security perimeter at any particular time.

Impact on transportation

Transportation during the Olympic & Paralympic Games will be challenging, so please refer to the official government transportation website and the ""List of people authorized to circulate around competition sites"" to plan your itineraries.

I plan to walk, bike around: Pedestrians and cyclists are allowed to circulate without any restrictions in security perimeters except during the Opening Ceremony. Please refer to our section below to understand how Opening Ceremony security measures will impact access to your listing.
I plan to move around by public transport: The Transport Ministry has developed an interactive map to help you plan your itineraries in public transport during the Games.
I plan to move around by car: You will be impacted by restrictions if you are driving in zones designated as a “red” or “blue” zone. Red zones are most restrictive, with only authorized vehicles being able to access these zones. You can request an exemption to access red zones for your vehicle on the Police Prefecture website.
I plan to take a taxi / Uber to my listing: The same restrictions that apply to cars also apply to Ubers and taxis. If you are traveling in a red zone by taxi or Uber, you can request access to red zones in advance on the Police Prefecture website.
How to download your proof of stay

You will need to provide proof of stay for your Airbnb listing when you register with the Paris police in order to access a red zone by car. Please follow these steps to obtain your official proof of stay:

Navigate to the Trips section of your Airbnb account
Click or tap on your upcoming reservation in Paris
Scroll down and select Get a PDF for visa purposes or Get a proof of stay for Paris Olympics (you may see one or the other based on your listing location)
Add the legal full names of all travelers
Click or tap Download PDF

The names you provide must match a government ID. This information will be checked in person by the Paris police, matched to a government ID, and may be shared with the French government.

Good Guest Guide

To help guests get the most out of their stay, we’ve produced a helpful illustrated Good Guest Guide that includes essential information to travel responsibly and safely around the Games. Download the guide, available in French, German, and English.

Useful links
Digital registration platform for the red zones exemption (vehicles)
Transport map of zones and public transport

Are you hosting an Experience? Find out more about how security restrictions may impact your Experience.

Did this article help?
Yes
No
Get help with your reservations, account, and more.
Log in or sign up
Site Footer
Support
Help Center
AirCover
Anti-discrimination
Disability support
Cancellation options
Report neighborhood concern
Hosting
Airbnb your home
AirCover for Hosts
Hosting resources
Community forum
Hosting responsibly
Airbnb-friendly apartments
Join a free Hosting class
Find a co‑host
Airbnb
2025 Summer Release
Newsroom
New features
Careers
Investors
Gift cards
Airbnb.org emergency stays
Footer section
© 2025 Airbnb, Inc.·Terms·Sitemap·Privacy·Your Privacy Choices
English (US)
€
EUR | Hosting Experiences during the Olympic & Paralympic Games Paris 2024: Skip to content
Help Center
– home page
Search
Suggestions will show after typing in the search input. Use the up and down arrows to review. Use enter to select. If the selection is a phrase, that phrase will be submitted to search. If the suggestion is a link, the browser will navigate to that page.
Home
All topics
Safety
Government travel restrictions and advisories
Hosting Experiences during the Olympic & Paralympic Games Paris 2024
Community policy • Experience host
Hosting Experiences during the Olympic & Paralympic Games Paris 2024

The Paris region will welcome millions of visitors during the Olympic Games Paris 2024 (from July 26 to August 11) and the Paralympic Games Paris 2024 (from August 28 to September 8). Competitions will be hosted at iconic sites in the heart of the city and beyond.

As a consequence, Paris Police will impose security perimeters around event venues. These will make getting around Paris tougher than usual. Please review the information below to better plan your Experience.

Note: Please make sure to check official sources listed below to confirm that the information provided hasn’t recently changed.

Security perimeters

Several security perimeters will be created to regulate traffic around venues. Be aware that these perimeters may change every day.
Check out the official government transportation website to understand if your Experience will be impacted by a security perimeter at any particular time. Experiences that include moving around by motorized vehicle may be specially impacted.

Are you a Stay Host or Guest? Find out more about how security restrictions may impact your stay.

Did this article help?
Yes
No
Get help with your reservations, account, and more.
Log in or sign up
Site Footer
Support
Help Center
AirCover
Anti-discrimination
Disability support
Cancellation options
Report neighborhood concern
Hosting
Airbnb your home
AirCover for Hosts
Hosting resources
Community forum
Hosting responsibly
Airbnb-friendly apartments
Join a free Hosting class
Find a co‑host
Airbnb
2025 Summer Release
Newsroom
New features
Careers
Investors
Gift cards
Airbnb.org emergency stays
Footer section
© 2025 Airbnb, Inc.·Terms·Sitemap·Privacy·Your Privacy Choices
English (US)
€
EUR | Cancellation options: Skip to content
Help Center
– home page
Search
Suggestions will show after typing in the search input. Use the up and down arrows to review. Use enter to select. If the selection is a phrase, that phrase will be submitted to search. If the suggestion is a link, the browser will navigate to that page.
Home
All topics
Your reservations
Cancellations
Major Disruptive Events Policy
Community policy
Major Disruptive Events Policy
In this article
Overview
What events are covered
What happens if a reservation is impacted by a covered Event
What is not covered
How this policy affects hosts
Other things to be aware of
Overview

In general, cancellations and refunds for Airbnb reservations are governed by the listing’s cancellation policy. In the rare circumstances that large-scale events prevent or legally prohibit completion of a reservation, the Major Disruptive Events Policy (the “Policy”) may apply. When this Policy applies, guests can cancel their reservation and receive a refund, travel credit, and/or other consideration regardless of the reservation’s cancellation policy, and hosts can cancel without fees or other adverse consequences, although their listing’s calendar will be blocked for the dates of the canceled reservation.

This Policy applies to reservations for homes, services, and experiences and is applicable to reservations that are ongoing or that have a check-in on or after the effective date, except as otherwise notified by Airbnb to users. The Major Disruptive Events Policy is not an insurance policy.

What events are covered

The following events are covered under this Policy if they impact your reservation location, occur after the time of booking, and prevent or legally prohibit completion of a future or ongoing reservation (referred to in this Policy as “Events”):

Declared public health emergencies and epidemics. Government-declared epidemics, pandemics, and public health emergencies. This does not include diseases that are endemic (for example, the flu) or commonly associated with an area (for example, malaria in Thailand). COVID-19 is not covered under this Major Disruptive Events Policy.

Government travel restrictions. Mandatory travel restrictions imposed by a governmental agency, such as an evacuation order or shelter-in-place order. This does not include non-binding travel advisories and similar government guidance.

Military actions and other hostilities. Acts of war, hostilities, invasions, civil war, terrorism, explosions, bombings, rebellions, riots, and insurrection.

Large-scale outages of essential utilities. Prolonged outages of essential utilities, such as heat, water, and electricity, impacting the vast majority of homes in a given location.

Unforeseeable natural disasters and severe weather events. Unforeseeable natural disasters, like earthquakes and tsunamis, and unforeseeable severe weather events, like tornadoes. This does not include events that are foreseeable for a given location, as described further below.

What happens if a reservation is impacted by a covered Event

When a large-scale event occurs, we assess the situation to determine whether the Major Disruptive Events Policy applies. If it does, we activate the Policy for the impacted area and timeframe where we anticipate that the Event will prevent or legally prohibit completion of reservations. Reservations outside of the defined area and timeframe may not be eligible, though hosts may still be able to cancel without adverse consequences if they are unable to host. We continuously monitor these situations and adjust coverage as needed to reflect changing conditions. If you believe this Policy applies to your reservation, please contact us to inquire about eligibility.

What is not covered

We understand that other circumstances outside of your control may disrupt your plans. In any situations not listed above, your reservation remains subject to the host’s cancellation policy for the listing.

Examples of common events not covered by this policy include:

Events that impact a guest or their ability to travel, but not the reservation location
Unexpected injury or illness
Government obligations like jury duty or court appearances
Non-binding travel advisories or other government guidance that fall short of a travel ban or prohibition
Cancellation or rescheduling of an event for which the reservation was made
Transportation disruptions such as airline insolvency, flight cancellations, transportation strikes, and road closures due to maintenance
Weather or natural conditions that are common enough to be foreseeable in a given location, such as hurricanes in Florida during hurricane season or winter weather in the northern hemisphere during winter months—unless the event triggers a covered Event that prevents completion of the reservation, such as government-issued mandatory travel restrictions

For reservations not covered by this Policy, we encourage guests and hosts to find a mutually acceptable arrangement, such as a full or partial refund or an alteration of the booking dates. Note that any refunds outside of the reservation’s cancellation policy are at the host’s discretion. Airbnb does not take part in or guarantee such refunds.

How this policy affects hosts

If a reservation is covered by the Major Disruptive Events Policy, hosts can cancel without fees or other adverse consequences. If a host cancels under this policy, their listing’s calendar will be blocked for the dates of the canceled reservation. If a reservation is canceled under this Policy, the host does not receive a payout for the canceled dates of the reservation, or, if the payout has already been made, the refunded amount will be withheld from the next payout(s).

Regardless of whether a reservation is covered by this Policy, hosts can cancel for certain valid reasons, such as major damage to a listing, without fees or other adverse consequences. Hosts are obligated to cancel a reservation if their listing is uninhabitable or is inconsistent with what the guest booked. Failure to do so may result in listing suspension, cancellation of existing reservations, and refunds to guests until the listing is habitable and consistent with the listing description. This also violates our Ground rules for hosts, and can lead to consequences up to and including account removal.

Other things to be aware of

This Policy does not limit your rights under local regulations, and any decisions made by Airbnb under this Policy do not affect your statutory rights.

Did this article help?
Yes
No
Related articles
How-to • Guest
Canceling a trip due to a Major Disruptive Event
If you need to cancel because a large-scale event at your destination prevents completion of your reservation, we can help.
Community policy • Home host
Host Cancellation Policy for homes
Because cancellations can disrupt guests' plans and impact confidence in the Airbnb community, there are penalties applied for Host cancellations.
How-to • Guest
Find the cancellation policy for any home, service, or experience
Here’s where to find the cancellation policy for any home, service, or experience.
Get help with your reservations, account, and more.
Log in or sign up
Site Footer
Support
Help Center
AirCover
Anti-discrimination
Disability support
Cancellation options
Report neighborhood concern
Hosting
Airbnb your home
AirCover for Hosts
Hosting resources
Community forum
Hosting responsibly
Airbnb-friendly apartments
Join a free Hosting class
Find a co‑host
Airbnb
2025 Summer Release
Newsroom
New features
Careers
Investors
Gift cards
Airbnb.org emergency stays
Footer section
© 2025 Airbnb, Inc.·Terms·Sitemap·Privacy·Your Privacy Choices
English (US)
€
EUR",2025-07-08T11:25:50.805Z,
travel-admin,Airbnb for Work basics,Airbnb for Work basics,https://www.airbnb.com/help/topic/1554,"Skip to content
Help Center
– home page
Search
Suggestions will show after typing in the search input. Use the up and down arrows to review. Use enter to select. If the selection is a phrase, that phrase will be submitted to search. If the suggestion is a link, the browser will navigate to that page.
Home
All topics
Airbnb for Work basics
Airbnb for Work basics
Airbnb for Work basics
How-to
About Airbnb for Work
Book and manage work trips for your employees, and use our tools to help manage business travel.
Related topics
Signing up
Site Footer
Support
Help Center
AirCover
Anti-discrimination
Disability support
Cancellation options
Report neighborhood concern
Hosting
Airbnb your home
AirCover for Hosts
Hosting resources
Community forum
Hosting responsibly
Airbnb-friendly apartments
Join a free Hosting class
Find a co‑host
Airbnb
2025 Summer Release
Newsroom
New features
Careers
Investors
Gift cards
Airbnb.org emergency stays
Footer section
© 2025 Airbnb, Inc.·Terms·Sitemap·Privacy·Your Privacy Choices
English (US)
€
EUR",2,About Airbnb for Work | Cancellation options,"About Airbnb for Work: Skip to content
Help Center
– home page
Search
Suggestions will show after typing in the search input. Use the up and down arrows to review. Use enter to select. If the selection is a phrase, that phrase will be submitted to search. If the suggestion is a link, the browser will navigate to that page.
Home
All topics
Airbnb for Work basics
Airbnb for Work basics
About Airbnb for Work
How-to
About Airbnb for Work

Arranging accommodation for business trips is a cinch with Airbnb for Work, which puts a worldwide selection of homes and boutique hotels along with a suite of helpful tools right at your fingertips.

In this article
What you get
How to enroll
What you get
A free Airbnb for Work admin dashboard—making it easier to book, manage, and accurately report on company trips
Price alerts and payment groups to help manage company travel spending
How to enroll

If you’re in charge of booking travel, learn how to sign up your company. If your organization already has an Airbnb for Work account, find out how to join it.

Did this article help?
Yes
No
Related articles
How-to • Travel admin
Access and get to know your Airbnb for Work dashboard
The Airbnb for Work dashboard is split up into many tabs such as Trips, Reporting, Invoices, and People.
How-to • Guest
Add business travel details to your reservation
You can add or remove work travel info on your reservation. Your receipt won't show any info that's added after the reservation is confirmed.
How-to • Voyageur
Mark a booking as an Airbnb for Work business trip
You can identify a reservation as a business trip by selecting “Is this a work trip?” during checkout.
Get help with your reservations, account, and more.
Log in or sign up
Site Footer
Support
Help Center
AirCover
Anti-discrimination
Disability support
Cancellation options
Report neighborhood concern
Hosting
Airbnb your home
AirCover for Hosts
Hosting resources
Community forum
Hosting responsibly
Airbnb-friendly apartments
Join a free Hosting class
Find a co‑host
Airbnb
2025 Summer Release
Newsroom
New features
Careers
Investors
Gift cards
Airbnb.org emergency stays
Footer section
© 2025 Airbnb, Inc.·Terms·Sitemap·Privacy·Your Privacy Choices
English (US)
€
EUR | Cancellation options: Skip to content
Help Center
– home page
Search
Suggestions will show after typing in the search input. Use the up and down arrows to review. Use enter to select. If the selection is a phrase, that phrase will be submitted to search. If the suggestion is a link, the browser will navigate to that page.
Home
All topics
Your reservations
Cancellations
Major Disruptive Events Policy
Community policy
Major Disruptive Events Policy
In this article
Overview
What events are covered
What happens if a reservation is impacted by a covered Event
What is not covered
How this policy affects hosts
Other things to be aware of
Overview

In general, cancellations and refunds for Airbnb reservations are governed by the listing’s cancellation policy. In the rare circumstances that large-scale events prevent or legally prohibit completion of a reservation, the Major Disruptive Events Policy (the “Policy”) may apply. When this Policy applies, guests can cancel their reservation and receive a refund, travel credit, and/or other consideration regardless of the reservation’s cancellation policy, and hosts can cancel without fees or other adverse consequences, although their listing’s calendar will be blocked for the dates of the canceled reservation.

This Policy applies to reservations for homes, services, and experiences and is applicable to reservations that are ongoing or that have a check-in on or after the effective date, except as otherwise notified by Airbnb to users. The Major Disruptive Events Policy is not an insurance policy.

What events are covered

The following events are covered under this Policy if they impact your reservation location, occur after the time of booking, and prevent or legally prohibit completion of a future or ongoing reservation (referred to in this Policy as “Events”):

Declared public health emergencies and epidemics. Government-declared epidemics, pandemics, and public health emergencies. This does not include diseases that are endemic (for example, the flu) or commonly associated with an area (for example, malaria in Thailand). COVID-19 is not covered under this Major Disruptive Events Policy.

Government travel restrictions. Mandatory travel restrictions imposed by a governmental agency, such as an evacuation order or shelter-in-place order. This does not include non-binding travel advisories and similar government guidance.

Military actions and other hostilities. Acts of war, hostilities, invasions, civil war, terrorism, explosions, bombings, rebellions, riots, and insurrection.

Large-scale outages of essential utilities. Prolonged outages of essential utilities, such as heat, water, and electricity, impacting the vast majority of homes in a given location.

Unforeseeable natural disasters and severe weather events. Unforeseeable natural disasters, like earthquakes and tsunamis, and unforeseeable severe weather events, like tornadoes. This does not include events that are foreseeable for a given location, as described further below.

What happens if a reservation is impacted by a covered Event

When a large-scale event occurs, we assess the situation to determine whether the Major Disruptive Events Policy applies. If it does, we activate the Policy for the impacted area and timeframe where we anticipate that the Event will prevent or legally prohibit completion of reservations. Reservations outside of the defined area and timeframe may not be eligible, though hosts may still be able to cancel without adverse consequences if they are unable to host. We continuously monitor these situations and adjust coverage as needed to reflect changing conditions. If you believe this Policy applies to your reservation, please contact us to inquire about eligibility.

What is not covered

We understand that other circumstances outside of your control may disrupt your plans. In any situations not listed above, your reservation remains subject to the host’s cancellation policy for the listing.

Examples of common events not covered by this policy include:

Events that impact a guest or their ability to travel, but not the reservation location
Unexpected injury or illness
Government obligations like jury duty or court appearances
Non-binding travel advisories or other government guidance that fall short of a travel ban or prohibition
Cancellation or rescheduling of an event for which the reservation was made
Transportation disruptions such as airline insolvency, flight cancellations, transportation strikes, and road closures due to maintenance
Weather or natural conditions that are common enough to be foreseeable in a given location, such as hurricanes in Florida during hurricane season or winter weather in the northern hemisphere during winter months—unless the event triggers a covered Event that prevents completion of the reservation, such as government-issued mandatory travel restrictions

For reservations not covered by this Policy, we encourage guests and hosts to find a mutually acceptable arrangement, such as a full or partial refund or an alteration of the booking dates. Note that any refunds outside of the reservation’s cancellation policy are at the host’s discretion. Airbnb does not take part in or guarantee such refunds.

How this policy affects hosts

If a reservation is covered by the Major Disruptive Events Policy, hosts can cancel without fees or other adverse consequences. If a host cancels under this policy, their listing’s calendar will be blocked for the dates of the canceled reservation. If a reservation is canceled under this Policy, the host does not receive a payout for the canceled dates of the reservation, or, if the payout has already been made, the refunded amount will be withheld from the next payout(s).

Regardless of whether a reservation is covered by this Policy, hosts can cancel for certain valid reasons, such as major damage to a listing, without fees or other adverse consequences. Hosts are obligated to cancel a reservation if their listing is uninhabitable or is inconsistent with what the guest booked. Failure to do so may result in listing suspension, cancellation of existing reservations, and refunds to guests until the listing is habitable and consistent with the listing description. This also violates our Ground rules for hosts, and can lead to consequences up to and including account removal.

Other things to be aware of

This Policy does not limit your rights under local regulations, and any decisions made by Airbnb under this Policy do not affect your statutory rights.

Did this article help?
Yes
No
Related articles
How-to • Hóspede
Canceling a trip due to a Major Disruptive Event
If you need to cancel because a large-scale event at your destination prevents completion of your reservation, we can help.
Community policy • Home host
Host Cancellation Policy for homes
Because cancellations can disrupt guests' plans and impact confidence in the Airbnb community, there are penalties applied for Host cancellations.
How-to • Guest
Find the cancellation policy for any home, service, or experience
Here’s where to find the cancellation policy for any home, service, or experience.
Get help with your reservations, account, and more.
Log in or sign up
Site Footer
Support
Help Center
AirCover
Anti-discrimination
Disability support
Cancellation options
Report neighborhood concern
Hosting
Airbnb your home
AirCover for Hosts
Hosting resources
Community forum
Hosting responsibly
Airbnb-friendly apartments
Join a free Hosting class
Find a co‑host
Airbnb
2025 Summer Release
Newsroom
New features
Careers
Investors
Gift cards
Airbnb.org emergency stays
Footer section
© 2025 Airbnb, Inc.·Terms·Sitemap·Privacy·Your Privacy Choices
English (US)
€
EUR",2025-07-08T11:26:07.009Z,
travel-admin,Airbnb for Work basics,Signing up,https://www.airbnb.com/help/topic/1555,"Skip to content
Help Center
– home page
Search
Suggestions will show after typing in the search input. Use the up and down arrows to review. Use enter to select. If the selection is a phrase, that phrase will be submitted to search. If the suggestion is a link, the browser will navigate to that page.
Home
All topics
Airbnb for Work basics
Signing up
Signing up
How-to • Travel admin
Sign your company up for Airbnb for Work
To enroll your company in Airbnb for Work, fill out our contact form.
Related topics
Airbnb for Work basics
Site Footer
Support
Help Center
AirCover
Anti-discrimination
Disability support
Cancellation options
Report neighborhood concern
Hosting
Airbnb your home
AirCover for Hosts
Hosting resources
Community forum
Hosting responsibly
Airbnb-friendly apartments
Join a free Hosting class
Find a co‑host
Airbnb
2025 Summer Release
Newsroom
New features
Careers
Investors
Gift cards
Airbnb.org emergency stays
Footer section
© 2025 Airbnb, Inc.·Terms·Sitemap·Privacy·Your Privacy Choices
English (US)
€
EUR",2,Sign your company up for Airbnb for Work | Cancellation options,"Sign your company up for Airbnb for Work: Skip to content
Help Center
– home page
Search
Suggestions will show after typing in the search input. Use the up and down arrows to review. Use enter to select. If the selection is a phrase, that phrase will be submitted to search. If the suggestion is a link, the browser will navigate to that page.
Home
All topics
Airbnb for Work basics
Signing up
Sign your company up for Airbnb for Work
How-to • Travel admin
Sign your company up for Airbnb for Work

Joining Airbnb for Work makes it easy to book and manage company travel, with access to listings around the world for short or extended business travel. If you manage your employer's travel or human resources department, you can enroll your company in Airbnb for Work.

In this article
Enroll your company
Set up your company's account
Add employees to your company's account
Add an admin or trip planner
Enroll your company

First, fill out the contact form. Our team will determine if your company qualifies for a corporate account.

Set up your company's account

Next, you’ll need to confirm your email address. When you do, you’ll get access to a free Airbnb for Work dashboard where you can complete tasks like adding your company’s credit card. This gives your employees an easy way to pay for any work trips they book on Airbnb.

After you’ve signed your company up for Airbnb for Work, you’ll be able to access your company’s dashboard from your personal Airbnb account.

Add employees to your company's account

Your unique Airbnb for Work invite page makes it easy for you to invite your employees. After they sign up, they can book places to stay for work trips.

Add an admin or trip planner

Once your employee accepts the invitation and is on board, you can change their role and give them more responsibilities, like making them an admin or a trip planner. Only employees designated as admins or trip planners can access your company’s dashboard. Travel admins have a different dashboard view than trip planners.

Did this article help?
Yes
No
Related articles
How-to
Join your company’s Airbnb for Work account
Join your employer's Airbnb for Work account to streamline your business travel.
How-to • Home host
Joining Airbnb as a company or managing company info on an account
We welcome listings hosted by professional hospitality providers on Airbnb, including hotels that meet our criteria.
Rules
Andalusia
If you're thinking about becoming an Airbnb Host, here's some information to help you understand the laws in your city
Get help with your reservations, account, and more.
Log in or sign up
Site Footer
Support
Help Center
AirCover
Anti-discrimination
Disability support
Cancellation options
Report neighborhood concern
Hosting
Airbnb your home
AirCover for Hosts
Hosting resources
Community forum
Hosting responsibly
Airbnb-friendly apartments
Join a free Hosting class
Find a co‑host
Airbnb
2025 Summer Release
Newsroom
New features
Careers
Investors
Gift cards
Airbnb.org emergency stays
Footer section
© 2025 Airbnb, Inc.·Terms·Sitemap·Privacy·Your Privacy Choices
English (US)
€
EUR | Cancellation options: Skip to content
Help Center
– home page
Search
Suggestions will show after typing in the search input. Use the up and down arrows to review. Use enter to select. If the selection is a phrase, that phrase will be submitted to search. If the suggestion is a link, the browser will navigate to that page.
Home
All topics
Your reservations
Cancellations
Major Disruptive Events Policy
Community policy
Major Disruptive Events Policy
In this article
Overview
What events are covered
What happens if a reservation is impacted by a covered Event
What is not covered
How this policy affects hosts
Other things to be aware of
Overview

In general, cancellations and refunds for Airbnb reservations are governed by the listing’s cancellation policy. In the rare circumstances that large-scale events prevent or legally prohibit completion of a reservation, the Major Disruptive Events Policy (the “Policy”) may apply. When this Policy applies, guests can cancel their reservation and receive a refund, travel credit, and/or other consideration regardless of the reservation’s cancellation policy, and hosts can cancel without fees or other adverse consequences, although their listing’s calendar will be blocked for the dates of the canceled reservation.

This Policy applies to reservations for homes, services, and experiences and is applicable to reservations that are ongoing or that have a check-in on or after the effective date, except as otherwise notified by Airbnb to users. The Major Disruptive Events Policy is not an insurance policy.

What events are covered

The following events are covered under this Policy if they impact your reservation location, occur after the time of booking, and prevent or legally prohibit completion of a future or ongoing reservation (referred to in this Policy as “Events”):

Declared public health emergencies and epidemics. Government-declared epidemics, pandemics, and public health emergencies. This does not include diseases that are endemic (for example, the flu) or commonly associated with an area (for example, malaria in Thailand). COVID-19 is not covered under this Major Disruptive Events Policy.

Government travel restrictions. Mandatory travel restrictions imposed by a governmental agency, such as an evacuation order or shelter-in-place order. This does not include non-binding travel advisories and similar government guidance.

Military actions and other hostilities. Acts of war, hostilities, invasions, civil war, terrorism, explosions, bombings, rebellions, riots, and insurrection.

Large-scale outages of essential utilities. Prolonged outages of essential utilities, such as heat, water, and electricity, impacting the vast majority of homes in a given location.

Unforeseeable natural disasters and severe weather events. Unforeseeable natural disasters, like earthquakes and tsunamis, and unforeseeable severe weather events, like tornadoes. This does not include events that are foreseeable for a given location, as described further below.

What happens if a reservation is impacted by a covered Event

When a large-scale event occurs, we assess the situation to determine whether the Major Disruptive Events Policy applies. If it does, we activate the Policy for the impacted area and timeframe where we anticipate that the Event will prevent or legally prohibit completion of reservations. Reservations outside of the defined area and timeframe may not be eligible, though hosts may still be able to cancel without adverse consequences if they are unable to host. We continuously monitor these situations and adjust coverage as needed to reflect changing conditions. If you believe this Policy applies to your reservation, please contact us to inquire about eligibility.

What is not covered

We understand that other circumstances outside of your control may disrupt your plans. In any situations not listed above, your reservation remains subject to the host’s cancellation policy for the listing.

Examples of common events not covered by this policy include:

Events that impact a guest or their ability to travel, but not the reservation location
Unexpected injury or illness
Government obligations like jury duty or court appearances
Non-binding travel advisories or other government guidance that fall short of a travel ban or prohibition
Cancellation or rescheduling of an event for which the reservation was made
Transportation disruptions such as airline insolvency, flight cancellations, transportation strikes, and road closures due to maintenance
Weather or natural conditions that are common enough to be foreseeable in a given location, such as hurricanes in Florida during hurricane season or winter weather in the northern hemisphere during winter months—unless the event triggers a covered Event that prevents completion of the reservation, such as government-issued mandatory travel restrictions

For reservations not covered by this Policy, we encourage guests and hosts to find a mutually acceptable arrangement, such as a full or partial refund or an alteration of the booking dates. Note that any refunds outside of the reservation’s cancellation policy are at the host’s discretion. Airbnb does not take part in or guarantee such refunds.

How this policy affects hosts

If a reservation is covered by the Major Disruptive Events Policy, hosts can cancel without fees or other adverse consequences. If a host cancels under this policy, their listing’s calendar will be blocked for the dates of the canceled reservation. If a reservation is canceled under this Policy, the host does not receive a payout for the canceled dates of the reservation, or, if the payout has already been made, the refunded amount will be withheld from the next payout(s).

Regardless of whether a reservation is covered by this Policy, hosts can cancel for certain valid reasons, such as major damage to a listing, without fees or other adverse consequences. Hosts are obligated to cancel a reservation if their listing is uninhabitable or is inconsistent with what the guest booked. Failure to do so may result in listing suspension, cancellation of existing reservations, and refunds to guests until the listing is habitable and consistent with the listing description. This also violates our Ground rules for hosts, and can lead to consequences up to and including account removal.

Other things to be aware of

This Policy does not limit your rights under local regulations, and any decisions made by Airbnb under this Policy do not affect your statutory rights.

Did this article help?
Yes
No
Related articles
How-to • Guest
Canceling a trip due to a Major Disruptive Event
If you need to cancel because a large-scale event at your destination prevents completion of your reservation, we can help.
Community policy • Home host
Host Cancellation Policy for homes
Because cancellations can disrupt guests' plans and impact confidence in the Airbnb community, there are penalties applied for Host cancellations.
How-to • Guest
Find the cancellation policy for any home, service, or experience
Here’s where to find the cancellation policy for any home, service, or experience.
Get help with your reservations, account, and more.
Log in or sign up
Site Footer
Support
Help Center
AirCover
Anti-discrimination
Disability support
Cancellation options
Report neighborhood concern
Hosting
Airbnb your home
AirCover for Hosts
Hosting resources
Community forum
Hosting responsibly
Airbnb-friendly apartments
Join a free Hosting class
Find a co‑host
Airbnb
2025 Summer Release
Newsroom
New features
Careers
Investors
Gift cards
Airbnb.org emergency stays
Footer section
© 2025 Airbnb, Inc.·Terms·Sitemap·Privacy·Your Privacy Choices
English (US)
€
EUR",2025-07-08T11:26:23.116Z,
travel-admin,Your company's Airbnb for Work account,Managing employees,https://www.airbnb.com/help/topic/1556,"Skip to content
Help Center
– home page
Search
Suggestions will show after typing in the search input. Use the up and down arrows to review. Use enter to select. If the selection is a phrase, that phrase will be submitted to search. If the suggestion is a link, the browser will navigate to that page.
Home
All topics
Your company's Airbnb for Work account
Managing employees
Managing employees
How-to • Travel admin
Invite employees to join Airbnb for Work
You can invite employees to join your company's Airbnb for Work program.
How-to • Travel admin
Remove an employee from your Airbnb for Work program
You can search for the employee and then remove them from the program via your Airbnb for Work dashboard.
How-to • Travel admin
What to do if you receive an alert that an employee’s Airbnb for Work email address is unconfirmed
You can review all unconfirmed email addresses and decide what action you need to take on your Airbnb for Work dashboard.
How-to • Travel admin
Designating Airbnb for Work employee roles
Access to the Airbnb for Work dashboard is managed through employee roles. Trip planners and admins have access to the dashboard. Travelers do not.
How-to • Travel admin
Set price alerts for Airbnb for Work employee bookings
If you’re an admin who manages your company's Airbnb for Work account, you can set price alerts for your employees' work travel bookings.
Related topics
Using the Airbnb for Work dashboard
Account settings
Site Footer
Support
Help Center
AirCover
Anti-discrimination
Disability support
Cancellation options
Report neighborhood concern
Hosting
Airbnb your home
AirCover for Hosts
Hosting resources
Community forum
Hosting responsibly
Airbnb-friendly apartments
Join a free Hosting class
Find a co‑host
Airbnb
2025 Summer Release
Newsroom
New features
Careers
Investors
Gift cards
Airbnb.org emergency stays
Footer section
© 2025 Airbnb, Inc.·Terms·Sitemap·Privacy·Your Privacy Choices
English (US)
€
EUR",3,Invite employees to join Airbnb for Work | Remove an employee from your Airbnb for Work program | What to do if you receive an alert that an employee’s Airbnb for Work email address is unconfirmed,"Invite employees to join Airbnb for Work: Skip to content
Help Center
– home page
Search
Suggestions will show after typing in the search input. Use the up and down arrows to review. Use enter to select. If the selection is a phrase, that phrase will be submitted to search. If the suggestion is a link, the browser will navigate to that page.
Home
All topics
Your company's Airbnb for Work account
Managing employees
Invite employees to join Airbnb for Work
How-to • Travel admin
Invite employees to join Airbnb for Work

If you’re a travel admin for your company’s Airbnb for Work account, you can invite employees with a company email address to join your program. After they sign up, they can book places to stay for work trips.

In this article
Invite employees to join Airbnb for Work
Invite employees to join teams
How employees can pay
Changing employee roles
Invite employees to join Airbnb for Work
Desktop
iOS app
Android app
Mobile browser
Invite employees to join Airbnb for Work on desktop
Click Profile > Company dashboard
Click People
Click Invite
Click Copy to copy a unique invite link that you can share with your employees

Once an employee successfully signs up, they'll be listed under People in your Airbnb for Work dashboard.

Invite employees to join teams

You can also invite employees to join specific teams and designate shared payment methods.

First set up a team within your Airbnb for Work account. Then:

Desktop
iOS app
Android app
Mobile browser
Invite employees to join teams on desktop
Click Profile > Company dashboard
Click People
Click Teams
Find the team you want, then click Add people
Click Copy to copy a unique invite link that you can share with your employees
How employees can pay

Employees who sign up can pay for their business trips using their own payment methods, unless you or another travel admin assigns them to a central payment method.

If you add a payment method for a specific team, members will be able to use it to pay for their business trips.

Changing employee roles

New employees can request to be a travel admin or trip planner on the dashboard when they join. If they do, we’ll send you an email letting you know. You can also update an employee's role at any time on their dashboard profile page.

Did this article help?
Yes
No
Related articles
How-to • Travel admin
Designating Airbnb for Work employee roles
Access to the Airbnb for Work dashboard is managed through employee roles. Trip planners and admins have access to the dashboard. Travelers do not.
How-to • Travel admin
How do I set up a team with a separate payment method for my company?
Travel admins can create teams of travelers and assign a name and payment method to each team right from the Airbnb for Work dashboard.
How-to
Link or unlink your work email address with your personal Airbnb account
You can add or delete your work email in your profile.
Get help with your reservations, account, and more.
Log in or sign up
Site Footer
Support
Help Center
AirCover
Anti-discrimination
Disability support
Cancellation options
Report neighborhood concern
Hosting
Airbnb your home
AirCover for Hosts
Hosting resources
Community forum
Hosting responsibly
Airbnb-friendly apartments
Join a free Hosting class
Find a co‑host
Airbnb
2025 Summer Release
Newsroom
New features
Careers
Investors
Gift cards
Airbnb.org emergency stays
Footer section
© 2025 Airbnb, Inc.·Terms·Sitemap·Privacy·Your Privacy Choices
English (US)
€
EUR | Remove an employee from your Airbnb for Work program: Skip to content
Help Center
– home page
Search
Suggestions will show after typing in the search input. Use the up and down arrows to review. Use enter to select. If the selection is a phrase, that phrase will be submitted to search. If the suggestion is a link, the browser will navigate to that page.
Home
All topics
Your company's Airbnb for Work account
Managing employees
Remove an employee from your Airbnb for Work program
How-to • Travel admin
Remove an employee from your Airbnb for Work program

It’s easy to remove an employee from your Airbnb for Work program. You can handle it all from your dashboard.

In this article
Remove an employee from your Airbnb for Work program
Remove a former employee from your Airbnb for Work program
Remove a former employee with an active trip
What happens after you send the request
Remove an employee from your Airbnb for Work program
Desktop
iOS app
Android app
Mobile browser
Remove an employee on desktop
Click Profile > Company dashboard
Search for employee name, or browse the employee list
Select employee and click Remove employee
Click Confirm

Remove a former employee from your Airbnb for Work program

If a former employee with an unconfirmed email address doesn't have any active work trips, you can immediately remove them from your Airbnb for Work program.

Desktop
iOS app
Android app
Mobile browser
Remove a former employee on desktop
Click Profile > Company dashboard
Click Pending actions, then click Unconfirmed employees
Select employee and click Remove
From the alert message on their profile, click Remove and they'll be removed immediately
Remove a former employee with an active trip
Desktop
iOS app
Android app
Mobile browser
Remove a former employee with an active trip on desktop
Click Profile > Company dashboard
Click Pending actions, then click Unconfirmed employees
Select employee and click Review
Click Request to remove
Add a note to your cancellation request, then click Send request
What happens after you send the request

Our Community Support team will reach out to you once they've reviewed your cancellation request. The cancellation is subject to that listing’s cancellation policy.

If they have an active work trip booked with a company payment method, find out more about canceling their trip and removing them from your program.

Did this article help?
Yes
No
Related articles
How-to • Travel admin
Add a company email domain to your Airbnb for Work account
As a travel admin, you can make your company’s Airbnb for Work program accessible to employees who have a verified email address ending in one of your company’s domains.
How-to • Guest
Use wishlists to save listings
You can add to or delete your favorites anytime. Sharing it with the people you want to travel with allows them to add to it too.
How-to • Home host
Informing guests about security devices
Transparency helps build trust and set clear expectations between hosts and guests. By disclosing security cameras, recording devices, and noise decibel monitors hosts can help ensure guests know what to expect during their stay.
Get help with your reservations, account, and more.
Log in or sign up
Site Footer
Support
Help Center
AirCover
Anti-discrimination
Disability support
Cancellation options
Report neighborhood concern
Hosting
Airbnb your home
AirCover for Hosts
Hosting resources
Community forum
Hosting responsibly
Airbnb-friendly apartments
Join a free Hosting class
Find a co‑host
Airbnb
2025 Summer Release
Newsroom
New features
Careers
Investors
Gift cards
Airbnb.org emergency stays
Footer section
© 2025 Airbnb, Inc.·Terms·Sitemap·Privacy·Your Privacy Choices
English (US)
€
EUR | What to do if you receive an alert that an employee’s Airbnb for Work email address is unconfirmed: Skip to content
Help Center
– home page
Search
Suggestions will show after typing in the search input. Use the up and down arrows to review. Use enter to select. If the selection is a phrase, that phrase will be submitted to search. If the suggestion is a link, the browser will navigate to that page.
Home
All topics
Your company's Airbnb for Work account
Managing employees
What to do if you receive an alert that an employee’s Airbnb for Work email address is unconfirmed
How-to • Travel admin
What to do if you receive an alert that an employee’s Airbnb for Work email address is unconfirmed

When an employee leaves your company, the work email address associated with their Airbnb account may no longer accept incoming emails. If we receive a bounced email from one of your travelers, we’ll notify you. You can then review any reservations they've charged to your company and take action where necessary.

Sometimes there are situations where an employee’s email address might change due to a marital name change, branding changes, etc. In this case, they may still be a valid member of your Airbnb for Work program, so double-check before removing them from your dashboard.

In this article
Review employees whose work email addresses are unconfirmed
How to cancel a former employee’s trip or remove them from the program
Review employees whose work email addresses are unconfirmed
Desktop
iOS app
Android app
Mobile browser
Review employees on desktop
Click Profile > Company dashboard
Under Pending actions, click Unconfirmed employees
Click Review next to the employee you want to review
How to cancel a former employee’s trip or remove them from the program

Find out how to cancel a former employee’s trip or remove a former employee from your Airbnb for Work program.

Did this article help?
Yes
No
Related articles
How-to
Join your company’s Airbnb for Work account
Join your employer's Airbnb for Work account to streamline your business travel.
Rules
Add your VAT ID number
If you have a VAT ID number, you can associate it with your Airbnb account. You can make changes in your account settings.
Rules • Home host
Tax data sharing under DAC7
DAC7 applies to any Host who, for consideration, rents an accommodation or provides experiences.
Get help with your reservations, account, and more.
Log in or sign up
Site Footer
Support
Help Center
AirCover
Anti-discrimination
Disability support
Cancellation options
Report neighborhood concern
Hosting
Airbnb your home
AirCover for Hosts
Hosting resources
Community forum
Hosting responsibly
Airbnb-friendly apartments
Join a free Hosting class
Find a co‑host
Airbnb
2025 Summer Release
Newsroom
New features
Careers
Investors
Gift cards
Airbnb.org emergency stays
Footer section
© 2025 Airbnb, Inc.·Terms·Sitemap·Privacy·Your Privacy Choices
English (US)
€
EUR",2025-07-08T11:26:41.920Z,
travel-admin,Your company's Airbnb for Work account,Using the Airbnb for Work dashboard,https://www.airbnb.com/help/topic/1402,"Skip to content
Help Center
– home page
Search
Suggestions will show after typing in the search input. Use the up and down arrows to review. Use enter to select. If the selection is a phrase, that phrase will be submitted to search. If the suggestion is a link, the browser will navigate to that page.
Home
All topics
Your company's Airbnb for Work account
Using the Airbnb for Work dashboard
Using the Airbnb for Work dashboard
How-to • Travel admin
Access and get to know your Airbnb for Work dashboard
The Airbnb for Work dashboard is split up into many tabs such as Trips, Reporting, Invoices, and People.
How-to • Travel admin
Designating Airbnb for Work employee roles
Access to the Airbnb for Work dashboard is managed through employee roles. Trip planners and admins have access to the dashboard. Travelers do not.
Related topics
Managing employees
Account settings
Site Footer
Support
Help Center
AirCover
Anti-discrimination
Disability support
Cancellation options
Report neighborhood concern
Hosting
Airbnb your home
AirCover for Hosts
Hosting resources
Community forum
Hosting responsibly
Airbnb-friendly apartments
Join a free Hosting class
Find a co‑host
Airbnb
2025 Summer Release
Newsroom
New features
Careers
Investors
Gift cards
Airbnb.org emergency stays
Footer section
© 2025 Airbnb, Inc.·Terms·Sitemap·Privacy·Your Privacy Choices
English (US)
€
EUR",3,Access and get to know your Airbnb for Work dashboard | Designating Airbnb for Work employee roles | Cancellation options,"Access and get to know your Airbnb for Work dashboard: Skip to content
Help Center
– home page
Search
Suggestions will show after typing in the search input. Use the up and down arrows to review. Use enter to select. If the selection is a phrase, that phrase will be submitted to search. If the suggestion is a link, the browser will navigate to that page.
Home
All topics
Your company's Airbnb for Work account
Using the Airbnb for Work dashboard
Access and get to know your Airbnb for Work dashboard
How-to • Travel admin
Access and get to know your Airbnb for Work dashboard

Airbnb for Work admins and trip planners have access to a convenient dashboard to help organize business travel.

In this article
Access your Airbnb for Work dashboard
Explore your Airbnb for Work dashboard
How the dashboard is different for travel admins and trip planners
Access your Airbnb for Work dashboard

You’ll find your Airbnb for Work dashboard on your desktop by clicking your profile photo and then selecting Company dashboard from the dropdown. The Airbnb for Work dashboard is not available on mobile browser or in the Airbnb app.

Explore your Airbnb for Work dashboard
Trips

Get an overview of employees’ active, confirmed, and completed trips, as well as trips that may need attention. For each trip you’ll find traveler name(s), destination details, trip dates, and status.

Reporting

Filter by the number of nights booked, total amount spent, and average daily rate across your company. You can also export CSV reports from this page.

Invoices

You can review invoices for your traveler groups. Each item will include the invoice number, date, due date, and amount due.

Booking alerts

Set alerts for accommodation quality, types of places, and price and choose the frequency and price alert subscriptions for your notifications.

Programs

Create programs that allow your employees to benefit from Airbnb credits that they can use for whatever they want.

People

Browse and manage the employee accounts that are linked to your company. You can also invite employees to your program from this page.

Settings

Create the settings you want for account, invoice profiles, payment, employee access, notifications, and travel partners.

Pending actions

Review action items that need attention such as confirming employees and rejecting or confirming team requests.

How the dashboard is different for travel admins and trip planners

Travel admins and trip planners have different dashboard views. Admins have access to all tabs, while trip planners have access to fewer tabs and can only get details about the reservations they’ve booked. Business travelers don’t have access to any dashboard.

Did this article help?
Yes
No
Related articles
How-to • Travel admin
Designating Airbnb for Work employee roles
Access to the Airbnb for Work dashboard is managed through employee roles. Trip planners and admins have access to the dashboard. Travelers do not.
How-to • Travel admin
Set up a company credit card for Airbnb for Work
If you're using Airbnb for Work, employees of your company can charge their travel to a shared company credit card.
How-to • Travel admin
How do I set up a team with a separate payment method for my company?
Travel admins can create teams of travelers and assign a name and payment method to each team right from the Airbnb for Work dashboard.
Get help with your reservations, account, and more.
Log in or sign up
Site Footer
Support
Help Center
AirCover
Anti-discrimination
Disability support
Cancellation options
Report neighborhood concern
Hosting
Airbnb your home
AirCover for Hosts
Hosting resources
Community forum
Hosting responsibly
Airbnb-friendly apartments
Join a free Hosting class
Find a co‑host
Airbnb
2025 Summer Release
Newsroom
New features
Careers
Investors
Gift cards
Airbnb.org emergency stays
Footer section
© 2025 Airbnb, Inc.·Terms·Sitemap·Privacy·Your Privacy Choices
English (US)
€
EUR | Designating Airbnb for Work employee roles: Skip to content
Help Center
– home page
Search
Suggestions will show after typing in the search input. Use the up and down arrows to review. Use enter to select. If the selection is a phrase, that phrase will be submitted to search. If the suggestion is a link, the browser will navigate to that page.
Home
All topics
Your company's Airbnb for Work account
Managing employees
Designating Airbnb for Work employee roles
How-to • Travel admin
Designating Airbnb for Work employee roles

To grant employees the right access to Airbnb for Work, admins will first need to assign them one of these roles: Traveler, trip planner, or admin. Trip planners and admins have access to a dashboard with different views, while travelers don’t have access to the dashboard at all. Only admins can change roles.

Note: Airbnb for Work integrations are not currently available. Learn more about the sharing of personal information by reading our Privacy Policy.

In this article
Types of employee roles
Designate employee roles
Approve employee role changes
Types of employee roles
Travelers: Employees who are travelers can book business stays using their own payment method or by charging directly to their company if it has central billing enabled. An employee can also make a reservation request on behalf of another traveler, which the traveler can either accept or deny.
Trip planners: Employees who are trip planners have limited access to the dashboard and can only get details about the reservations they’ve booked. They can book stays on behalf of others who have authorized them to do so.
Admins: Employees who are admins have the most access and can do the most from the dashboard. Admins can download spending reports, add payment methods, and more.
Designate employee roles
Desktop
iOS app
Android app
Mobile browser
Update an employee's role on desktop
Click Profile > Company dashboard
Click People
Search for employee name, or browse the employee list
Select employee and click Change role
Select the desired role, then click Update

The employee's role will be updated immediately, and they'll get an email letting them know about the change.

Approve employee role changes

If an employee submits a request to change their role, you can approve or reject it from your dashboard.

Desktop
iOS app
Android app
Mobile browser
Approve employee role changes on desktop
Click Profile > Company dashboard
Click Notifications
Click Role requests to review pending requests
Did this article help?
Yes
No
Related articles
How-to • Travel admin
Invite employees to join Airbnb for Work
You can invite employees to join your company's Airbnb for Work program.
How-to • Travel admin
How do I set up a team with a separate payment method for my company?
Travel admins can create teams of travelers and assign a name and payment method to each team right from the Airbnb for Work dashboard.
How-to • Travel admin
Access and get to know your Airbnb for Work dashboard
The Airbnb for Work dashboard is split up into many tabs such as Trips, Reporting, Invoices, and People.
Get help with your reservations, account, and more.
Log in or sign up
Site Footer
Support
Help Center
AirCover
Anti-discrimination
Disability support
Cancellation options
Report neighborhood concern
Hosting
Airbnb your home
AirCover for Hosts
Hosting resources
Community forum
Hosting responsibly
Airbnb-friendly apartments
Join a free Hosting class
Find a co‑host
Airbnb
2025 Summer Release
Newsroom
New features
Careers
Investors
Gift cards
Airbnb.org emergency stays
Footer section
© 2025 Airbnb, Inc.·Terms·Sitemap·Privacy·Your Privacy Choices
English (US)
€
EUR | Cancellation options: Skip to content
Help Center
– home page
Search
Suggestions will show after typing in the search input. Use the up and down arrows to review. Use enter to select. If the selection is a phrase, that phrase will be submitted to search. If the suggestion is a link, the browser will navigate to that page.
Home
All topics
Your reservations
Cancellations
Major Disruptive Events Policy
Community policy
Major Disruptive Events Policy
In this article
Overview
What events are covered
What happens if a reservation is impacted by a covered Event
What is not covered
How this policy affects hosts
Other things to be aware of
Overview

In general, cancellations and refunds for Airbnb reservations are governed by the listing’s cancellation policy. In the rare circumstances that large-scale events prevent or legally prohibit completion of a reservation, the Major Disruptive Events Policy (the “Policy”) may apply. When this Policy applies, guests can cancel their reservation and receive a refund, travel credit, and/or other consideration regardless of the reservation’s cancellation policy, and hosts can cancel without fees or other adverse consequences, although their listing’s calendar will be blocked for the dates of the canceled reservation.

This Policy applies to reservations for homes, services, and experiences and is applicable to reservations that are ongoing or that have a check-in on or after the effective date, except as otherwise notified by Airbnb to users. The Major Disruptive Events Policy is not an insurance policy.

What events are covered

The following events are covered under this Policy if they impact your reservation location, occur after the time of booking, and prevent or legally prohibit completion of a future or ongoing reservation (referred to in this Policy as “Events”):

Declared public health emergencies and epidemics. Government-declared epidemics, pandemics, and public health emergencies. This does not include diseases that are endemic (for example, the flu) or commonly associated with an area (for example, malaria in Thailand). COVID-19 is not covered under this Major Disruptive Events Policy.

Government travel restrictions. Mandatory travel restrictions imposed by a governmental agency, such as an evacuation order or shelter-in-place order. This does not include non-binding travel advisories and similar government guidance.

Military actions and other hostilities. Acts of war, hostilities, invasions, civil war, terrorism, explosions, bombings, rebellions, riots, and insurrection.

Large-scale outages of essential utilities. Prolonged outages of essential utilities, such as heat, water, and electricity, impacting the vast majority of homes in a given location.

Unforeseeable natural disasters and severe weather events. Unforeseeable natural disasters, like earthquakes and tsunamis, and unforeseeable severe weather events, like tornadoes. This does not include events that are foreseeable for a given location, as described further below.

What happens if a reservation is impacted by a covered Event

When a large-scale event occurs, we assess the situation to determine whether the Major Disruptive Events Policy applies. If it does, we activate the Policy for the impacted area and timeframe where we anticipate that the Event will prevent or legally prohibit completion of reservations. Reservations outside of the defined area and timeframe may not be eligible, though hosts may still be able to cancel without adverse consequences if they are unable to host. We continuously monitor these situations and adjust coverage as needed to reflect changing conditions. If you believe this Policy applies to your reservation, please contact us to inquire about eligibility.

What is not covered

We understand that other circumstances outside of your control may disrupt your plans. In any situations not listed above, your reservation remains subject to the host’s cancellation policy for the listing.

Examples of common events not covered by this policy include:

Events that impact a guest or their ability to travel, but not the reservation location
Unexpected injury or illness
Government obligations like jury duty or court appearances
Non-binding travel advisories or other government guidance that fall short of a travel ban or prohibition
Cancellation or rescheduling of an event for which the reservation was made
Transportation disruptions such as airline insolvency, flight cancellations, transportation strikes, and road closures due to maintenance
Weather or natural conditions that are common enough to be foreseeable in a given location, such as hurricanes in Florida during hurricane season or winter weather in the northern hemisphere during winter months—unless the event triggers a covered Event that prevents completion of the reservation, such as government-issued mandatory travel restrictions

For reservations not covered by this Policy, we encourage guests and hosts to find a mutually acceptable arrangement, such as a full or partial refund or an alteration of the booking dates. Note that any refunds outside of the reservation’s cancellation policy are at the host’s discretion. Airbnb does not take part in or guarantee such refunds.

How this policy affects hosts

If a reservation is covered by the Major Disruptive Events Policy, hosts can cancel without fees or other adverse consequences. If a host cancels under this policy, their listing’s calendar will be blocked for the dates of the canceled reservation. If a reservation is canceled under this Policy, the host does not receive a payout for the canceled dates of the reservation, or, if the payout has already been made, the refunded amount will be withheld from the next payout(s).

Regardless of whether a reservation is covered by this Policy, hosts can cancel for certain valid reasons, such as major damage to a listing, without fees or other adverse consequences. Hosts are obligated to cancel a reservation if their listing is uninhabitable or is inconsistent with what the guest booked. Failure to do so may result in listing suspension, cancellation of existing reservations, and refunds to guests until the listing is habitable and consistent with the listing description. This also violates our Ground rules for hosts, and can lead to consequences up to and including account removal.

Other things to be aware of

This Policy does not limit your rights under local regulations, and any decisions made by Airbnb under this Policy do not affect your statutory rights.

Did this article help?
Yes
No
Related articles
How-to • Guest
Canceling a trip due to a Major Disruptive Event
If you need to cancel because a large-scale event at your destination prevents completion of your reservation, we can help.
Community policy • Home host
Host Cancellation Policy for homes
Because cancellations can disrupt guests' plans and impact confidence in the Airbnb community, there are penalties applied for Host cancellations.
How-to • Guest
Find the cancellation policy for any home, service, or experience
Here’s where to find the cancellation policy for any home, service, or experience.
Get help with your reservations, account, and more.
Log in or sign up
Site Footer
Support
Help Center
AirCover
Anti-discrimination
Disability support
Cancellation options
Report neighborhood concern
Hosting
Airbnb your home
AirCover for Hosts
Hosting resources
Community forum
Hosting responsibly
Airbnb-friendly apartments
Join a free Hosting class
Find a co‑host
Airbnb
2025 Summer Release
Newsroom
New features
Careers
Investors
Gift cards
Airbnb.org emergency stays
Footer section
© 2025 Airbnb, Inc.·Terms·Sitemap·Privacy·Your Privacy Choices
English (US)
€
EUR",2025-07-08T11:27:01.200Z,
travel-admin,Your company's Airbnb for Work account,Account settings,https://www.airbnb.com/help/topic/1557,"Skip to content
Help Center
– home page
Search
Suggestions will show after typing in the search input. Use the up and down arrows to review. Use enter to select. If the selection is a phrase, that phrase will be submitted to search. If the suggestion is a link, the browser will navigate to that page.
Home
All topics
Your company's Airbnb for Work account
Account settings
Account settings
How-to • Travel admin
Add a company email domain to your Airbnb for Work account
As a travel admin, you can make your company’s Airbnb for Work program accessible to employees who have a verified email address ending in one of your company’s domains.
How-to • Travel admin
Manage the frequency of your Airbnb for Work email notifications
You can change how often you receive email notifications for employee requests and reservations from Airbnb for Work.
How-to • Travel admin
Set price alerts for Airbnb for Work employee bookings
If you’re an admin who manages your company's Airbnb for Work account, you can set price alerts for your employees' work travel bookings.
Related topics
Managing employees
Using the Airbnb for Work dashboard
Site Footer
Support
Help Center
AirCover
Anti-discrimination
Disability support
Cancellation options
Report neighborhood concern
Hosting
Airbnb your home
AirCover for Hosts
Hosting resources
Community forum
Hosting responsibly
Airbnb-friendly apartments
Join a free Hosting class
Find a co‑host
Airbnb
2025 Summer Release
Newsroom
New features
Careers
Investors
Gift cards
Airbnb.org emergency stays
Footer section
© 2025 Airbnb, Inc.·Terms·Sitemap·Privacy·Your Privacy Choices
English (US)
€
EUR",3,Add a company email domain to your Airbnb for Work account | Manage the frequency of your Airbnb for Work email notifications | Set price alerts for Airbnb for Work employee bookings,"Add a company email domain to your Airbnb for Work account: Skip to content
Help Center
– home page
Search
Suggestions will show after typing in the search input. Use the up and down arrows to review. Use enter to select. If the selection is a phrase, that phrase will be submitted to search. If the suggestion is a link, the browser will navigate to that page.
Home
All topics
Your company's Airbnb for Work account
Account settings
Add a company email domain to your Airbnb for Work account
How-to • Travel admin
Add a company email domain to your Airbnb for Work account

As a travel admin, you can make your company’s Airbnb for Work program accessible to employees who have a verified email address ending in one of your company’s domains.

In this article
Add a company email domain to your Airbnb for Work account
Verify the domain
Add a company email domain to your Airbnb for Work account
Desktop
iOS app
Android app
Mobile browser
Add a company email domain on desktop
Click Profile > Company dashboard
Click Settings
Click Employee access
Click Add new email domain
Enter a new domain for your company, then click Add email



Verify the domain

You’ll need to verify the email domain by entering an email address you have access to that has this domain. Enter this email address, and then click Send Email. You’ll receive an email with instructions for verifying the domain.

Did this article help?
Yes
No
Related articles
How-to • Travel admin
Remove an employee from your Airbnb for Work program
You can search for the employee and then remove them from the program via your Airbnb for Work dashboard.
How-to • Guest
Use wishlists to save listings
You can add to or delete your favorites anytime. Sharing it with the people you want to travel with allows them to add to it too.
How-to • Home host
Informing guests about security devices
Transparency helps build trust and set clear expectations between hosts and guests. By disclosing security cameras, recording devices, and noise decibel monitors hosts can help ensure guests know what to expect during their stay.
Get help with your reservations, account, and more.
Log in or sign up
Site Footer
Support
Help Center
AirCover
Anti-discrimination
Disability support
Cancellation options
Report neighborhood concern
Hosting
Airbnb your home
AirCover for Hosts
Hosting resources
Community forum
Hosting responsibly
Airbnb-friendly apartments
Join a free Hosting class
Find a co‑host
Airbnb
2025 Summer Release
Newsroom
New features
Careers
Investors
Gift cards
Airbnb.org emergency stays
Footer section
© 2025 Airbnb, Inc.·Terms·Sitemap·Privacy·Your Privacy Choices
English (US)
€
EUR | Manage the frequency of your Airbnb for Work email notifications: Skip to content
Help Center
– home page
Search
Suggestions will show after typing in the search input. Use the up and down arrows to review. Use enter to select. If the selection is a phrase, that phrase will be submitted to search. If the suggestion is a link, the browser will navigate to that page.
Home
All topics
Your company's Airbnb for Work account
Account settings
Manage the frequency of your Airbnb for Work email notifications
How-to • Travel admin
Manage the frequency of your Airbnb for Work email notifications

You can change how often you receive email notifications for employee requests and reservations from Airbnb for Work.

In this article
Manage your Airbnb for Work email notifications
Manage your Airbnb for Work email notifications
Desktop
iOS app
Android app
Mobile browser
Manage your email notifications on desktop
Click Profile > Company dashboard
Click Settings
Click Notifications
Click the dropdown to select the notification frequency for pending employee requests and booking rules
Click Employee reservations to receive reservation receipts by email
Did this article help?
Yes
No
Related articles
How-to • Gastgeber:in
Payouts by Fast Pay
Fast Pay is a quick and flexible option for getting your earnings. You can opt in or out anytime, depending on your needs.
How-to • Gastgeber:in
What it means when a payout method is “not available”
If a payout method available in the past is no longer supported, it’s usually because of changes to local laws or regulations for your country or region.
How-to • Gastgeber:in
How to use PayPal for payouts
If PayPal appears as an option for your selected country, you'll be able to connect your existing PayPal account as a payout method.
Get help with your reservations, account, and more.
Log in or sign up
Site Footer
Support
Help Center
AirCover
Anti-discrimination
Disability support
Cancellation options
Report neighborhood concern
Hosting
Airbnb your home
AirCover for Hosts
Hosting resources
Community forum
Hosting responsibly
Airbnb-friendly apartments
Join a free Hosting class
Find a co‑host
Airbnb
2025 Summer Release
Newsroom
New features
Careers
Investors
Gift cards
Airbnb.org emergency stays
Footer section
© 2025 Airbnb, Inc.·Terms·Sitemap·Privacy·Your Privacy Choices
English (US)
€
EUR | Set price alerts for Airbnb for Work employee bookings: Skip to content
Help Center
– home page
Search
Suggestions will show after typing in the search input. Use the up and down arrows to review. Use enter to select. If the selection is a phrase, that phrase will be submitted to search. If the suggestion is a link, the browser will navigate to that page.
Home
All topics
Your company's Airbnb for Work account
Managing employees
Set price alerts for Airbnb for Work employee bookings
How-to • Travel admin
Set price alerts for Airbnb for Work employee bookings

If you’re a travel admin who manages your company's Airbnb for Work account, you can set price alerts for your employees' work travel bookings. Once set, you’ll receive an email whenever an employee books a work trip that exceeds the nightly rate of your choice.

In this article
Create a price alert for employee bookings
Create a price alert for a specific location
Change the nightly rate of your price alert for employee bookings
Other travel admins can use the price alerts you set
Create a price alert for employee bookings
Desktop
iOS app
Android app
Mobile browser
Create a price alert on desktop
Click Profile > Company dashboard
Click Booking alerts
Under Your notification preferences, set the frequency and subscriptions for price alerts
Next to Set alerts for price, click the dropdown
Click Edit
Enter a nightly rate amount, then click Save
Create a price alert for a specific location
Desktop
iOS app
Android app
Mobile browser
Create a price alert for a specific location on desktop
Click Profile > Company dashboard
Click Booking alerts
Next to Set alerts for price, click the dropdown
Under Location-specific alerts, click Add new location
Enter a nightly rate amount, then click Save
Change the nightly rate of your price alert for employee bookings
Desktop
iOS app
Android app
Mobile browser
Change the nightly rate on desktop
Click Profile > Company dashboard
Click Booking alerts
Next to Set alerts for price, click the dropdown
Click Edit
Enter a new nightly rate amount, then click Save




Other travel admins can use the price alerts you set

Additional travel admins at your company can also use the price alerts you create. They’ll need to opt in to receive them by checking the box next to each price alert in the Price Alerts section. If you delete alerts you create, they’ll also be deleted from any other admin accounts that use them.

Did this article help?
Yes
No
Get help with your reservations, account, and more.
Log in or sign up
Site Footer
Support
Help Center
AirCover
Anti-discrimination
Disability support
Cancellation options
Report neighborhood concern
Hosting
Airbnb your home
AirCover for Hosts
Hosting resources
Community forum
Hosting responsibly
Airbnb-friendly apartments
Join a free Hosting class
Find a co‑host
Airbnb
2025 Summer Release
Newsroom
New features
Careers
Investors
Gift cards
Airbnb.org emergency stays
Footer section
© 2025 Airbnb, Inc.·Terms·Sitemap·Privacy·Your Privacy Choices
English (US)
€
EUR",2025-07-08T11:27:20.255Z,
travel-admin,Booking and reservations,Booking travel for employees,https://www.airbnb.com/help/topic/1404,"Skip to content
Help Center
– home page
Search
Suggestions will show after typing in the search input. Use the up and down arrows to review. Use enter to select. If the selection is a phrase, that phrase will be submitted to search. If the suggestion is a link, the browser will navigate to that page.
Home
All topics
Booking and reservations
Booking travel for employees
Booking travel for employees
How-to • Travel admin
Can only trip planners make changes to the reservations they make for other people?
Yes, only trip planners can change or cancel a reservation for any booking they made.
How-to • Travel admin
Book Airbnb for Work trips for employees
Airbnb allows designated employees at companies enrolled in Airbnb for Work to book trips for colleagues.
How-to • Guest
Mark a booking as an Airbnb for Work business trip
You can identify a reservation as a business trip by selecting “Is this a work trip?” during checkout.
How-to • Travel admin
How do I search for Airbnb homes within Concur Travel?
If Airbnb is enabled as an option, stays can be searched for and booked from within Concur Travel.
Related topics
Managing reservations
Site Footer
Support
Help Center
AirCover
Anti-discrimination
Disability support
Cancellation options
Report neighborhood concern
Hosting
Airbnb your home
AirCover for Hosts
Hosting resources
Community forum
Hosting responsibly
Airbnb-friendly apartments
Join a free Hosting class
Find a co‑host
Airbnb
2025 Summer Release
Newsroom
New features
Careers
Investors
Gift cards
Airbnb.org emergency stays
Footer section
© 2025 Airbnb, Inc.·Terms·Sitemap·Privacy·Your Privacy Choices
English (US)
€
EUR",3,Can only trip planners make changes to the reservations they make for other people? | Book Airbnb for Work trips for employees | Mark a booking as an Airbnb for Work business trip,"Can only trip planners make changes to the reservations they make for other people?: Skip to content
Help Center
– home page
Search
Suggestions will show after typing in the search input. Use the up and down arrows to review. Use enter to select. If the selection is a phrase, that phrase will be submitted to search. If the suggestion is a link, the browser will navigate to that page.
Home
All topics
Booking and reservations
Booking travel for employees
Can only trip planners make changes to the reservations they make for other people?
How-to • Travel admin
Can only trip planners make changes to the reservations they make for other people?

Yes. Trip planners can change or cancel a reservation for any booking they made. Only the trip planner can request a change to one of their reservations (not the guests).

To make a change or cancel a reservation, go to the message thread with the host, and at the top of the message thread choose Change reservation or Cancel reservation.

In this article
For changes
For cancellations
For changes

Click or tap the Next button under Change reservation to start the process and indicate what needs to be changed. You can request to extend or shorten the trip, or add additional guests before check-in.

Once submitted, the host will need to accept the change request. If the host accepts the request, the reservation will be updated and the original payment method will be charged or refunded if necessary. If the request is declined, or you don’t receive a response, the reservation will stay the same.

For cancellations

Click or tap the Next button under Cancel reservation to start the cancellation process. We'll show the refund breakdown before you finalize the cancellation. Your refund will be determined by the host’s cancellation policy and will be refunded to the original payment method.

Did this article help?
Yes
No
Related articles
How-to • Travel admin
Book Airbnb for Work trips for employees
Airbnb allows designated employees at companies enrolled in Airbnb for Work to book trips for colleagues.
How-to
Self check-in
Guests can access the listing using a key lockbox, smartlock, keypad, or by getting a key, any time after the designated check-in time.
How-to • Anfitrião
When a guest doesn’t show up for a reservation
If your guest cancels or doesn't show up, we’ll uphold your cancellation policy and any payout will be released to you.
Get help with your reservations, account, and more.
Log in or sign up
Site Footer
Support
Help Center
AirCover
Anti-discrimination
Disability support
Cancellation options
Report neighborhood concern
Hosting
Airbnb your home
AirCover for Hosts
Hosting resources
Community forum
Hosting responsibly
Airbnb-friendly apartments
Join a free Hosting class
Find a co‑host
Airbnb
2025 Summer Release
Newsroom
New features
Careers
Investors
Gift cards
Airbnb.org emergency stays
Footer section
© 2025 Airbnb, Inc.·Terms·Sitemap·Privacy·Your Privacy Choices
English (US)
€
EUR | Book Airbnb for Work trips for employees: Skip to content
Help Center
– home page
Search
Suggestions will show after typing in the search input. Use the up and down arrows to review. Use enter to select. If the selection is a phrase, that phrase will be submitted to search. If the suggestion is a link, the browser will navigate to that page.
Home
All topics
Booking and reservations
Booking travel for employees
Book Airbnb for Work trips for employees
How-to • Travel admin
Book Airbnb for Work trips for employees

Once your company has joined Airbnb for Work, you can designate yourself as a business traveler and request reservations for your colleagues. We’ll send them an email inviting them to accept or deny the booking.

Travel admins or trip planners in your company can accept bookings for other employees.

In this article
Adding a trip planner
What happens after you book a stay for a colleague
Booking for guests without an Airbnb profile
Invite a colleague to book travel for you
Add travelers you want to book for
Adding a trip planner

As a travel admin, you can add a trip planner to make reservation requests and confirm trips for colleagues. Learn how to designate a trip planner.

What happens after you book a stay for a colleague

When you book a stay for someone else, you handle the reservation request, introductions, and payment—then transfer responsibility for the trip to the guest. Once a reservation is accepted, both you and the guest join the message thread with the host so you both receive all trip communications.

Booking for guests without an Airbnb profile

If you’re building a reservation for a guest who hasn’t created an Airbnb profile, you can still check out and pay. We’ll email the guest and guide them in both creating an Airbnb account and accepting your booking request. If you booked using a credit card, you may see a pre-authorization hold on your card while this process occurs. Once the reservation is confirmed, your payment method will be charged.

Invite a colleague to book travel for you

Trip planners can book business travel on your behalf using a company payment method.

First, be sure to add your work email address to your profile. When your colleague books for you, you’ll receive a notification about the requested reservation, which you can accept or deny.

Desktop
iOS app
Android app
Mobile browser
Invite a travel booker on desktop
Click Account
Click Travel for work
Next to Booking permissions, click Manage
Under People who can book trips for you, click Add a travel booker
Enter the email address of the person you'd like to invite, then click Send request

The person will receive an email invitation. When they accept your request, you'll receive an email confirmation.

Add travelers you want to book for
Desktop
iOS app
Android app
Mobile browser
Add travelers you want to book for on desktop
Click Account
Click Travel for work
Next to Booking permissions, click Manage
Under People you can book trips for, click Add a traveler
Enter the email address of the person you'd like to book travel for, then click Send request

The person will receive an email invitation. When they accept your request, you'll receive an email confirmation.

Did this article help?
Yes
No
Related articles
How-to • Travel admin
Can only trip planners make changes to the reservations they make for other people?
Yes, only trip planners can change or cancel a reservation for any booking they made.
How-to • Gast
Invite guests to your group reservation
Invite guests in your group to join your reservation. After joining, they'll have access to the reservation’s info and all messages with your host.
How-to • Guest
Booking for friends and family
Airbnb reservations for personal travel need to be booked by the person who's going to stay at the listing.
Get help with your reservations, account, and more.
Log in or sign up
Site Footer
Support
Help Center
AirCover
Anti-discrimination
Disability support
Cancellation options
Report neighborhood concern
Hosting
Airbnb your home
AirCover for Hosts
Hosting resources
Community forum
Hosting responsibly
Airbnb-friendly apartments
Join a free Hosting class
Find a co‑host
Airbnb
2025 Summer Release
Newsroom
New features
Careers
Investors
Gift cards
Airbnb.org emergency stays
Footer section
© 2025 Airbnb, Inc.·Terms·Sitemap·Privacy·Your Privacy Choices
English (US)
€
EUR | Mark a booking as an Airbnb for Work business trip: Skip to content
Help Center
– home page
Search
Suggestions will show after typing in the search input. Use the up and down arrows to review. Use enter to select. If the selection is a phrase, that phrase will be submitted to search. If the suggestion is a link, the browser will navigate to that page.
Home
All topics
Booking and reservations
Booking travel for employees
Mark a booking as an Airbnb for Work business trip
How-to • Gast
Mark a booking as an Airbnb for Work business trip

Love traveling with Airbnb? You can use us for business trips, too, through Airbnb for Work.

In this article
Mark a booking as a business trip
Undo marking a trip as a business trip
Mark a booking as a business trip

You can mark a booking as a business trip by selecting Is this a work trip? during checkout. This way, you can add trip notes that’ll be sent to the person who manages your company’s travel. This also gives permission for your reservation details to be sent to your company’s central dashboard and changes what payment options you’ll have access to. If you book with a personal payment method, you’ll get an expensable receipt from us in your work inbox. 

It’s also a good idea to share info about your trip in a message to your host. This will help them understand your business travel needs.

Undo marking a trip as a business trip

If you've already booked a trip and mistakenly marked it as a business trip, or vice versa, you can update it at any time by going to Trips and selecting or deselecting This is a business trip. You can only do this if you booked using a personal payment method.

If you mistakenly charged a business trip to your company, you'll need to cancel immediately to avoid cancellation fees and any compliance concerns for your organization.

Did this article help?
Yes
No
Related articles
How-to • Guest
Add business travel details to your reservation
You can add or remove work travel info on your reservation. Your receipt won't show any info that's added after the reservation is confirmed.
How-to
About Airbnb for Work
Book and manage work trips for your employees, and use our tools to help manage business travel.
How-to • Travel admin
Print or download receipts for Airbnb for Work business trips
Airbnb for Work admins can access and print receipts for their business travelers' completed trips from the dashboard.
Get help with your reservations, account, and more.
Log in or sign up
Site Footer
Support
Help Center
AirCover
Anti-discrimination
Disability support
Cancellation options
Report neighborhood concern
Hosting
Airbnb your home
AirCover for Hosts
Hosting resources
Community forum
Hosting responsibly
Airbnb-friendly apartments
Join a free Hosting class
Find a co‑host
Airbnb
2025 Summer Release
Newsroom
New features
Careers
Investors
Gift cards
Airbnb.org emergency stays
Footer section
© 2025 Airbnb, Inc.·Terms·Sitemap·Privacy·Your Privacy Choices
English (US)
€
EUR",2025-07-08T11:27:39.073Z,
travel-admin,Booking and reservations,Managing reservations,https://www.airbnb.com/help/topic/1405,"Skip to content
Help Center
– home page
Search
Suggestions will show after typing in the search input. Use the up and down arrows to review. Use enter to select. If the selection is a phrase, that phrase will be submitted to search. If the suggestion is a link, the browser will navigate to that page.
Home
All topics
Booking and reservations
Managing reservations
Managing reservations
How-to • Travel admin
Canceling an Airbnb for Work trip booked by a former employee
You can do this in your Airbnb for Work dashboard. Our community support team will reach out to you once they have reviewed your cancellation request.
How-to • Travel admin
What to do if a host cancels an Airbnb for Work reservation
If the host cancels a reservation, we'll send the business traveler an email. They can rebook themselves, or the travel admin can rebook for them.
How-to • Travel admin
Find Airbnb for Work bookings that need attention
Any trips that require attention will be listed in your Airbnb for Work dashboard.
How-to • Travel admin
How messaging works when you use Airbnb for Work
Both the company's travel admin or trip planner and the business traveler will join the message thread with the host.
Related topics
Booking travel for employees
Site Footer
Support
Help Center
AirCover
Anti-discrimination
Disability support
Cancellation options
Report neighborhood concern
Hosting
Airbnb your home
AirCover for Hosts
Hosting resources
Community forum
Hosting responsibly
Airbnb-friendly apartments
Join a free Hosting class
Find a co‑host
Airbnb
2025 Summer Release
Newsroom
New features
Careers
Investors
Gift cards
Airbnb.org emergency stays
Footer section
© 2025 Airbnb, Inc.·Terms·Sitemap·Privacy·Your Privacy Choices
English (US)
€
EUR",3,Canceling an Airbnb for Work trip booked by a former employee | What to do if a host cancels an Airbnb for Work reservation | Find Airbnb for Work bookings that need attention,"Canceling an Airbnb for Work trip booked by a former employee: Skip to content
Help Center
– home page
Search
Suggestions will show after typing in the search input. Use the up and down arrows to review. Use enter to select. If the selection is a phrase, that phrase will be submitted to search. If the suggestion is a link, the browser will navigate to that page.
Home
All topics
Booking and reservations
Managing reservations
Canceling an Airbnb for Work trip booked by a former employee
How-to • Travel admin
Canceling an Airbnb for Work trip booked by a former employee

Airbnb for Work reservations that are associated with former employees with unconfirmed email addresses and charged to your company’s payment method can be canceled.

In this article
Cancel a former employee's trip
What happens next
Cancel a former employee's trip
Desktop
iOS app
Android app
Mobile browser
Cancel a former employee's trip on desktop
Click Profile > Company dashboard
Click Pending actions, then click Unconfirmed employees
Select employee and click Review
From the trip itinerary, click Request to cancel trip
Add a note to your cancellation request, then click Send request
What happens next

Our community support team will reach out to you once they've reviewed your cancellation request. The cancellation is subject to that listing’s cancellation policy.

If the traveler booked the trip using a personal payment method, you can remove them from your Airbnb for Work program altogether. This won’t cancel their trip, but will prevent them from booking future trips that are paid for by your company. Find out how to remove someone from your program.

Did this article help?
Yes
No
Related articles
How-to • Travel admin
What to do if a host cancels an Airbnb for Work reservation
If the host cancels a reservation, we'll send the business traveler an email. They can rebook themselves, or the travel admin can rebook for them.
How-to • Home host
Changing or canceling your guest’s home reservation within 24 hours of check-in or during their stay
If you need to cancel the remainder of a reservation, make sure you message your guest to let them know what’s going on, and then contact us for help.
How-to • Gast
Canceling a trip due to a Major Disruptive Event
If you need to cancel because a large-scale event at your destination prevents completion of your reservation, we can help.
Get help with your reservations, account, and more.
Log in or sign up
Site Footer
Support
Help Center
AirCover
Anti-discrimination
Disability support
Cancellation options
Report neighborhood concern
Hosting
Airbnb your home
AirCover for Hosts
Hosting resources
Community forum
Hosting responsibly
Airbnb-friendly apartments
Join a free Hosting class
Find a co‑host
Airbnb
2025 Summer Release
Newsroom
New features
Careers
Investors
Gift cards
Airbnb.org emergency stays
Footer section
© 2025 Airbnb, Inc.·Terms·Sitemap·Privacy·Your Privacy Choices
English (US)
€
EUR | What to do if a host cancels an Airbnb for Work reservation: Skip to content
Help Center
– home page
Search
Suggestions will show after typing in the search input. Use the up and down arrows to review. Use enter to select. If the selection is a phrase, that phrase will be submitted to search. If the suggestion is a link, the browser will navigate to that page.
Home
All topics
Booking and reservations
Managing reservations
What to do if a host cancels an Airbnb for Work reservation
How-to • Travel admin
What to do if a host cancels an Airbnb for Work reservation

If a host cancels a business traveler's Airbnb for Work reservation, we'll send the traveler an email explaining the cancellation and any applicable refund. They can book a new place to stay, or ask their employer's travel admin to do it for them.

Admins can get details about the cancellation, contact Airbnb for support, or message the affected traveler, all from the traveler's itinerary.

In this article
Book a new Airbnb for Work reservation if a host cancels
Book a new Airbnb for Work reservation if a host cancels
Desktop
iOS app
Android app
Mobile browser
Book a new Airbnb for Work reservation on desktop
Click Profile > Company dashboard
Click Trips
If a trip has been canceled, it'll be displayed under Needs attention
Select the traveler and review their itinerary
Click Rebook now to be shown places that match the original booking dates, number of guests, and location
Did this article help?
Yes
No
Related articles
Rules
Tyrol
If you're thinking about becoming an Airbnb Host, here's some information to help you understand the laws in your city
Guide • Travel admin
Links to help you navigate Airbnb for Work booking and reservations
Here’s where you can find important info—like how to navigate company reservations—so you and your team can focus on staying productive.
How-to • Home host
Stop hosting Airbnb.org emergency stays
You can stop hosting Airbnb.org emergency stays at any time.
Get help with your reservations, account, and more.
Log in or sign up
Site Footer
Support
Help Center
AirCover
Anti-discrimination
Disability support
Cancellation options
Report neighborhood concern
Hosting
Airbnb your home
AirCover for Hosts
Hosting resources
Community forum
Hosting responsibly
Airbnb-friendly apartments
Join a free Hosting class
Find a co‑host
Airbnb
2025 Summer Release
Newsroom
New features
Careers
Investors
Gift cards
Airbnb.org emergency stays
Footer section
© 2025 Airbnb, Inc.·Terms·Sitemap·Privacy·Your Privacy Choices
English (US)
€
EUR | Find Airbnb for Work bookings that need attention: Skip to content
Help Center
– home page
Search
Suggestions will show after typing in the search input. Use the up and down arrows to review. Use enter to select. If the selection is a phrase, that phrase will be submitted to search. If the suggestion is a link, the browser will navigate to that page.
Home
All topics
Booking and reservations
Managing reservations
Find Airbnb for Work bookings that need attention
How-to • Travel admin
Find Airbnb for Work bookings that need attention

You can monitor the status of Airbnb for Work bookings through the Airbnb for Work dashboard. Here, you’ll be able to find out if any bookings require your attention to resolve issues like host cancellations and incomplete reservations.

In this article
Find employee bookings that need attention
Find employee bookings that need attention
Desktop
iOS app
Android app
Mobile browser
Find employee bookings needing attention on desktop
Click Profile > Company dashboard
Click Trips
Click Needs attention to check any trips that require attention
Did this article help?
Yes
No
Get help with your reservations, account, and more.
Log in or sign up
Site Footer
Support
Help Center
AirCover
Anti-discrimination
Disability support
Cancellation options
Report neighborhood concern
Hosting
Airbnb your home
AirCover for Hosts
Hosting resources
Community forum
Hosting responsibly
Airbnb-friendly apartments
Join a free Hosting class
Find a co‑host
Airbnb
2025 Summer Release
Newsroom
New features
Careers
Investors
Gift cards
Airbnb.org emergency stays
Footer section
© 2025 Airbnb, Inc.·Terms·Sitemap·Privacy·Your Privacy Choices
English (US)
€
EUR",2025-07-08T11:27:56.922Z,
travel-admin,Billing and receipts,Billing,https://www.airbnb.com/help/topic/1406,"Skip to content
Help Center
– home page
Search
Suggestions will show after typing in the search input. Use the up and down arrows to review. Use enter to select. If the selection is a phrase, that phrase will be submitted to search. If the suggestion is a link, the browser will navigate to that page.
Home
All topics
Billing and receipts
Billing
Billing
How-to • Travel admin
How do I set up a team with a separate payment method for my company?
Travel admins can create teams of travelers and assign a name and payment method to each team right from the Airbnb for Work dashboard.
How-to • Travel admin
Set up a company credit card for Airbnb for Work
If you're using Airbnb for Work, employees of your company can charge their travel to a shared company credit card.
How-to • Travel admin
Generate and export an Airbnb for Work expense report
From your Airbnb for Work dashboard, you can generate reports showing the number of nights business travelers have booked, the total amount spent, and more.
How-to • Hóspede
How do I expense my business trip using Concur TripLink?
You can link your Airbnb and Concur TripLink accounts and have Airbnb reservation receipts automatically uploaded to your Concur account.
Related topics
Receipts
Site Footer
Support
Help Center
AirCover
Anti-discrimination
Disability support
Cancellation options
Report neighborhood concern
Hosting
Airbnb your home
AirCover for Hosts
Hosting resources
Community forum
Hosting responsibly
Airbnb-friendly apartments
Join a free Hosting class
Find a co‑host
Airbnb
2025 Summer Release
Newsroom
New features
Careers
Investors
Gift cards
Airbnb.org emergency stays
Footer section
© 2025 Airbnb, Inc.·Terms·Sitemap·Privacy·Your Privacy Choices
English (US)
€
EUR",3,How do I set up a team with a separate payment method for my company? | Set up a company credit card for Airbnb for Work | Generate and export an Airbnb for Work expense report,"How do I set up a team with a separate payment method for my company?: Skip to content
Help Center
– home page
Search
Suggestions will show after typing in the search input. Use the up and down arrows to review. Use enter to select. If the selection is a phrase, that phrase will be submitted to search. If the suggestion is a link, the browser will navigate to that page.
Home
All topics
Billing and receipts
Billing
How do I set up a team with a separate payment method for my company?
How-to • Travel admin
How do I set up a team with a separate payment method for my company?

Travel admins can create teams of travelers (ex: departments, office locations) and assign a name and payment method to each team right from the Airbnb for Work dashboard. Travelers will then have the option to charge to that team when they book a work trip through Airbnb.

In this article
Adding or editing a team
Deleting a team
Adding or editing a team

To create a new team:

Go to your Airbnb for Work dashboard
Click People > Teams
Click Create a team
Add a team name and select a payment method for the team
Click Save
Click Add people and follow the instructions to add people to your new team

The team name you choose will be listed for travelers when they bill work trips to your company (ex: Charge to Sales, Charge to North America Office).

To add employees to a team:

Go to your Airbnb for Work dashboard
Click People > Teams
Find the team you want to edit and click Add people
You have two options for adding people to your team:
Click Copy to copy a unique invite link that you can share with your employees
Search for people who have already joined your company’s Airbnb for Work account

Once an employee accepts your invitation to join a team, you will receive a notification. Click the notifications icon in your dashboard to review all pending requests.

To edit an existing team’s payment info:

Go to your Airbnb for Work dashboard
Click People > Teams
Click the team you want to edit
Click Edit team > Change payment method
Select an existing credit card or choose Add credit card
Add payment details and click Save

You won't be able to switch from payment by credit card to monthly invoicing or vice versa. If you want to switch a team's payment type from credit card to monthly invoicing, you'll need to delete and re-create the team.

Deleting a team

To delete a team:

Go to your Airbnb for Work dashboard
Click People > Teams
Click the team you want to delete
Click Edit team > Delete team
To confirm your decision, click Delete team
Did this article help?
Yes
No
Related articles
How-to • Travel admin
Invite employees to join Airbnb for Work
You can invite employees to join your company's Airbnb for Work program.
How-to • Travel admin
Designating Airbnb for Work employee roles
Access to the Airbnb for Work dashboard is managed through employee roles. Trip planners and admins have access to the dashboard. Travelers do not.
How-to • Travel admin
Access and get to know your Airbnb for Work dashboard
The Airbnb for Work dashboard is split up into many tabs such as Trips, Reporting, Invoices, and People.
Get help with your reservations, account, and more.
Log in or sign up
Site Footer
Support
Help Center
AirCover
Anti-discrimination
Disability support
Cancellation options
Report neighborhood concern
Hosting
Airbnb your home
AirCover for Hosts
Hosting resources
Community forum
Hosting responsibly
Airbnb-friendly apartments
Join a free Hosting class
Find a co‑host
Airbnb
2025 Summer Release
Newsroom
New features
Careers
Investors
Gift cards
Airbnb.org emergency stays
Footer section
© 2025 Airbnb, Inc.·Terms·Sitemap·Privacy·Your Privacy Choices
English (US)
€
EUR | Set up a company credit card for Airbnb for Work: Skip to content
Help Center
– home page
Search
Suggestions will show after typing in the search input. Use the up and down arrows to review. Use enter to select. If the selection is a phrase, that phrase will be submitted to search. If the suggestion is a link, the browser will navigate to that page.
Home
All topics
Billing and receipts
Billing
Set up a company credit card for Airbnb for Work
How-to • Travel admin
Set up a company credit card for Airbnb for Work

One useful feature of Airbnb for Work is that employees can book and charge business travel to a company credit card. This takes the hassle out of having to reimburse travel expenses.

In this article
Add a company credit card for Airbnb for Work
Choose which employees can use company credit cards
Add a company credit card for Airbnb for Work
Desktop
iOS app
Android app
Mobile browser
Add a company credit card on desktop
Click Profile > Company dashboard
Click Settings
Click Payment, then click Add new payment method
Enter your credit card details and click Save
Choose which employees can use company credit cards

Learn how to create payment groups to allow selected employees to use the credit card.

Did this article help?
Yes
No
Related articles
How-to • Travel admin
Access and get to know your Airbnb for Work dashboard
The Airbnb for Work dashboard is split up into many tabs such as Trips, Reporting, Invoices, and People.
How-to • Travel admin
How do I set up a team with a separate payment method for my company?
Travel admins can create teams of travelers and assign a name and payment method to each team right from the Airbnb for Work dashboard.
Guide • Travel admin
Help with billing
Here’s info on where to find reports, how to add to invoices, and how to charge a trip to the company.
Get help with your reservations, account, and more.
Log in or sign up
Site Footer
Support
Help Center
AirCover
Anti-discrimination
Disability support
Cancellation options
Report neighborhood concern
Hosting
Airbnb your home
AirCover for Hosts
Hosting resources
Community forum
Hosting responsibly
Airbnb-friendly apartments
Join a free Hosting class
Find a co‑host
Airbnb
2025 Summer Release
Newsroom
New features
Careers
Investors
Gift cards
Airbnb.org emergency stays
Footer section
© 2025 Airbnb, Inc.·Terms·Sitemap·Privacy·Your Privacy Choices
English (US)
€
EUR | Generate and export an Airbnb for Work expense report: Skip to content
Help Center
– home page
Search
Suggestions will show after typing in the search input. Use the up and down arrows to review. Use enter to select. If the selection is a phrase, that phrase will be submitted to search. If the suggestion is a link, the browser will navigate to that page.
Home
All topics
Billing and receipts
Billing
Generate and export an Airbnb for Work expense report
How-to • Travel admin
Generate and export an Airbnb for Work expense report

As a travel admin for your company’s Airbnb for Work account, you can generate expense reports from the dashboard. Here, you can review info, such as how many nights employees have booked, the total amount they’ve spent, and the average nightly rate for bookings.

In this article
Create and export an expense report
Create and export an expense report
Desktop
iOS app
Android app
Mobile browser
Create and export an expense report on desktop
Click Profile > Company dashboard
Click Reporting
Filter by trips and span of time
Click Export CSV
When your CSV is ready, you'll get an email with a downloadable link

Did this article help?
Yes
No
Related articles
How-to • Travel admin
Print or download receipts for Airbnb for Work business trips
Airbnb for Work admins can access and print receipts for their business travelers' completed trips from the dashboard.
Guide • Travel admin
Help with billing
Here’s info on where to find reports, how to add to invoices, and how to charge a trip to the company.
How-to
Locating your VAT invoice
Hosts and guests can access their VAT invoices in their Airbnb account.
Get help with your reservations, account, and more.
Log in or sign up
Site Footer
Support
Help Center
AirCover
Anti-discrimination
Disability support
Cancellation options
Report neighborhood concern
Hosting
Airbnb your home
AirCover for Hosts
Hosting resources
Community forum
Hosting responsibly
Airbnb-friendly apartments
Join a free Hosting class
Find a co‑host
Airbnb
2025 Summer Release
Newsroom
New features
Careers
Investors
Gift cards
Airbnb.org emergency stays
Footer section
© 2025 Airbnb, Inc.·Terms·Sitemap·Privacy·Your Privacy Choices
English (US)
€
EUR",2025-07-08T11:28:15.886Z,
travel-admin,Billing and receipts,Receipts,https://www.airbnb.com/help/topic/1407,"Skip to content
Help Center
– home page
Search
Suggestions will show after typing in the search input. Use the up and down arrows to review. Use enter to select. If the selection is a phrase, that phrase will be submitted to search. If the suggestion is a link, the browser will navigate to that page.
Home
All topics
Billing and receipts
Receipts
Receipts
How-to • Travel admin
Print or download receipts for Airbnb for Work business trips
Airbnb for Work admins can access and print receipts for their business travelers' completed trips from the dashboard.
How-to
Locating your VAT invoice
Hosts and guests can access their VAT invoices in their Airbnb account.
How-to • Huésped
What is my Taiwan eGUI?
A Taiwan eGUI is provided whenever Taiwan VAT is assessed on Airbnb service fees or on the accommodation price, plus any fees for other items.
Related topics
Billing
Site Footer
Support
Help Center
AirCover
Anti-discrimination
Disability support
Cancellation options
Report neighborhood concern
Hosting
Airbnb your home
AirCover for Hosts
Hosting resources
Community forum
Hosting responsibly
Airbnb-friendly apartments
Join a free Hosting class
Find a co‑host
Airbnb
2025 Summer Release
Newsroom
New features
Careers
Investors
Gift cards
Airbnb.org emergency stays
Footer section
© 2025 Airbnb, Inc.·Terms·Sitemap·Privacy·Your Privacy Choices
English (US)
€
EUR",3,Print or download receipts for Airbnb for Work business trips | Locating your VAT invoice | What is my Taiwan eGUI?,"Print or download receipts for Airbnb for Work business trips: Skip to content
Help Center
– home page
Search
Suggestions will show after typing in the search input. Use the up and down arrows to review. Use enter to select. If the selection is a phrase, that phrase will be submitted to search. If the suggestion is a link, the browser will navigate to that page.
Home
All topics
Billing and receipts
Receipts
Print or download receipts for Airbnb for Work business trips
How-to • Travel admin
Print or download receipts for Airbnb for Work business trips

As a travel admin for your company’s Airbnb for Work account, you can print or download receipts for your colleagues’ business trips directly from the dashboard.

In this article
Print or download trip receipts
How to locate the booking itinerary if you have many completed trips
Print or download trip receipts
Desktop
iOS app
Android app
Mobile browser
Print or download trip receipts on desktop
Click Profile > Company dashboard
Click Trips, then Completed trips
Find the trip you want, and click the total cost in the Receipt column
Click the payment line
To print or save the receipt as a PDF, click Print
How to locate the booking itinerary if you have many completed trips

If you have a lot of completed trips, enter the reservation confirmation code into the Search box to locate the booking itinerary. Once in the itinerary, click Get payment info to access the receipt.

Did this article help?
Yes
No
Related articles
Guide • Travel admin
Help with billing
Here’s info on where to find reports, how to add to invoices, and how to charge a trip to the company.
How-to • Travel admin
Generate and export an Airbnb for Work expense report
From your Airbnb for Work dashboard, you can generate reports showing the number of nights business travelers have booked, the total amount spent, and more.
How-to • Guest
Mark a booking as an Airbnb for Work business trip
You can identify a reservation as a business trip by selecting “Is this a work trip?” during checkout.
Get help with your reservations, account, and more.
Log in or sign up
Site Footer
Support
Help Center
AirCover
Anti-discrimination
Disability support
Cancellation options
Report neighborhood concern
Hosting
Airbnb your home
AirCover for Hosts
Hosting resources
Community forum
Hosting responsibly
Airbnb-friendly apartments
Join a free Hosting class
Find a co‑host
Airbnb
2025 Summer Release
Newsroom
New features
Careers
Investors
Gift cards
Airbnb.org emergency stays
Footer section
© 2025 Airbnb, Inc.·Terms·Sitemap·Privacy·Your Privacy Choices
English (US)
€
EUR | Locating your VAT invoice: Skip to content
Help Center
– home page
Search
Suggestions will show after typing in the search input. Use the up and down arrows to review. Use enter to select. If the selection is a phrase, that phrase will be submitted to search. If the suggestion is a link, the browser will navigate to that page.
Home
All topics
Payments and pricing
Invoices and receipts
Locating your VAT invoice
How-to
Locating your VAT invoice

A Value Added Tax (VAT) invoice is provided whenever VAT is assessed on Airbnb service fees. Your invoice is finalized and issued when a reservation is accepted and includes your information (name, address, etc.) as you entered it in your Airbnb account.

Note: Just be aware that Airbnb is not able to modify a VAT invoice after it’s been issued.

In this article
Access a VAT invoice as a host
Download VAT invoices in bulk as a host
Finding your VAT invoice as a guest
Access a VAT invoice as a host

You can access individual VAT invoices for each reservation or download VAT invoices in bulk in the regions where Airbnb generates VAT invoices. VAT invoices are only available for the past 6 months.

Desktop
iOS app
Android app
Mobile browser
Access a VAT invoice for a reservation on desktop
Click Today > Reservations
Click Upcoming or Completed to find the reservation you want

Click the three dots next to the reservation
Select VAT Invoice
Download VAT invoices in bulk as a host

Desktop
iOS app
Android app
Mobile browser
Download VAT invoices on desktop
Click Today > Reservations
Click Export

Select your file type (CSV or PDF format) and choose the month you wish to download.
Click Download

Note: The bulk download will include VAT invoices for reservations with start dates that occur within the selected month.

If you add a verified VAT ID number to your account, it will be included on VAT invoices created thereafter. For reservation details, check your host confirmation.

Finding your VAT invoice as a guest

A link to the VAT invoice is available in your email receipt, under the Airbnb service fee.

For reservation details, reference your billing receipt. If you need additional documentation for travel, you can contact your host before booking.

Desktop
iOS app
Android app
Mobile browser
Find the VAT invoice for your reservation on desktop
Click Trips and select the reservation you want to check
Under Payment info, click Get receipt

If you have more than one payment, go to Payments, select the payment you want to open, and the receipt will include a link to the VAT invoice.

Did this article help?
Yes
No
Related articles
Rules
Add your VAT ID number
If you have a VAT ID number, you can associate it with your Airbnb account. You can make changes in your account settings.
Rules
Value Added Tax (VAT) and how it applies to you
Value Added Tax, or VAT, is a tax assessed on the supply of goods and services. Airbnb charges VAT on its service fees for customers.
How-to • Guest
Finding receipts from past trips
You can go to your Profile to find a receipt for a completed reservation.
Get help with your reservations, account, and more.
Log in or sign up
Site Footer
Support
Help Center
AirCover
Anti-discrimination
Disability support
Cancellation options
Report neighborhood concern
Hosting
Airbnb your home
AirCover for Hosts
Hosting resources
Community forum
Hosting responsibly
Airbnb-friendly apartments
Join a free Hosting class
Find a co‑host
Airbnb
2025 Summer Release
Newsroom
New features
Careers
Investors
Gift cards
Airbnb.org emergency stays
Footer section
© 2025 Airbnb, Inc.·Terms·Sitemap·Privacy·Your Privacy Choices
English (US)
€
EUR | What is my Taiwan eGUI?: Skip to content
Help Center
– home page
Search
Suggestions will show after typing in the search input. Use the up and down arrows to review. Use enter to select. If the selection is a phrase, that phrase will be submitted to search. If the suggestion is a link, the browser will navigate to that page.
Home
All topics
Payments and pricing
Invoices and receipts
What is my Taiwan eGUI?
How-to • Gast
What is my Taiwan eGUI?

A Taiwan Electronic Government Uniform Invoice (eGUI) is provided whenever Taiwan VAT is assessed on Airbnb service fees or on the accommodation price plus any fees for other items, such as cleaning and extra guests.

Airbnb collects VAT on the guest service fee from guests who reside in Taiwan. Airbnb also collects VAT on the full accommodation price plus any fees for other items, like cleaning fees or fees for extra guests, if applicable, from all guests staying in Taiwanese listings.

An eGUI is finalized and issued when a reservation is accepted, and includes your information (name and email address) as you entered it for your Airbnb account. Airbnb is not able to modify an eGUI after it's been issued.

An eGUI is not issue to business trip reservations.

Guests

To access the eGUI for your reservation, a notification will be sent to the email address associated with your Airbnb account indicating the eGUI is ready for download at the Taiwan Ministry of Finance e-Invoice Platform. You’ll also receive an email notification when a booking has been accepted, altered, and/or cancelled and Taiwan VAT applies. Accessing the eGUI on the e-Invoice Platform for your reservation is optional.

For reservation details, please check your billing receipt. If you believe you need additional documentation for travel, we encourage you to communicate with your host before booking to see if they're able to assist you.

Did this article help?
Yes
No
Related articles
How-to • Gast
Mark a booking as an Airbnb for Work business trip
You can identify a reservation as a business trip by selecting “Is this a work trip?” during checkout.
How-to • Guest
Add business travel details to your reservation
You can add or remove work travel info on your reservation. Your receipt won't show any info that's added after the reservation is confirmed.
How-to • Home host
How discounts are applied
There are different kinds of discounts and promotions available for your listing, but only one offer can be applied per reservation.
Get help with your reservations, account, and more.
Log in or sign up
Site Footer
Support
Help Center
AirCover
Anti-discrimination
Disability support
Cancellation options
Report neighborhood concern
Hosting
Airbnb your home
AirCover for Hosts
Hosting resources
Community forum
Hosting responsibly
Airbnb-friendly apartments
Join a free Hosting class
Find a co‑host
Airbnb
2025 Summer Release
Newsroom
New features
Careers
Investors
Gift cards
Airbnb.org emergency stays
Footer section
© 2025 Airbnb, Inc.·Terms·Sitemap·Privacy·Your Privacy Choices
English (US)
€
EUR",2025-07-08T11:28:34.803Z,
travel-admin,About Airbnb,Getting started,https://www.airbnb.com/help/topic/1375,"Skip to content
Help Center
– home page
Search
Suggestions will show after typing in the search input. Use the up and down arrows to review. Use enter to select. If the selection is a phrase, that phrase will be submitted to search. If the suggestion is a link, the browser will navigate to that page.
Home
All topics
About Airbnb
Getting started
Getting started
How-to
Create an account
Signing up is free—use your email address, phone number, Google account, or Apple ID.
How-to
Log in to your Airbnb account
Trying to log in? Here's how to access your Airbnb account.
How-to
All the ways to host on Airbnb
It's free to sign up to host a place to stay, host an experience like a class, tour, or music event, or provide a service. Learn more about the criteria you need to meet in order to host.
How-to
Create a listing
Start by creating listings in your host profile. It can take up to 72 hours for a new listing to be included in search results.
How-to
Hosting Airbnb Adventures
Every host of an Airbnb Adventure must demonstrate relevant expertise for that particular adventure. Find out how to apply.
How-to
Update the Airbnb app
Using the most recent version of the Airbnb app helps ensure you have a great experience.
Related topics
How Airbnb works
Our community policies
Partnerships
Site Footer
Support
Help Center
AirCover
Anti-discrimination
Disability support
Cancellation options
Report neighborhood concern
Hosting
Airbnb your home
AirCover for Hosts
Hosting resources
Community forum
Hosting responsibly
Airbnb-friendly apartments
Join a free Hosting class
Find a co‑host
Airbnb
2025 Summer Release
Newsroom
New features
Careers
Investors
Gift cards
Airbnb.org emergency stays
Footer section
© 2025 Airbnb, Inc.·Terms·Sitemap·Privacy·Your Privacy Choices
English (US)
€
EUR",3,Create an account | Log in to your Airbnb account | All the ways to host on Airbnb,"Create an account: Skip to content
Help Center
– home page
Search
Suggestions will show after typing in the search input. Use the up and down arrows to review. Use enter to select. If the selection is a phrase, that phrase will be submitted to search. If the suggestion is a link, the browser will navigate to that page.
Home
All topics
Your account and reviews
Creating an account
Create an account
How-to
Create an account

Creating an Airbnb account is free and easy. To sign up, visit Airbnb.com, or download the Airbnb app from the App Store or Google Play.

Multiple ways to sign up for an account

You can sign up for a new account on desktop or mobile browser, or in the Airbnb app by providing any of the following:

An email address and a password
Your phone number
Google or Apple account
Naver account (for South Korea)
What’s required before you list or book a stay

Every Airbnb community member is required to go through our identity verification process. For hosts, we'll collect this when you publish your listing. We’ll collect this for guests when you book. You can begin the verification process here.

If more information is needed, we’ll let you know so you can complete the creation of your account.

What’s required before you can host

You’ll need to verify your identity before you can get started hosting. Every community member is required to go through this process.

If you already have another account

If you have more than one Airbnb account, you unfortunately can’t merge accounts. However, you can delete or deactivate the account you use the least. Learn more about what to do if you have multiple accounts.

Did this article help?
Yes
No
Related articles
Guide
Getting started on Airbnb
Whether you want to book a dream stay away from home, host an Airbnb Experience in your own backyard, or provide a service to make a guest’s trip more memorable, here’s how Airbnb works for you—as a host or a guest.
How-to
Disconnect your social accounts from Airbnb
You can disconnect your social accounts from your Airbnb account at any time.
How-to
Booking requirements for reservations
When booking a home, service, or experience, we need to know some basic information about you.
Get help with your reservations, account, and more.
Log in or sign up
Site Footer
Support
Help Center
AirCover
Anti-discrimination
Disability support
Cancellation options
Report neighborhood concern
Hosting
Airbnb your home
AirCover for Hosts
Hosting resources
Community forum
Hosting responsibly
Airbnb-friendly apartments
Join a free Hosting class
Find a co‑host
Airbnb
2025 Summer Release
Newsroom
New features
Careers
Investors
Gift cards
Airbnb.org emergency stays
Footer section
© 2025 Airbnb, Inc.·Terms·Sitemap·Privacy·Your Privacy Choices
English (US)
€
EUR | Log in to your Airbnb account: Skip to content
Help Center
– home page
Search
Suggestions will show after typing in the search input. Use the up and down arrows to review. Use enter to select. If the selection is a phrase, that phrase will be submitted to search. If the suggestion is a link, the browser will navigate to that page.
Home
All topics
Your account and reviews
Creating an account
Log in to your Airbnb account
How-to
Log in to your Airbnb account

Whether you’re just getting started or simply want a refresher on how to get into your account, we’re here to help you get access.

In this article
If you’re new to Airbnb
Log in to an existing Airbnb account
If you have trouble logging in
Getting to your host or guest account after logging in
If you’re new to Airbnb

We’re glad you’re here. You can start by creating an account. You can also find everything you need to know about getting started.

Log in to an existing Airbnb account

When you created your account, you chose the way that you sign in. It could be via email, phone number, Apple ID, Facebook or Google account, or Naver (South Korea). 

Desktop
iOS app
Android app
Mobile browser
Log in on desktop
Click Account
Select your login method from the options listed
Enter your login details and follow the instructions
If you have trouble logging in

If you’re are experiencing difficulty logging in, try the following options:


Make sure you’re connected to a stable internet connection.
You can use the phone number or email associated with your Airbnb account to log in.
You can always reset your password if you forgot it.

If you’ve logged in to Airbnb with your Facebook credentials in the past, you’ll need to use one of these methods to log in.

Getting to your host or guest account after logging in

You’re automatically taken to your guest account when you log in. If you’re also a host, you can switch between traveling and hosting on airbnb.com and the Airbnb app.

Did this article help?
Yes
No
Related articles
How-to
Reset or change your password
Learn how to reset your password, update your password, or create one for Airbnb if you’ve been logging in a different way.
How-to
Create an account
Signing up is free—use your email address, phone number, Google account, or Apple ID.
How-to
Disconnect your social accounts from Airbnb
You can disconnect your social accounts from your Airbnb account at any time.
Get help with your reservations, account, and more.
Log in or sign up
Site Footer
Support
Help Center
AirCover
Anti-discrimination
Disability support
Cancellation options
Report neighborhood concern
Hosting
Airbnb your home
AirCover for Hosts
Hosting resources
Community forum
Hosting responsibly
Airbnb-friendly apartments
Join a free Hosting class
Find a co‑host
Airbnb
2025 Summer Release
Newsroom
New features
Careers
Investors
Gift cards
Airbnb.org emergency stays
Footer section
© 2025 Airbnb, Inc.·Terms·Sitemap·Privacy·Your Privacy Choices
English (US)
€
EUR | All the ways to host on Airbnb: Skip to content
Help Center
– home page
Search
Suggestions will show after typing in the search input. Use the up and down arrows to review. Use enter to select. If the selection is a phrase, that phrase will be submitted to search. If the suggestion is a link, the browser will navigate to that page.
Home
All topics
About Airbnb
Getting started
All the ways to host on Airbnb
How-to
All the ways to host on Airbnb

Maybe you have a special place to stay, a great idea for an unforgettable experience, or want to provide a service like a catered dinner that could make a guests’ stay more special. Whether you want to host your home, an experience, or provide a service, you can connect to guests around the world—and we’re here to help.

In this article
How to sign up
Host a home
Host an Airbnb Experience
Provide a service on Airbnb
Regulations for hosting
How to sign up

Let’s get started! It’s free to create an account and list a home, experience, or service. Before you begin, get to know our hosting regulations and standards.

Host a home

How you host is up to you. You can list an entire home, or a private room—or perhaps another unique space. You might want to greet your guests on site, or offer self check-in. In order to set yourself up for success, check out Airbnb’s basic requirements to host.

There are different ways to host:

Host your place yourself
Invite a friend or family member to be your co-host
Hire a high-quality, local co-host through the Co-Host Network

You can also offer your Airbnb home for free by joining a community of more than 60,000 hosts providing emergency housing in times of crisis.

Need more help? Learn more about the world of hosting, connect with a Superhost, or join a free hosting class. If you’re ready to host, it’s easy to create your listing.

Host an Airbnb Experience

Airbnb Experiences bring people together—whether it’s classes, tours, concerts, or other activities—all over the world.

If you are ready to share some local expertise, just make sure:

You have formal training or other relevant background, the activity you plan to host is connected to what a city is known for, and the location for your experience is safe, clean, and comfortable
Your experience follows these standards and requirements
You’re in compliance with applicable local laws and regulations
You have completed our identity verification process and, where applicable, criminal background checks
You have required insurance
You have appropriate licenses and certifications for the activity

Here’s how to sign up to host an experience.

Provide a service on Airbnb

Airbnb Services make trips more special for guests with incredible services like private chefs, photography, massage, and spa treatments. Services are vetted and take place either in an Airbnb home, at a place of business, or in public spaces.

If you want to offer your services, you need to:

Have a minimum of 2 years of professional experience in the relevant category or 5 years for chefs without a culinary degree, maintain a high-quality professional reputation, and a portfolio that highlights your professional experience is needed for photography, chefs, catering, prepared meals, personal trainers, hair styling, makeup, and nails
Provide offerings that meet our standards and requirements
Meet our listing standards
Be in compliance with applicable local laws and regulations
Complete our identity verification process and, where applicable, criminal background checks
Have required insurance
Have appropriate licenses and certifications for the activity

Interested in providing a service? Create your listing.

Regulations for hosting

Homes, experiences, and services are offered all around the world, though we’re required to comply with international regulations that restrict the use of our site by residents of certain countries or regions. Because of this, our services are not available in some places, such as Crimea, Iran, Syria, and North Korea. Find out more about legal and regulatory issues for hosting places to stay, and responsible hosting for experiences on Airbnb.

Did this article help?
Yes
No
Related articles
How-to • Home host
Prepare to host your home
From keeping your calendar updated to giving guests soap and snacks, here are some tips to help get your home ready.
How-to • Home host
Hosting guests with accessibility needs
The most important thing hosts can do is to provide clear and accurate information about your listing, including adding any accessibility features a listing has, and to make sure to communicate with your guests.
Rules
Rome, Italy
If you're thinking about becoming an Airbnb Host, here's some information to help you understand the laws in your city.
Get help with your reservations, account, and more.
Log in or sign up
Site Footer
Support
Help Center
AirCover
Anti-discrimination
Disability support
Cancellation options
Report neighborhood concern
Hosting
Airbnb your home
AirCover for Hosts
Hosting resources
Community forum
Hosting responsibly
Airbnb-friendly apartments
Join a free Hosting class
Find a co‑host
Airbnb
2025 Summer Release
Newsroom
New features
Careers
Investors
Gift cards
Airbnb.org emergency stays
Footer section
© 2025 Airbnb, Inc.·Terms·Sitemap·Privacy·Your Privacy Choices
English (US)
€
EUR",2025-07-08T11:28:53.531Z,
travel-admin,About Airbnb,How Airbnb works,https://www.airbnb.com/help/topic/1378,"Skip to content
Help Center
– home page
Search
Suggestions will show after typing in the search input. Use the up and down arrows to review. Use enter to select. If the selection is a phrase, that phrase will be submitted to search. If the suggestion is a link, the browser will navigate to that page.
Home
All topics
About Airbnb
How Airbnb works
How Airbnb works
Contact info and feedback; Airbnb basics
Contact info and feedback
How-to
Get help or contact Airbnb Support
Most Hosts and guests are able to quickly resolve issues on their own. Explore ways to get the help you need before, during, or after a trip.
How-to
Share your feedback about Airbnb
Use our form to give feedback about how an Airbnb feature works or to report a bug.
How-to
Contact HotelTonight
For any questions related to HotelTonight reservations, contact the specialized support team, available 24/7.
Airbnb basics
How-to
About Airbnb: What it is and how it works
On Airbnb, you can host a home, experience, or provide a service to guests around the world.
How-to
Understand the Superhost program
Superhost listings include a badge, which hosts earn by going above and beyond to meet certain criteria.
How-to
About Airbnb for Work
Book and manage work trips for your employees, and use our tools to help manage business travel.
How-to
The Airbnb Community Center
Hosts can connect with each other, share stories, get advice, and keep current about Airbnb news and policies.
How-to
About Airbnb.org
Airbnb.org is an independent, publicly-supported nonprofit organization that partners with nonprofits to provide people with emergency housing in times of crisis.
How-to
About Airbnb Adventures
Adventures are small-group, multi-day trips to off-the-beaten-path places that are led by local experts.
How-to
Our Living Wage Pledge
US hosts who agree to pay their cleaners fairly can commit to Airbnb's Living Wage Pledge.
Related topics
Getting started
Our community policies
Partnerships
Site Footer
Support
Help Center
AirCover
Anti-discrimination
Disability support
Cancellation options
Report neighborhood concern
Hosting
Airbnb your home
AirCover for Hosts
Hosting resources
Community forum
Hosting responsibly
Airbnb-friendly apartments
Join a free Hosting class
Find a co‑host
Airbnb
2025 Summer Release
Newsroom
New features
Careers
Investors
Gift cards
Airbnb.org emergency stays
Footer section
© 2025 Airbnb, Inc.·Terms·Sitemap·Privacy·Your Privacy Choices
English (US)
€
EUR",3,Get help or contact Airbnb Support | Share your feedback about Airbnb | Contact HotelTonight,"Get help or contact Airbnb Support: Skip to content
Help Center
– home page
Search
Suggestions will show after typing in the search input. Use the up and down arrows to review. Use enter to select. If the selection is a phrase, that phrase will be submitted to search. If the suggestion is a link, the browser will navigate to that page.
Home
All topics
About Airbnb
How Airbnb works
Contact info and feedback
Get help or contact Airbnb Support
How-to
Get help or contact Airbnb Support

Whether you’re a Host or guest, find help before, during, or after a stay.

In this article
Contact your Host or guest
Explore the Help Center
Visit the Resolution Center
Contact Airbnb Customer Service
Contact your Host or guest

Sending a message is usually the quickest and easiest way to resolve an issue with your listing or reservation. Or you could try calling them.

Explore the Help Center

Visit the Help Center to find answers to common questions, including information about:

Refunds
Reviews
Payments
Cancellations
Visit the Resolution Center

If you need to securely send or request money for something that wasn’t included in a listing, visit the Resolution Center. We can also get involved if you need help working out the details with your Host or guest.

Contact Airbnb Customer Service

Need a little more help or have a complaint? Contact us by email, chat, or phone at 1-844-234-2500.

Did this article help?
Yes
No
Related articles
Guide • Guest
AirCover for guests
Every home booking comes with AirCover for guests. If there’s a serious issue with your Airbnb that your host can't resolve, we’ll help you find a similar place, depending on availability at comparable pricing, or give you a full or partial refund.
How-to
Neighborhood Support
Find out how you can report a party, noise complaint, or neighborhood concern.
How-to • Hosť
If you have a problem or issue during your reservation
If anything unexpected comes up during your stay, message your host to discuss a solution first. It’s likely that they’ll be able to help you fix the issue. If your host can’t help or you’d like to request a refund, we’re here to support you.
Get help with your reservations, account, and more.
Log in or sign up
Site Footer
Support
Help Center
AirCover
Anti-discrimination
Disability support
Cancellation options
Report neighborhood concern
Hosting
Airbnb your home
AirCover for Hosts
Hosting resources
Community forum
Hosting responsibly
Airbnb-friendly apartments
Join a free Hosting class
Find a co‑host
Airbnb
2025 Summer Release
Newsroom
New features
Careers
Investors
Gift cards
Airbnb.org emergency stays
Footer section
© 2025 Airbnb, Inc.·Terms·Sitemap·Privacy·Your Privacy Choices
English (US)
€
EUR | Share your feedback about Airbnb: Skip to content
Help Center
– home page
Search
Suggestions will show after typing in the search input. Use the up and down arrows to review. Use enter to select. If the selection is a phrase, that phrase will be submitted to search. If the suggestion is a link, the browser will navigate to that page.
Home
All topics
About Airbnb
How Airbnb works
Contact info and feedback
Share your feedback about Airbnb
How-to
Share your feedback about Airbnb

We love to know how we’re doing. Give feedback about an Airbnb feature, report a bug, and more. 

If you have a question about something else, find help or contact Airbnb.

Did this article help?
Yes
No
Related articles
How-to
Get help or contact Airbnb Support
Most Hosts and guests are able to quickly resolve issues on their own. Explore ways to get the help you need before, during, or after a trip.
How-to • Home host
How discounts are applied
There are different kinds of discounts and promotions available for your listing, but only one offer can be applied per reservation.
How-to • Home host
How reservation changes affect your payout
When a guest submits a change request, it’s treated as a new booking, and the price is calculated at your current nightly rate.
Get help with your reservations, account, and more.
Log in or sign up
Site Footer
Support
Help Center
AirCover
Anti-discrimination
Disability support
Cancellation options
Report neighborhood concern
Hosting
Airbnb your home
AirCover for Hosts
Hosting resources
Community forum
Hosting responsibly
Airbnb-friendly apartments
Join a free Hosting class
Find a co‑host
Airbnb
2025 Summer Release
Newsroom
New features
Careers
Investors
Gift cards
Airbnb.org emergency stays
Footer section
© 2025 Airbnb, Inc.·Terms·Sitemap·Privacy·Your Privacy Choices
English (US)
€
EUR | Contact HotelTonight: Skip to content
Help Center
– home page
Search
Suggestions will show after typing in the search input. Use the up and down arrows to review. Use enter to select. If the selection is a phrase, that phrase will be submitted to search. If the suggestion is a link, the browser will navigate to that page.
Home
All topics
About Airbnb
How Airbnb works
Contact info and feedback
Contact HotelTonight
How-to
Contact HotelTonight

HotelTonight is part of the Airbnb team and offers on-demand booking for boutique and independent hotels. Working together is a win-win! Guests get even more choices and it’s easier for the best hotels to connect with new people.

Ready to make a reservation? Visit HotelTonight or download the app.

Have a question? The support team is available 24/7 at +1 833-338-0302 or online.

Did this article help?
Yes
No
Get help with your reservations, account, and more.
Log in or sign up
Site Footer
Support
Help Center
AirCover
Anti-discrimination
Disability support
Cancellation options
Report neighborhood concern
Hosting
Airbnb your home
AirCover for Hosts
Hosting resources
Community forum
Hosting responsibly
Airbnb-friendly apartments
Join a free Hosting class
Find a co‑host
Airbnb
2025 Summer Release
Newsroom
New features
Careers
Investors
Gift cards
Airbnb.org emergency stays
Footer section
© 2025 Airbnb, Inc.·Terms·Sitemap·Privacy·Your Privacy Choices
English (US)
€
EUR",2025-07-08T11:29:12.903Z,
travel-admin,About Airbnb,Our community policies,https://www.airbnb.com/help/feature/1,"Our community policies

What to expect, and what will be expected of you, as a member of the Airbnb community.",1,Cancellation options,"Cancellation options: Skip to content
Help Center
– home page
Search
Suggestions will show after typing in the search input. Use the up and down arrows to review. Use enter to select. If the selection is a phrase, that phrase will be submitted to search. If the suggestion is a link, the browser will navigate to that page.
Home
All topics
Your reservations
Cancellations
Major Disruptive Events Policy
Community policy
Major Disruptive Events Policy
In this article
Overview
What events are covered
What happens if a reservation is impacted by a covered Event
What is not covered
How this policy affects hosts
Other things to be aware of
Overview

In general, cancellations and refunds for Airbnb reservations are governed by the listing’s cancellation policy. In the rare circumstances that large-scale events prevent or legally prohibit completion of a reservation, the Major Disruptive Events Policy (the “Policy”) may apply. When this Policy applies, guests can cancel their reservation and receive a refund, travel credit, and/or other consideration regardless of the reservation’s cancellation policy, and hosts can cancel without fees or other adverse consequences, although their listing’s calendar will be blocked for the dates of the canceled reservation.

This Policy applies to reservations for homes, services, and experiences and is applicable to reservations that are ongoing or that have a check-in on or after the effective date, except as otherwise notified by Airbnb to users. The Major Disruptive Events Policy is not an insurance policy.

What events are covered

The following events are covered under this Policy if they impact your reservation location, occur after the time of booking, and prevent or legally prohibit completion of a future or ongoing reservation (referred to in this Policy as “Events”):

Declared public health emergencies and epidemics. Government-declared epidemics, pandemics, and public health emergencies. This does not include diseases that are endemic (for example, the flu) or commonly associated with an area (for example, malaria in Thailand). COVID-19 is not covered under this Major Disruptive Events Policy.

Government travel restrictions. Mandatory travel restrictions imposed by a governmental agency, such as an evacuation order or shelter-in-place order. This does not include non-binding travel advisories and similar government guidance.

Military actions and other hostilities. Acts of war, hostilities, invasions, civil war, terrorism, explosions, bombings, rebellions, riots, and insurrection.

Large-scale outages of essential utilities. Prolonged outages of essential utilities, such as heat, water, and electricity, impacting the vast majority of homes in a given location.

Unforeseeable natural disasters and severe weather events. Unforeseeable natural disasters, like earthquakes and tsunamis, and unforeseeable severe weather events, like tornadoes. This does not include events that are foreseeable for a given location, as described further below.

What happens if a reservation is impacted by a covered Event

When a large-scale event occurs, we assess the situation to determine whether the Major Disruptive Events Policy applies. If it does, we activate the Policy for the impacted area and timeframe where we anticipate that the Event will prevent or legally prohibit completion of reservations. Reservations outside of the defined area and timeframe may not be eligible, though hosts may still be able to cancel without adverse consequences if they are unable to host. We continuously monitor these situations and adjust coverage as needed to reflect changing conditions. If you believe this Policy applies to your reservation, please contact us to inquire about eligibility.

What is not covered

We understand that other circumstances outside of your control may disrupt your plans. In any situations not listed above, your reservation remains subject to the host’s cancellation policy for the listing.

Examples of common events not covered by this policy include:

Events that impact a guest or their ability to travel, but not the reservation location
Unexpected injury or illness
Government obligations like jury duty or court appearances
Non-binding travel advisories or other government guidance that fall short of a travel ban or prohibition
Cancellation or rescheduling of an event for which the reservation was made
Transportation disruptions such as airline insolvency, flight cancellations, transportation strikes, and road closures due to maintenance
Weather or natural conditions that are common enough to be foreseeable in a given location, such as hurricanes in Florida during hurricane season or winter weather in the northern hemisphere during winter months—unless the event triggers a covered Event that prevents completion of the reservation, such as government-issued mandatory travel restrictions

For reservations not covered by this Policy, we encourage guests and hosts to find a mutually acceptable arrangement, such as a full or partial refund or an alteration of the booking dates. Note that any refunds outside of the reservation’s cancellation policy are at the host’s discretion. Airbnb does not take part in or guarantee such refunds.

How this policy affects hosts

If a reservation is covered by the Major Disruptive Events Policy, hosts can cancel without fees or other adverse consequences. If a host cancels under this policy, their listing’s calendar will be blocked for the dates of the canceled reservation. If a reservation is canceled under this Policy, the host does not receive a payout for the canceled dates of the reservation, or, if the payout has already been made, the refunded amount will be withheld from the next payout(s).

Regardless of whether a reservation is covered by this Policy, hosts can cancel for certain valid reasons, such as major damage to a listing, without fees or other adverse consequences. Hosts are obligated to cancel a reservation if their listing is uninhabitable or is inconsistent with what the guest booked. Failure to do so may result in listing suspension, cancellation of existing reservations, and refunds to guests until the listing is habitable and consistent with the listing description. This also violates our Ground rules for hosts, and can lead to consequences up to and including account removal.

Other things to be aware of

This Policy does not limit your rights under local regulations, and any decisions made by Airbnb under this Policy do not affect your statutory rights.

Did this article help?
Yes
No
Related articles
How-to • Huésped
Canceling a trip due to a Major Disruptive Event
If you need to cancel because a large-scale event at your destination prevents completion of your reservation, we can help.
Community policy • Home host
Host Cancellation Policy for homes
Because cancellations can disrupt guests' plans and impact confidence in the Airbnb community, there are penalties applied for Host cancellations.
How-to • Guest
Find the cancellation policy for any home, service, or experience
Here’s where to find the cancellation policy for any home, service, or experience.
Get help with your reservations, account, and more.
Log in or sign up
Site Footer
Support
Help Center
AirCover
Anti-discrimination
Disability support
Cancellation options
Report neighborhood concern
Hosting
Airbnb your home
AirCover for Hosts
Hosting resources
Community forum
Hosting responsibly
Airbnb-friendly apartments
Join a free Hosting class
Find a co‑host
Airbnb
2025 Summer Release
Newsroom
New features
Careers
Investors
Gift cards
Airbnb.org emergency stays
Footer section
© 2025 Airbnb, Inc.·Terms·Sitemap·Privacy·Your Privacy Choices
English (US)
€
EUR",2025-07-08T11:29:26.130Z,
travel-admin,About Airbnb,Partnerships,https://www.airbnb.com/help/topic/1381,"Skip to content
Help Center
– home page
Search
Suggestions will show after typing in the search input. Use the up and down arrows to review. Use enter to select. If the selection is a phrase, that phrase will be submitted to search. If the suggestion is a link, the browser will navigate to that page.
Home
All topics
About Airbnb
Partnerships
Partnerships
About Airbnb partners
How-to
How is Airbnb partnering with the American Red Cross and the IFRC?
From emergency plans to kitchen safety tips, our partners offer our community valuable information and resources.
How-to
How is Airbnb partnering with the Pan American Health Organization?
Airbnb has partnered with PAHO, the world’s oldest international public health organization, to provide our community with food safety resources.
How-to
How can the Airbnb community help with water conservation in Cape Town?
Airbnb is committed to promoting local and sustainable travel, and we encourage our community to conserve water during the drought whenever possible.
Animal welfare
How-to
What are the animal welfare guidelines for Airbnb Services and Experiences?
Airbnb hosts commit that their services or experiences ensure the highest quality of life for any animals involved, using the guiding principles of animal welfare.
How-to
How does Airbnb support animal welfare for services and experiences?
Our hosts adhere to our guidelines, which were created in consultation with World Animal Protection, an organization committed to improving the lives of animals.
How-to
How can I recognize a true animal sanctuary?
Find guidelines, developed in partnership with World Animal Protection, to help you determine if the sanctuary you want to visit is a genuine one that puts the animals' welfare first.
How-to
How can I recognize experiences with wild animals that don’t follow animal welfare guidelines?
Find questions to consider, developed in partnership with World Animal Protection, before taking part in activities with wild animals.
How-to
Why is it harmful to wildlife to keep marine mammals in captivity?
Find more info, developed in partnership with World Animal Protection, about marine mammals in captivity.
How-to
How do you know if an attraction or activity can harm an animal?
For Airbnb Experiences and Adventures that include animals, find the animal welfare guidelines developed in partnership with World Animal Protection.
How-to
How can I recognize elephant-friendly venues?
Find the animal welfare guidelines specific for elephants, developed in partnership with World Animal Protection.
Related topics
Getting started
How Airbnb works
Our community policies
Site Footer
Support
Help Center
AirCover
Anti-discrimination
Disability support
Cancellation options
Report neighborhood concern
Hosting
Airbnb your home
AirCover for Hosts
Hosting resources
Community forum
Hosting responsibly
Airbnb-friendly apartments
Join a free Hosting class
Find a co‑host
Airbnb
2025 Summer Release
Newsroom
New features
Careers
Investors
Gift cards
Airbnb.org emergency stays
Footer section
© 2025 Airbnb, Inc.·Terms·Sitemap·Privacy·Your Privacy Choices
English (US)
€
EUR",3,How is Airbnb partnering with the American Red Cross and the IFRC? | How is Airbnb partnering with the Pan American Health Organization? | How can the Airbnb community help with water conservation in Cape Town?,"How is Airbnb partnering with the American Red Cross and the IFRC?: Skip to content
Help Center
– home page
Search
Suggestions will show after typing in the search input. Use the up and down arrows to review. Use enter to select. If the selection is a phrase, that phrase will be submitted to search. If the suggestion is a link, the browser will navigate to that page.
Home
All topics
About Airbnb
Partnerships
About Airbnb partners
How is Airbnb partnering with the American Red Cross and the IFRC?
How-to
How is Airbnb partnering with the American Red Cross and the IFRC?

Airbnb has partnered with the American Red Cross and the International Federation of the Red Cross Red Crescent (IFRC) to provide our community with general safety resources.

These resources, applicable in 191 countries, were developed by the Red Cross Red Crescent’s Global Disaster Preparedness Center, which is an international reference center created to build a global community for disaster preparedness innovation and learning. Some of these resources include:

Making an emergency plan
General first aid tips
Host preparedness for physical activities
Guest preparedness for physical activities
Kitchen safety tips for hosting an Airbnb Experience
Kitchen safety tips for attending an Airbnb Experience
Preventing fires when hosting an Airbnb Experience
Preventing fires when attending an Airbnb Experience

In an emergency situation, contact local police or emergency services immediately.

Partner disclaimers

Courtesy of the American Red Cross and the International Federation of the Red Cross and Red Crescent Societies. ©2019 The American National Red Cross. ALL RIGHTS RESERVED.

The American Red Cross and the International Federation of the Red Cross Red Crescent name and emblem are used with its permission, which in no way constitutes an endorsement, express or implied, of any product, service, company, opinion, or political position. The American Red Cross logo is a registered trademark owned by The American National Red Cross. For more information about the American Red Cross, visit redcross.org.


Did this article help?
Yes
No
Related articles
How-to
About Airbnb.org
Airbnb.org is an independent, publicly-supported nonprofit organization that partners with nonprofits to provide people with emergency housing in times of crisis.
How-to • Home host
Receiving an Airbnb.org emergency stay request
Airbnb.org helps nonprofit organizations offer a temporary place to stay to people in need.
How-to • Home host
Sign up to host emergency stays through Airbnb.org
You can sign up to offer emergency stays to people in times of crisis by visiting Airbnb.org and clicking Offer Your Space.
Get help with your reservations, account, and more.
Log in or sign up
Site Footer
Support
Help Center
AirCover
Anti-discrimination
Disability support
Cancellation options
Report neighborhood concern
Hosting
Airbnb your home
AirCover for Hosts
Hosting resources
Community forum
Hosting responsibly
Airbnb-friendly apartments
Join a free Hosting class
Find a co‑host
Airbnb
2025 Summer Release
Newsroom
New features
Careers
Investors
Gift cards
Airbnb.org emergency stays
Footer section
© 2025 Airbnb, Inc.·Terms·Sitemap·Privacy·Your Privacy Choices
English (US)
€
EUR | How is Airbnb partnering with the Pan American Health Organization?: Skip to content
Help Center
– home page
Search
Suggestions will show after typing in the search input. Use the up and down arrows to review. Use enter to select. If the selection is a phrase, that phrase will be submitted to search. If the suggestion is a link, the browser will navigate to that page.
Home
All topics
About Airbnb
Partnerships
About Airbnb partners
How is Airbnb partnering with the Pan American Health Organization?
How-to
How is Airbnb partnering with the Pan American Health Organization?

Airbnb is collaborating with the Pan American Health Organization (PAHO) to provide our community with food safety resources. PAHO is world’s oldest international public health Organization. It serves as the Regional Office for the Americas of the World Health Organization and the specialized agency for health of the Organization of American States. PAHO’s mission is to lead strategic collaborative efforts among all of the countries in the Western Hemisphere and other partners to promote equity in health, to combat disease, and to improve the lives of the people of the Americas.

As part of its food safety program, PAHO supports technical cooperation between countries to strengthen their national systems to promote safe food and water, mitigating the risks of foodborne diseases.

The resources Airbnb has developed for food safety include:

For hosts:
Safety guidelines for experiences that involve cooking
Food allergies
Dietary restrictions or preferences
For guests:
Food allergies
Dietary restrictions or preferences
Did this article help?
Yes
No
Related articles
How-to • Experience host
What should I know about food allergies as a host of an Airbnb Experience?
Communication, planning ahead, as well as how you prep, cook, and perform cleanup are all important elements of keeping guests with food allergies safe.
Rules • Guest
Dietary restrictions on Airbnb Experiences
Hosts can often find ways to accommodate a variety of dietary restrictions so everyone gets the most out of the experience. Check with the Host to find out.
How-to • Experience host
What should I know about dietary restrictions as a host of an Airbnb Service or Experience involving food?
As a host, it’s important to be aware of the different dietary restrictions you might encounter to properly accommodate your guests’ needs.
Get help with your reservations, account, and more.
Log in or sign up
Site Footer
Support
Help Center
AirCover
Anti-discrimination
Disability support
Cancellation options
Report neighborhood concern
Hosting
Airbnb your home
AirCover for Hosts
Hosting resources
Community forum
Hosting responsibly
Airbnb-friendly apartments
Join a free Hosting class
Find a co‑host
Airbnb
2025 Summer Release
Newsroom
New features
Careers
Investors
Gift cards
Airbnb.org emergency stays
Footer section
© 2025 Airbnb, Inc.·Terms·Sitemap·Privacy·Your Privacy Choices
English (US)
€
EUR | How can the Airbnb community help with water conservation in Cape Town?: Skip to content
Help Center
– home page
Search
Suggestions will show after typing in the search input. Use the up and down arrows to review. Use enter to select. If the selection is a phrase, that phrase will be submitted to search. If the suggestion is a link, the browser will navigate to that page.
Home
All topics
About Airbnb
Partnerships
About Airbnb partners
How can the Airbnb community help with water conservation in Cape Town?
How-to
How can the Airbnb community help with water conservation in Cape Town?

We are continuously monitoring the water situation in Cape Town and have been in contact with hosts and guests, as well as with local officials, about the latest developments. Airbnb is committed to promoting local and sustainable travel, and we are encouraging our community to act responsibly during this drought and conserve water whenever possible.

Cape Town has worked hard to save water and increase their dam levels, but we ask that you still make every effort to use water sparingly. For water restrictions explained, visit the City of Cape Town website. You can find helpful information on Cape Town’s guidance for visitors and Wesgro’s FAQs.

If you are also interested in supporting local water-saving initiatives, you can visit FlowOffset to find out more about how to counteract your water consumption.

Additional info for hosts
How do I ask my guests to join us in our commitment to use water sparingly?

It’s a good idea to connect with your guest as soon as possible to let them know that you can still host, details about the water restrictions, and any changes they should expect as a result. This could include information like when and how often laundry is done, or if there are restrictions in the use of the swimming pool (if you have one). Also, you can let them know that you’re available to answer any questions about their stay. Many hosts tell us that when guests understand the situation, they are willing to do their part to use water responsibly.

Can I charge an additional fee for water?

Charging for water is a regulated activity and it is against the law to charge guests separate fees for water. For more info about the sale of water, you can visit Cape Town’s Water Restrictions.

Are there exceptions to the water restrictions?

It may be possible to apply for an increase in domestic water. You can find out more on the City of Cape Town website or by contacting the the City of Cape Town Metropolitan Municipality at +27-0860-103-089 or email water@capetown.gov.za.

Did this article help?
Yes
No
Get help with your reservations, account, and more.
Log in or sign up
Site Footer
Support
Help Center
AirCover
Anti-discrimination
Disability support
Cancellation options
Report neighborhood concern
Hosting
Airbnb your home
AirCover for Hosts
Hosting resources
Community forum
Hosting responsibly
Airbnb-friendly apartments
Join a free Hosting class
Find a co‑host
Airbnb
2025 Summer Release
Newsroom
New features
Careers
Investors
Gift cards
Airbnb.org emergency stays
Footer section
© 2025 Airbnb, Inc.·Terms·Sitemap·Privacy·Your Privacy Choices
English (US)
€
EUR",2025-07-08T11:29:44.910Z,
travel-admin,Safety,Safety concerns,https://www.airbnb.com/help/topic/1394,"Skip to content
Help Center
– home page
Search
Suggestions will show after typing in the search input. Use the up and down arrows to review. Use enter to select. If the selection is a phrase, that phrase will be submitted to search. If the suggestion is a link, the browser will navigate to that page.
Home
All topics
Safety
Safety concerns
Safety concerns
How-to
Report and block a host or guest’s messages
Report suspicious messages to keep our community safe, or block the host or guest to stop further messages.
Rules
Home safety: Smoke and carbon monoxide alarms
Hosts are encouraged to install carbon monoxide alarms in their space. Find out more about our home safety program.
How-to
How Airbnb builds trust between hosts and guests
We offer features that help build trust, including our secure messaging system, reviews, AirCover for hosts and guests, and more.
How-to
If you feel unsafe during a trip
If you feel as if you may be in danger or your personal safety is threatened, contact the local authorities immediately.
How-to
Safety information on home listings
Here’s what you need to know about disclosing safety information in a home listing.
How-to
If you're injured on an Airbnb service or experience
If you’re injured or require medical attention while on an experience, get to a safe place and contact local emergency services immediately.
How-to
For hosts—injuries during an Airbnb Service or Experience
You should get everyone to a safe place and contact local emergency services immediately. After that, report the incident to us.
How-to
Background checks
We may conduct background checks on US-based users and India-based hosts. Find out more about how and when we do this.
Legal terms
Limitations of background checks
Because our background checks are limited, you shouldn’t rely on them as a guarantee that the user has no criminal background or other red flags.
How-to
Implications of background checks
Learn about how the background checks we perform can impact your account.
Rules • Home host
Airbnb’s free CO/smoke alarm program
Smoke and carbon monoxide (CO) alarms save lives. That’s why we’re offering one free dual smoke and CO alarm to hosts on Airbnb.
How-to • Guest
How listing locations are verified
When you see the Verified Location badge on the map, this means that the listing has satisfied the verification requirements described in this article.
Guide • Home host
Carbon Monoxide Alarm Program
CO alarms can help alert guests if there’s a dangerous CO buildup, such as from gas appliances or fireplaces, and are an important amenity for your listing.
Rules • Guest
Pre-screening criteria for Airbnb Experiences
In certain cases, Airbnb will pre-screen guests who book Airbnb Experiences.
Related topics
Safety tips and guidelines
Reporting issues
Government travel restrictions and advisories
Site Footer
Support
Help Center
AirCover
Anti-discrimination
Disability support
Cancellation options
Report neighborhood concern
Hosting
Airbnb your home
AirCover for Hosts
Hosting resources
Community forum
Hosting responsibly
Airbnb-friendly apartments
Join a free Hosting class
Find a co‑host
Airbnb
2025 Summer Release
Newsroom
New features
Careers
Investors
Gift cards
Airbnb.org emergency stays
Footer section
© 2025 Airbnb, Inc.·Terms·Sitemap·Privacy·Your Privacy Choices
English (US)
€
EUR",3,Report and block a host or guest’s messages | Home safety: Smoke and carbon monoxide alarms | How Airbnb builds trust between hosts and guests,"Report and block a host or guest’s messages: Skip to content
Help Center
– home page
Search
Suggestions will show after typing in the search input. Use the up and down arrows to review. Use enter to select. If the selection is a phrase, that phrase will be submitted to search. If the suggestion is a link, the browser will navigate to that page.
Home
All topics
Safety
Safety concerns
Report and block a host or guest’s messages
How-to
Report and block a host or guest’s messages

Help keep our community safe by reporting suspicious or inappropriate messages. You can also block the host or guest from continuing to message you.

In this article
Report a message with an option to block
What happens when you block a host or guest
How blocking works for upcoming or active reservations
How blocking works for inquiries
Other places that you can report inappropriate activity
Report a message with an option to block
Desktop
iOS app
Android app
Mobile browser
Report a message on desktop
Click Messages and select the conversation containing the message you want to report

Find the specific message in the thread and click the three dots next to it

Click  Report this message
Select the reason you're reporting the message and click Ok
Give additional details (if required), and then click Submit

You may have the option to block the user after reporting the message. To do so, select Block this person, and then Block. The effects of blocking may vary depending on the situation.


What happens when you block a host or guest

If you block someone, they won’t be able to send you messages, book your listing, or accept a reservation request from you. However, the effects of blocking may vary depending on the situation.

How blocking works for upcoming or active reservations

If you block a host or guest for an upcoming reservation or during an active reservation, you may continue to receive messages from the blocked user before and during the reservation, and for up to two weeks after the reservation ends to ensure all necessary post-reservation communications are completed.

For group messages, the conversation closes for everyone once the two-week post-reservation window ends.

If you cancel the reservation, blocking takes effect immediately. You can always contact us to step in and help.

How blocking works for inquiries

If you block a host or guest during an active inquiry, it stops everyone in the thread from messaging each other.

Other places that you can report inappropriate activity

You can also report suspicious host or guest Profiles or Listings.

Did this article help?
Yes
No
Related articles
Community policy
Combating hate, harassment, and discrimination
We want our hosts and guests to use our platform free from hate, harassment, and discrimination.
Community policy
Host and guest safety
To help ensure safe home stays, services, experiences, and interactions, certain activities and behaviors are not allowed in our community.
How-to
Report suspicious messages
If you get a suspicious message, let us know by contacting us or flagging it in your Messages.
Get help with your reservations, account, and more.
Log in or sign up
Site Footer
Support
Help Center
AirCover
Anti-discrimination
Disability support
Cancellation options
Report neighborhood concern
Hosting
Airbnb your home
AirCover for Hosts
Hosting resources
Community forum
Hosting responsibly
Airbnb-friendly apartments
Join a free Hosting class
Find a co‑host
Airbnb
2025 Summer Release
Newsroom
New features
Careers
Investors
Gift cards
Airbnb.org emergency stays
Footer section
© 2025 Airbnb, Inc.·Terms·Sitemap·Privacy·Your Privacy Choices
English (US)
€
EUR | Home safety: Smoke and carbon monoxide alarms: Skip to content
Help Center
– home page
Search
Suggestions will show after typing in the search input. Use the up and down arrows to review. Use enter to select. If the selection is a phrase, that phrase will be submitted to search. If the suggestion is a link, the browser will navigate to that page.
Home
All topics
Safety
Safety concerns
Home safety: Smoke and carbon monoxide alarms
Rules
Home safety: Smoke and carbon monoxide alarms

Smoke and carbon monoxide (CO) alarms save lives. That’s why we’re on a mission to get alarms into as many listings as possible. We strongly urge hosts to install smoke and carbon monoxide alarms in spaces that use fuel-burning appliances, test them regularly, and make sure their listing description is up to date. Check out preparing your listing with safety essentials for more information.

In this article
Get a combination smoke and carbon monoxide alarm at no cost
Update carbon monoxide and smoke alarm information on listings
Additional info
Get a combination smoke and carbon monoxide alarm at no cost

Airbnb provides a self-contained, battery powered, combination smoke and carbon monoxide alarm to eligible hosts at no cost. Home Safety Terms and Conditions apply.

Already have smoke and CO alarms? Update your listing information about safety devices, such as smoke and carbon monoxide alarms.

Update carbon monoxide and smoke alarm information on listings
Desktop
iOS app
Android app
Mobile browser
Update safety device info on desktop
Click Listings and select the listing you want to edit
Under Listing editor, click Guest safety
Click Safety devices
Select Carbon monoxide alarm installed and Smoke alarm installed
Click Save
Additional info

If your place only uses electric appliances, and does not have an attached garage, you have the option to select that a carbon monoxide alarm is not necessary.

Be sure to check your local regulations, which may require that you have more than one working smoke and carbon monoxide alarm installed in your place.

To communicate with a global audience, Airbnb often uses the terms ""alarm"" and ""detector"" interchangeably.

Did this article help?
Yes
No
Related articles
Legal terms
Home Safety Terms and Conditions
Please review our Home Safety Terms and Conditions.
How-to • Home host
Tracking your hosting performance
You can use our professional hosting tools to track your listings' historical, future, and real-time performance.
How-to • Guest
Cancellations of monthly stays
If a reservation is for 28 nights or more, the long-term cancellation policy applies.
Get help with your reservations, account, and more.
Log in or sign up
Site Footer
Support
Help Center
AirCover
Anti-discrimination
Disability support
Cancellation options
Report neighborhood concern
Hosting
Airbnb your home
AirCover for Hosts
Hosting resources
Community forum
Hosting responsibly
Airbnb-friendly apartments
Join a free Hosting class
Find a co‑host
Airbnb
2025 Summer Release
Newsroom
New features
Careers
Investors
Gift cards
Airbnb.org emergency stays
Footer section
© 2025 Airbnb, Inc.·Terms·Sitemap·Privacy·Your Privacy Choices
English (US)
€
EUR | How Airbnb builds trust between hosts and guests: Skip to content
Help Center
– home page
Search
Suggestions will show after typing in the search input. Use the up and down arrows to review. Use enter to select. If the selection is a phrase, that phrase will be submitted to search. If the suggestion is a link, the browser will navigate to that page.
Home
All topics
Safety
Safety concerns
How Airbnb builds trust between hosts and guests
How-to
How Airbnb builds trust between hosts and guests

At Airbnb, we want to build the world’s most trusted community. To help ensure the safety of everyone, we dedicate a knowledgeable and experienced team to monitor any suspicious activity in our marketplace.

Airbnb offers several features that help build trust and cultivate transparency, including our secure messaging system, reviews for homes, reviews for services and experiences, AirCover for hosts, and AirCover for guests.

Report suspicious activity to keep everyone safe

Help keep our community safe by reporting suspicious or inappropriate activity. To report something, click the flag icon  on Profiles, Listings, or Messages.

Resources for hosts and guests

We strive to provide our hosts and guests with the right tools to make informed decisions regarding who they interact with on the site and in the real world.

Learn more about how Airbnb keeps our community safe by verifying user information. And find our safety tips for hosts and guests.

Did this article help?
Yes
No
Related articles
Community policy
Helping to keep our community healthy
As our community travels the world and welcomes global citizens into their spaces, it’s important to try and reduce disease transmission.
Community policy
Host and guest safety
To help ensure safe home stays, services, experiences, and interactions, certain activities and behaviors are not allowed in our community.
Community policy
Illegal and prohibited activities
Airbnb doesn’t allow illegal activities and other behaviors that could harm our community.
Get help with your reservations, account, and more.
Log in or sign up
Site Footer
Support
Help Center
AirCover
Anti-discrimination
Disability support
Cancellation options
Report neighborhood concern
Hosting
Airbnb your home
AirCover for Hosts
Hosting resources
Community forum
Hosting responsibly
Airbnb-friendly apartments
Join a free Hosting class
Find a co‑host
Airbnb
2025 Summer Release
Newsroom
New features
Careers
Investors
Gift cards
Airbnb.org emergency stays
Footer section
© 2025 Airbnb, Inc.·Terms·Sitemap·Privacy·Your Privacy Choices
English (US)
€
EUR",2025-07-08T11:30:03.720Z,
travel-admin,Safety,Safety tips and guidelines,https://www.airbnb.com/help/topic/1395,"Skip to content
Help Center
– home page
Search
Suggestions will show after typing in the search input. Use the up and down arrows to review. Use enter to select. If the selection is a phrase, that phrase will be submitted to search. If the suggestion is a link, the browser will navigate to that page.
Home
All topics
Safety
Safety tips and guidelines
Safety tips and guidelines
General safety tips
How-to
First aid tips
Learn about Airbnb’s partnership with the Red Cross, the guidelines for first aid kits, and how to provide first aid.
How-to
Safety resources in the USA
Whether you're hosting or traveling, being well-informed before a reservation is important. Here are some safety resources to support you along the way.
Rules
Health and safety requirements for Airbnb stays
Your health and well being are important to us. Become familiar with safety tips and guidelines around your health during the COVID-19 pandemic.
Rules
Safety tips for interacting with others
Learn how to help improve your safety when interacting with other Hosts and guests.
For guests on stays
How-to
Safety tips for choosing a place
From ratings to safety features, learn how to find a place to stay where you will feel safe and secure.
How-to
Fire and carbon monoxide safety
Carbon monoxide alarms aren’t common in many parts of the world, so we suggest buying one to bring with you when you travel.
How-to
Safety tips when traveling with children
Learn how to make your stay safer for children when you travel.
For guests on experiences
How-to
Kitchen safety tips for Experience guests
The best practices to keep safe while in the kitchen, including information on hazard prevention and food safety.
Rules
Safety tips for culinary Airbnb Experiences
Follow best practices around food safety, food allergies, dietary restrictions, first aid, and kitchen and fire safety.
How-to
Preventing fires during Airbnb Experiences
Review some tips on fire safety and first aid.
For hosts
How-to • Home host
Safety tips for hosts of places to stay
Hosting guests from all over the world should be fun, rewarding, and safe.
How-to
Safety tips for Hosts of Airbnb Experiences
Find out how to make a safety plan for your guests and get some first aid tips and info.
How-to
Airbnb’s 5-step enhanced cleaning process
Get more info about our 5-step cleaning process developed in partnership with experts in an effort to curb the spread of COVID-19.
How-to
Food safety guidelines for Airbnb Services and Experiences
Hosts must keep things clean, separate raw and cooked foods, cook food thoroughly, keep food at safe temperatures, use safe water, and offer quality ingredients.
How-to
Preventing fires while hosting Airbnb Experiences
Learn fire prevention tools and safety precautions to follow while hosting your Airbnb Experience.
How-to
Kitchen safety tips for hosting Airbnb Experiences
Knife handling, fire prevention, and food safety—find out some best practices to keep your kitchen a safe place.
Rules
Cooking safety for Airbnb Experiences
We offer best practices around food safety, including info about food allergies, dietary restrictions, kitchen safety tips, and fire safety tips.
Related topics
Safety concerns
Reporting issues
Government travel restrictions and advisories
Site Footer
Support
Help Center
AirCover
Anti-discrimination
Disability support
Cancellation options
Report neighborhood concern
Hosting
Airbnb your home
AirCover for Hosts
Hosting resources
Community forum
Hosting responsibly
Airbnb-friendly apartments
Join a free Hosting class
Find a co‑host
Airbnb
2025 Summer Release
Newsroom
New features
Careers
Investors
Gift cards
Airbnb.org emergency stays
Footer section
© 2025 Airbnb, Inc.·Terms·Sitemap·Privacy·Your Privacy Choices
English (US)
€
EUR",3,First aid tips | Safety resources in the USA | Health and safety requirements for Airbnb stays,"First aid tips: Skip to content
Help Center
– home page
Search
Suggestions will show after typing in the search input. Use the up and down arrows to review. Use enter to select. If the selection is a phrase, that phrase will be submitted to search. If the suggestion is a link, the browser will navigate to that page.
Home
All topics
Safety
Safety tips and guidelines
General safety tips
First aid tips
How-to
First aid tips

Accidents happen, and we want you to be prepared. That’s why we’ve partnered with the American Red Cross and the International Federation of the Red Cross and Red Crescent Societies (IFRC) to provide general safety guidelines. Developed by the Red Cross Red Crescent’s Global Disaster Preparedness Center, these guidelines are applicable in 191 countries. While they're a great start, we strongly recommend signing up for a first aid and CPR training course near you.


In this article
Prepare or buy a first aid kit
How to react in an emergency: Check – Call – Care
How to provide first aid
Prepare or buy a first aid kit

Hosts and guests should have first aid kits. Make sure your guests know where it is, and guests should ask, if they don’t.

Supplies to have on hand

Find these items in a Red Cross-approved first aid kit at your local pharmacy or medical clinic:

2 pairs of latex-free gloves
Latex-free adhesive bandages of different sizes
Sterile gauze pads of different sizes
One roll adhesive cloth tape
Roller bandages of different sizes
One elastic bandage
3 or 4 triangular bandages
One 36"" malleable radiolucent splint
One unit of antibiotic ointment, cream, or wound gel
4 sealable plastic bags
5 antiseptic wipe packets
2 packets of chewable aspirin
One space blanket
One CPR breathing barrier (with a one-way valve)
One pair of utility shears or scissors
Oral thermometer
Tweezers

Knowing how to use these items is important, but remembering every step in an emergency can be tough. For help, download the First Aid app, offered by the Red Cross and Red Crescent network in each country.

How to react in an emergency: Check – Call – Care

Even if you have basic training, do not put your or someone else’s life at risk—let emergency medical professionals handle it. However, quick action using the Check – Call – Care process could save a life:

Check: Identify whether an emergency exists—check the person and the surroundings to see if they’re experiencing real risk or distress
Call: If the emergency seems critical, do not hesitate to call the designated emergency number in your country
Care: Stay with the person, monitoring their vital signals and providing information to the medical team
How to provide first aid

Emergency medical professionals might take time to arrive, particularly if there’s traffic or if you’re in a remote location. Assuming you’ve already determined that help is needed and called an emergency number, here are some first steps you can take while you wait.

Allergic reaction or allergy attack

Pollen, stings and bites, latex, some food items such as nuts, shellfish, eggs, or dairy products, and certain medications could cause a severe allergic reaction (anaphylaxis).

What Hosts and guests should have on hand:

First aid kit
First Aid app for your country
Epinephrine auto-injector (guests only, if prescribed)
How to take immediate action
Identify symptoms. Notice if the person develops a rash, itchiness, or swelling on their face, hands, or feet. Their breathing may also slow down—this is caused by the swelling of their airway. Vomiting and diarrhea can also occur.
Call local emergency services. If the person shows symptoms, call the designated emergency number. Allergy attacks require urgent medical assistance.
Use an epinephrine auto-injector. If the person has a known allergy, they may have been prescribed an auto-injector. You can help them to use it—follow the guidance on the packaging if necessary. The person should only use their own auto-injector, not auto-injectors from others or ones prescribed for different allergic reactions.
Help the person stay as comfortable as possible. Give them constant reassurance while waiting for emergency services.
Inform emergency services what action was taken. Relay the details of the situation and whether an auto-injector was used.
Seizure
Protect them from injury
Do not restrain them
After the seizure, move them onto their side
Tilt their head back and check for breathing
Diabetic emergencies
Give them a sweet, sugary drink or food
Reassure them—most people will gradually improve
Stroke
Identify if there’s weakness on one side
Check if they can raise both arms
Confirm they can easily talk in an understandable way
Choking
Check for breathing by tilting their head backward
Clear the airway if it’s blocked
Give 5 back blows between the shoulder blades to dislodge the object
Give 5 abdominal thrusts
Continue to monitor the person until help arrives
Poisoning
Establish what they have taken, when, and how much
DO NOT make them vomit or give them anything to drink
Heart attack
Help them sit down
Give them aspirin (not ibuprofen or acetaminophen)
Give constant reassurance
External bleeding
Put pressure on the wound
Keep pressure on the wound until help arrives
Fractures, dislocations, sprains, and strains
Support the injury to prevent movement
Make sure it’s supported until help arrives
Neck, head, and spinal injuries
Tell emergency services if the person is drowsy, confused, or vomiting, or if the injury occurred from a fall two times their height or greater
Ask them to rest and hold still
Apply a cold compress to the injury—20 minutes on, 10 minutes off
Emergencies that may not seem serious at first
Burns
Cool the burn under cool running water for at least 10 minutes
Cover the burn with plastic wrap or a clean plastic bag
If a child is burned or if the burn is serious, call the designated emergency number
Asthma
Help the person sit in a comfortable position and take their medication if they have it
Reassure them
If the attack becomes severe or does not improve with medication, call the designated emergency number
Heat-related
Move the person to a cool place
Rehydrate the person with sports water (carbohydrate electrolytes), coconut water, milk, or plain water only when the other options are not available
Loosen or remove as much clothing as possible
Apply cool wet cloths
Fan and mist the person
If the person is not responsive, call the designated emergency number
Cold-related (environmental)
Check for signs of hypothermia (reduced body temperature)
Warm the person with water no more than 100 degrees Fahrenheit/37 Celsius degrees
Cover the person or the area with a blanket or jacket without putting pressure
Provide warm liquids without alcohol or caffeine
If the person doesn’t respond, call the designated emergency number
Additional guidance
Emergency planning

We recommend that all guests and Hosts engaging in an experience prepare an emergency plan in case of a natural disaster or any other kind of emergency that could occur during an experience.

Airbnb-provided trip protections

All experiences include 24/7 community support. We also maintain $1,000,000 USD of liability insurance under our Experience Protection Insurance program, in order to provide Hosts and guests with peace of mind (certain exclusions apply). Additionally, in the event of a life-threatening injury, we’ve also partnered with an emergency medevac provider that may be activated to reach an injured party to support a medically necessary evacuation.

Partner disclaimers

Courtesy of the American Red Cross. ©2021 The American National Red Cross ALL RIGHTS RESERVED.

The American Red Cross and International Federation of the Red Cross Red Crescent name and emblem are used with its permission, which in no way constitutes an endorsement, express or implied, of any product, service, company, opinion or political position. The American Red Cross logo is a registered trademark owned by The American National Red Cross. For more information about the American Red Cross, please visit redcross.org.

In an emergency, contact local police or emergency services immediately.


Did this article help?
Yes
No
Related articles
How-to
Fire and carbon monoxide safety
Carbon monoxide alarms aren’t common in many parts of the world, so we suggest buying one to bring with you when you travel.
How-to
What kind of medical evacuation support is available on Airbnb Experiences and Adventures?
International SOS helps support medically necessary evacuations for hosts and guests and provides expert recommendations regarding health care globally.
How-to
How can I plan for an emergency when on an Airbnb Experience or Adventure?
You can use our safety plan templates as provided by the American Red Cross and International Federation of the Red Cross Red Crescent.
Get help with your reservations, account, and more.
Log in or sign up
Site Footer
Support
Help Center
AirCover
Anti-discrimination
Disability support
Cancellation options
Report neighborhood concern
Hosting
Airbnb your home
AirCover for Hosts
Hosting resources
Community forum
Hosting responsibly
Airbnb-friendly apartments
Join a free Hosting class
Find a co‑host
Airbnb
2025 Summer Release
Newsroom
New features
Careers
Investors
Gift cards
Airbnb.org emergency stays
Footer section
© 2025 Airbnb, Inc.·Terms·Sitemap·Privacy·Your Privacy Choices
English (US)
€
EUR | Safety resources in the USA: Skip to content
Help Center
– home page
Search
Suggestions will show after typing in the search input. Use the up and down arrows to review. Use enter to select. If the selection is a phrase, that phrase will be submitted to search. If the suggestion is a link, the browser will navigate to that page.
Home
All topics
Safety
Safety tips and guidelines
General safety tips
Safety resources in the USA
How-to
Safety resources in the USA

Remember: In an emergency situation, or if your personal safety is threatened, contact local police or emergency services immediately.

Whether you're hosting or traveling, here are some resources for support along the way:

In this article
Emergency contact information
Travel and documentation
Suicide and self-harm
Health and disease
Special planning considerations
Elevator safety
We're here to help
Emergency contact information
Emergency—Medical/Fire/Police: 911
National Domestic Violence Hotline: 1-800-799-SAFE (7233)
National Sexual Assault Hotline: 1-800-656-HOPE (4673)
National Substance Abuse and Mental Health [SAMHSA]: 1-800-662-HELP (4357)
National Human Trafficking Hotline: 1-888-373-7888
Drug Trafficking: US DEA
Travel and documentation
Smart Traveler Enrollment Program
Lost or Stolen Passports
Documentation, vaccinations, visas, etc.
Traveler's Checklist
Embassies and Consulates
Suicide and self-harm
National Suicide Prevention Lifeline: 1-800-273-TALK (8255)
Volunteer action to prevent suicide: Befrienders
National Eating Disorders Association
Support for young people: Your Life Your Voice
Health and disease
Your health abroad
Find a doctor or hospital abroad
Disease outbreak alerts
Vaccines, medicines, advice
Traveler Information Center
Special planning considerations
LGBT Travelers
Older Travelers
Traveling with Disabilities
Child Safety
Elevator safety
For Hosts considering installing residential elevators or who have already done so, it’s important to be aware of safety guidance from the Consumer Product Safety Commission (CPSC) on how to protect against gaps within residential elevators. Review the CPSC’s advisory and guidance.
We're here to help

If there’s an emergency in progress, please contact local emergency services or law enforcement authorities for assistance.

For other safety issues, we’re available 24 hours a day. Read more about how to contact us in our Help Center.

We take threats of suicide and self-harm very seriously and may reach out to authorities to request a wellness check if we are notified that there is an imminent safety risk.

Did this article help?
Yes
No
Related articles
How-to • Host
Refund your guest
How hosts refund guests depends on whether it’s during or after their check-in or start time.
How-to • Home host
If your guest cancels
If your guest cancels their reservation, we’ll notify you and automatically unblock the dates on your calendar so you can host other guests.
How-to • Host
When you'll get your payout
We typically send payouts about 24 hours after a guest checks in for home stays, and after the completion of a service or experience. However, when you'll get your payout can depend on several factors.
Get help with your reservations, account, and more.
Log in or sign up
Site Footer
Support
Help Center
AirCover
Anti-discrimination
Disability support
Cancellation options
Report neighborhood concern
Hosting
Airbnb your home
AirCover for Hosts
Hosting resources
Community forum
Hosting responsibly
Airbnb-friendly apartments
Join a free Hosting class
Find a co‑host
Airbnb
2025 Summer Release
Newsroom
New features
Careers
Investors
Gift cards
Airbnb.org emergency stays
Footer section
© 2025 Airbnb, Inc.·Terms·Sitemap·Privacy·Your Privacy Choices
English (US)
€
EUR | Health and safety requirements for Airbnb stays: Skip to content
Help Center
– home page
Search
Suggestions will show after typing in the search input. Use the up and down arrows to review. Use enter to select. If the selection is a phrase, that phrase will be submitted to search. If the suggestion is a link, the browser will navigate to that page.
Home
All topics
Safety
Safety tips and guidelines
General safety tips
Health and safety requirements for Airbnb stays
Rules
Health and safety requirements for Airbnb stays

During the COVID-19 pandemic, it’s important to keep health and safety in mind. We’ve created a set of mandatory COVID-19 safety practices for both for Hosts and guests of Airbnb listings, based on guidance from the World Health Organization and the US Centers for Disease Control. In addition, you should be familiar with general health and safety guidelines for COVID-19 safety, continue to monitor applicable government travel restrictions and advisories, and follow all national and local laws and guidelines.

Airbnb has introduced guidelines and programs to help address health and safety concerns, but these measures cannot eliminate all risk. Especially if you're in a higher risk category (ex: people above the age of 65 or people with pre-existing medical conditions such as diabetes or heart disease), we recommend obtaining professional guidance and taking extra precautions when you are making the decision to book a stay or an experience on Airbnb. Learn more about health and safety guidelines for Airbnb Experiences Hosts and guests.

COVID-19 safety practices (required)
Wear a mask and practice social distancing when required by local laws and guidelines

When required by local laws or guidelines, all Hosts and guests must:

Wear a mask or face covering when interacting in person
Maintain 6 feet/2 meters of distance from each other at all times
Follow Airbnb’s 5-step enhanced cleaning process between each stay

All Hosts and guests are required to follow the COVID-19 safety practices outlined above, as applicable, including Airbnb’s 5-step enhanced cleaning process between guest stays. Any Host or guest who repeatedly violates these guidelines may face other consequences, including account suspension or removal from the community.

Additional guidance for traveling and hosting during COVID-19
Don’t travel or host if you’ve recently been exposed to or have symptoms of COVID-19

To protect the health and safety of our community, Hosts (and all people who may be present at the listing before or during a stay) should not enter their listing(s) or interact with their guests, and guests should not check into a listing, if any of the following are true:

You are actively infected or have recently tested positive with COVID-19
You suspect you are sick or have been exposed and are awaiting test results to confirm or deny a diagnosis of COVID-19
You are showing symptoms or are concerned about a possible infection of COVID-19
You’ve recently had close, sustained contact with an individual confirmed or suspected to be infected with COVID-19

For more detail about how to travel responsibly during the COVID-19 pandemic, review our article on quarantine and isolation stays.

Wash your hands regularly

Be sure to wash your hands often, especially if you’re in contact with people outside your reservation and are touching surfaces and utensils in a shared space or a common area.

Wash your hands properly with soap and water for at least 20 seconds
If soap and water are not readily available, use a hand sanitizer that contains at least 60% alcohol; cover your hands and rub them together until they feel dry
Follow your local laws and guidelines on masks and social distancing in common areas and shared spaces

When you are in a common area or shared space (as a Host or guest), follow your local laws and guidelines for wearing a mask and social distancing from anyone who is not part of your reservation. Hosts should consider providing a no contact check-in whenever possible.

Remember, if you feel uncomfortable staying in a private room or shared space, consider booking an entire place instead. If you’re uncomfortable hosting a private room or shared space, you can list your entire place, or pause your hosting if that’s not possible.

Hosts should also follow local guidelines around hosting private rooms, shared spaces, and the total number of people allowed to gather in the listing.

Note: Airbnb maintains a global ban on all parties and events at Airbnb listings. Read our Party and Events Policy for more info.

Additional guidelines for Hosts of private rooms and shared spaces

Hosts of a private room or shared space listings should also:

Cap the guest count as needed to allow for social distancing in all common areas when required by local laws or guidelines
Ventilate common areas during the stay, when safe and secure to do so, as specified in the 5-step enhanced cleaning process
Clean and sanitize common areas (such as bathrooms and kitchens) as frequently as possible

Some governments may place restrictions on hosting private or shared rooms or may impose additional obligations or requirements on those spaces. Please make sure to review and follow any additional safety and cleaning guidance from the government and/or health authorities in your local jurisdiction.

What to do if you test positive for COVID-19 during or after your stay

If you recently tested positive for COVID-19 or have started to feel any COVID-19 symptoms, contact a medical professional and consider informing anyone who may have been impacted or potentially exposed, in addition to relevant local authorities.

Did this article help?
Yes
No
Related articles
Community policy
Quarantine and Isolation Stays
We’ve developed a set of guidelines to clarify Airbnb’s approach to responsible travel during the COVID-19 pandemic.
Community policy
How to help stop human trafficking
Airbnb has partnered with Polaris to strengthen our community’s understanding of human trafficking by helping you learn about red flags and how to respond if you encounter a potential human trafficking situation in your listing.
Community policy
Illegal and prohibited activities
Airbnb doesn’t allow illegal activities and other behaviors that could harm our community.
Get help with your reservations, account, and more.
Log in or sign up
Site Footer
Support
Help Center
AirCover
Anti-discrimination
Disability support
Cancellation options
Report neighborhood concern
Hosting
Airbnb your home
AirCover for Hosts
Hosting resources
Community forum
Hosting responsibly
Airbnb-friendly apartments
Join a free Hosting class
Find a co‑host
Airbnb
2025 Summer Release
Newsroom
New features
Careers
Investors
Gift cards
Airbnb.org emergency stays
Footer section
© 2025 Airbnb, Inc.·Terms·Sitemap·Privacy·Your Privacy Choices
English (US)
€
EUR",2025-07-08T11:30:22.637Z,
travel-admin,Safety,Reporting issues,https://www.airbnb.com/help/topic/1397,"Skip to content
Help Center
– home page
Search
Suggestions will show after typing in the search input. Use the up and down arrows to review. Use enter to select. If the selection is a phrase, that phrase will be submitted to search. If the suggestion is a link, the browser will navigate to that page.
Home
All topics
Safety
Reporting issues
Reporting issues
How-to
What to know if your neighbor is an Airbnb host
We encourage hosts to think carefully about their responsibilities. Hosting comes with a commitment to neighbors and to the community.
How-to
How do I report discrimination to Airbnb?
Airbnb’s nondiscrimination policy was created to protect our community, and we take reports of discrimination very seriously.
How-to
Report a listing
Select Report this listing from any listing on Airbnb.
How-to
Reporting illegal content
Airbnb provides a mechanism for users, Members and third parties to report any suspected illegal content on our platform. This reporting mechanism is available to EEA residents.
How-to • Home host
When a neighbor reports an issue
Guidance for hosts for when a neighbor reports an issue.
How-to
Report a food safety or cleanliness issue on a service or experience
Your safety is important to us. If you have an issue during your service or experience, please let us know.
How-to • სტუმარი
If you have a problem or issue during your reservation
If anything unexpected comes up during your stay, message your host to discuss a solution first. It’s likely that they’ll be able to help you fix the issue. If your host can’t help or you’d like to request a refund, we’re here to support you.
How-to
Neighborhood Support
Find out how you can report a party, noise complaint, or neighborhood concern.
Related topics
Safety concerns
Safety tips and guidelines
Government travel restrictions and advisories
Site Footer
Support
Help Center
AirCover
Anti-discrimination
Disability support
Cancellation options
Report neighborhood concern
Hosting
Airbnb your home
AirCover for Hosts
Hosting resources
Community forum
Hosting responsibly
Airbnb-friendly apartments
Join a free Hosting class
Find a co‑host
Airbnb
2025 Summer Release
Newsroom
New features
Careers
Investors
Gift cards
Airbnb.org emergency stays
Footer section
© 2025 Airbnb, Inc.·Terms·Sitemap·Privacy·Your Privacy Choices
English (US)
€
EUR",3,What to know if your neighbor is an Airbnb host | How do I report discrimination to Airbnb? | Report a listing,"What to know if your neighbor is an Airbnb host: Skip to content
Help Center
– home page
Search
Suggestions will show after typing in the search input. Use the up and down arrows to review. Use enter to select. If the selection is a phrase, that phrase will be submitted to search. If the suggestion is a link, the browser will navigate to that page.
Home
All topics
Safety
Reporting issues
What to know if your neighbor is an Airbnb host
How-to
What to know if your neighbor is an Airbnb host

We encourage everyone to be a good neighbor when traveling and hosting—that means being mindful of your surroundings and following safety guidelines. If your neighbor is a host, here’s what you can expect.

Responsibility

Hosting comes with a commitment of responsibility to the neighbors and the community.

Trust and safety

Our robust Community Standards are designed to help hosts and guests learn about each other and make good decisions during a stay.

Direct, dedicated support

The Neighborhood Support page is your one-stop shop for help. There, you can:

Report a disturbance
Arrange a call with our team
Find a link to local emergency services if you need them
Did this article help?
Yes
No
Related articles
How-to • Home host
When a neighbor reports an issue
Guidance for hosts for when a neighbor reports an issue.
Rules
Tyrol
If you're thinking about becoming an Airbnb Host, here's some information to help you understand the laws in your city
Rules • Home host
Breckenridge, CO
If you're thinking about becoming an Airbnb Host, here's some information to help you understand the laws in your city
Get help with your reservations, account, and more.
Log in or sign up
Site Footer
Support
Help Center
AirCover
Anti-discrimination
Disability support
Cancellation options
Report neighborhood concern
Hosting
Airbnb your home
AirCover for Hosts
Hosting resources
Community forum
Hosting responsibly
Airbnb-friendly apartments
Join a free Hosting class
Find a co‑host
Airbnb
2025 Summer Release
Newsroom
New features
Careers
Investors
Gift cards
Airbnb.org emergency stays
Footer section
© 2025 Airbnb, Inc.·Terms·Sitemap·Privacy·Your Privacy Choices
English (US)
€
EUR | How do I report discrimination to Airbnb?: Skip to content
Help Center
– home page
Search
Suggestions will show after typing in the search input. Use the up and down arrows to review. Use enter to select. If the selection is a phrase, that phrase will be submitted to search. If the suggestion is a link, the browser will navigate to that page.
Home
All topics
Safety
Reporting issues
How do I report discrimination to Airbnb?
How-to
How do I report discrimination to Airbnb?
Airbnb’s Nondiscrimination Policy was created to encourage respect and inclusion in our community, and we take reports of discrimination very seriously. To report content from Airbnb profiles or listings that you believe violates our Nondiscrimination Policy, click or tap the Report this listing icon  in the Airbnb app.
To report a message exchange with another user on our website or within the app, click or tap the more icon , then select Report this message.
To report an in-person or off-platform incident, or to send a detailed report, contact us. If you experience discrimination during a trip and feel unsafe or require urgent assistance, you can contact the 24-hour safety line for support. Please provide specific details and identify the person you believe has violated the Nondiscrimination Policy.

Note: In an emergency, or if your personal safety is threatened, contact local police or emergency services immediately.

What we do with reports
Our community support team investigates reports and may follow up for additional documentation and information. If needed, we’ll also offer personalized, hands-on booking support to find you a different place to stay.
If a user violates our Nondiscrimination Policy, we will enforce accordingly. This can include things like warnings, suspension, and account removal.

Did this article help?
Yes
No
Related articles
How-to
How does Airbnb use data to work against racial discrimination?
Find out more about the methodology we use in order to help create new features and policies to address racial discrimination.
Legal terms
Limitations of background checks
Because our background checks are limited, you shouldn’t rely on them as a guarantee that the user has no criminal background or other red flags.
How-to
Implications of background checks
Learn about how the background checks we perform can impact your account.
Get help with your reservations, account, and more.
Log in or sign up
Site Footer
Support
Help Center
AirCover
Anti-discrimination
Disability support
Cancellation options
Report neighborhood concern
Hosting
Airbnb your home
AirCover for Hosts
Hosting resources
Community forum
Hosting responsibly
Airbnb-friendly apartments
Join a free Hosting class
Find a co‑host
Airbnb
2025 Summer Release
Newsroom
New features
Careers
Investors
Gift cards
Airbnb.org emergency stays
Footer section
© 2025 Airbnb, Inc.·Terms·Sitemap·Privacy·Your Privacy Choices
English (US)
€
EUR | Report a listing: Skip to content
Help Center
– home page
Search
Suggestions will show after typing in the search input. Use the up and down arrows to review. Use enter to select. If the selection is a phrase, that phrase will be submitted to search. If the suggestion is a link, the browser will navigate to that page.
Home
All topics
Safety
Reporting issues
Report a listing
How-to
Report a listing

If you encounter a listing on Airbnb that raises concerns, we ask that you report it. Your report helps us keep the whole Airbnb community safe.


In this article
Reasons to report a listing
Report a listing on Airbnb
Report suspicious messages and profiles
Reasons to report a listing

Some reasons to report a listing include:

Inappropriate content or photos
Misleading content or photos
Not a real place to stay
Scam or phishing attempts

If you have an active reservation and you need to report an issue, find out what to do if there’s an issue or problem during your stay.

Report a listing on Airbnb
Desktop
iOS app
Android app
Mobile browser
Report a listing on desktop
Click the listing that you want to report
Under the pricing details section, click Report this listing
Select the reason you're reporting the listing and click Next
Give further details (if required), and then click Submit
Report suspicious messages and profiles

You can also report a suspicious host or guest Profile or Message.

Did this article help?
Yes
No
Related articles
How-to
Report suspicious messages
If you get a suspicious message, let us know by contacting us or flagging it in your Messages.
How-to • Viajero
If you have a problem or issue during your reservation
If anything unexpected comes up during your stay, message your host to discuss a solution first. It’s likely that they’ll be able to help you fix the issue. If your host can’t help or you’d like to request a refund, we’re here to support you.
How-to
Report a host or guest’s profile
Something not right about how a host or guest is portraying themselves on their Airbnb profile? Report their profile.
Get help with your reservations, account, and more.
Log in or sign up
Site Footer
Support
Help Center
AirCover
Anti-discrimination
Disability support
Cancellation options
Report neighborhood concern
Hosting
Airbnb your home
AirCover for Hosts
Hosting resources
Community forum
Hosting responsibly
Airbnb-friendly apartments
Join a free Hosting class
Find a co‑host
Airbnb
2025 Summer Release
Newsroom
New features
Careers
Investors
Gift cards
Airbnb.org emergency stays
Footer section
© 2025 Airbnb, Inc.·Terms·Sitemap·Privacy·Your Privacy Choices
English (US)
€
EUR",2025-07-08T11:30:41.389Z,
travel-admin,Safety,Government travel restrictions and advisories,https://www.airbnb.com/help/topic/1418,"Skip to content
Help Center
– home page
Search
Suggestions will show after typing in the search input. Use the up and down arrows to review. Use enter to select. If the selection is a phrase, that phrase will be submitted to search. If the suggestion is a link, the browser will navigate to that page.
Home
All topics
Safety
Government travel restrictions and advisories
Government travel restrictions and advisories
Check the links below to find government orders and decrees. Government responses continue to evolve, so please check back often for updates and rely on your local and national government for the most current information.
Community policy
Getting around during the Olympic & Paralympic Games Paris 2024
Paris Police will impose security perimeters around event venues during the Olympics and Paralympics. Please review the information below to better plan for your stay.
Community policy • Experience host
Hosting Experiences during the Olympic & Paralympic Games Paris 2024
Paris Police will impose security perimeters around event venues during the Olympics and Paralympics. Please review the information below to better plan for your experience.
Related topics
Safety concerns
Safety tips and guidelines
Reporting issues
Site Footer
Support
Help Center
AirCover
Anti-discrimination
Disability support
Cancellation options
Report neighborhood concern
Hosting
Airbnb your home
AirCover for Hosts
Hosting resources
Community forum
Hosting responsibly
Airbnb-friendly apartments
Join a free Hosting class
Find a co‑host
Airbnb
2025 Summer Release
Newsroom
New features
Careers
Investors
Gift cards
Airbnb.org emergency stays
Footer section
© 2025 Airbnb, Inc.·Terms·Sitemap·Privacy·Your Privacy Choices
English (US)
€
EUR",3,Getting around during the Olympic & Paralympic Games Paris 2024 | Hosting Experiences during the Olympic & Paralympic Games Paris 2024 | Cancellation options,"Getting around during the Olympic & Paralympic Games Paris 2024: Skip to content
Help Center
– home page
Search
Suggestions will show after typing in the search input. Use the up and down arrows to review. Use enter to select. If the selection is a phrase, that phrase will be submitted to search. If the suggestion is a link, the browser will navigate to that page.
Home
All topics
Safety
Government travel restrictions and advisories
Getting around during the Olympic & Paralympic Games Paris 2024
Community policy
Getting around during the Olympic & Paralympic Games Paris 2024

The Paris region will welcome millions of visitors during the Olympic Games Paris 2024 (from July 26 to August 11) and the Paralympic Games Paris 2024 (from August 28 to September 8). Competitions will be hosted at iconic sites in the heart of the city and beyond.

As a consequence, Paris Police will impose security perimeters around event venues. These will make getting around Paris tougher than usual. Please review the information below to better plan for your stay.

Note: Please make sure to check official sources listed below to confirm that the information provided hasn’t recently changed.

In this article
Security perimeters
Impact on transportation
How to download your proof of stay
Good Guest Guide
Useful links
Security perimeters

Several security perimeters will be created to regulate traffic around venues. Be aware that these perimeters may change every day.
Check out the official government transportation website to understand if your listing address or Experience will be impacted by a security perimeter at any particular time.

Impact on transportation

Transportation during the Olympic & Paralympic Games will be challenging, so please refer to the official government transportation website and the ""List of people authorized to circulate around competition sites"" to plan your itineraries.

I plan to walk, bike around: Pedestrians and cyclists are allowed to circulate without any restrictions in security perimeters except during the Opening Ceremony. Please refer to our section below to understand how Opening Ceremony security measures will impact access to your listing.
I plan to move around by public transport: The Transport Ministry has developed an interactive map to help you plan your itineraries in public transport during the Games.
I plan to move around by car: You will be impacted by restrictions if you are driving in zones designated as a “red” or “blue” zone. Red zones are most restrictive, with only authorized vehicles being able to access these zones. You can request an exemption to access red zones for your vehicle on the Police Prefecture website.
I plan to take a taxi / Uber to my listing: The same restrictions that apply to cars also apply to Ubers and taxis. If you are traveling in a red zone by taxi or Uber, you can request access to red zones in advance on the Police Prefecture website.
How to download your proof of stay

You will need to provide proof of stay for your Airbnb listing when you register with the Paris police in order to access a red zone by car. Please follow these steps to obtain your official proof of stay:

Navigate to the Trips section of your Airbnb account
Click or tap on your upcoming reservation in Paris
Scroll down and select Get a PDF for visa purposes or Get a proof of stay for Paris Olympics (you may see one or the other based on your listing location)
Add the legal full names of all travelers
Click or tap Download PDF

The names you provide must match a government ID. This information will be checked in person by the Paris police, matched to a government ID, and may be shared with the French government.

Good Guest Guide

To help guests get the most out of their stay, we’ve produced a helpful illustrated Good Guest Guide that includes essential information to travel responsibly and safely around the Games. Download the guide, available in French, German, and English.

Useful links
Digital registration platform for the red zones exemption (vehicles)
Transport map of zones and public transport

Are you hosting an Experience? Find out more about how security restrictions may impact your Experience.

Did this article help?
Yes
No
Get help with your reservations, account, and more.
Log in or sign up
Site Footer
Support
Help Center
AirCover
Anti-discrimination
Disability support
Cancellation options
Report neighborhood concern
Hosting
Airbnb your home
AirCover for Hosts
Hosting resources
Community forum
Hosting responsibly
Airbnb-friendly apartments
Join a free Hosting class
Find a co‑host
Airbnb
2025 Summer Release
Newsroom
New features
Careers
Investors
Gift cards
Airbnb.org emergency stays
Footer section
© 2025 Airbnb, Inc.·Terms·Sitemap·Privacy·Your Privacy Choices
English (US)
€
EUR | Hosting Experiences during the Olympic & Paralympic Games Paris 2024: Skip to content
Help Center
– home page
Search
Suggestions will show after typing in the search input. Use the up and down arrows to review. Use enter to select. If the selection is a phrase, that phrase will be submitted to search. If the suggestion is a link, the browser will navigate to that page.
Home
All topics
Safety
Government travel restrictions and advisories
Hosting Experiences during the Olympic & Paralympic Games Paris 2024
Community policy • Experience host
Hosting Experiences during the Olympic & Paralympic Games Paris 2024

The Paris region will welcome millions of visitors during the Olympic Games Paris 2024 (from July 26 to August 11) and the Paralympic Games Paris 2024 (from August 28 to September 8). Competitions will be hosted at iconic sites in the heart of the city and beyond.

As a consequence, Paris Police will impose security perimeters around event venues. These will make getting around Paris tougher than usual. Please review the information below to better plan your Experience.

Note: Please make sure to check official sources listed below to confirm that the information provided hasn’t recently changed.

Security perimeters

Several security perimeters will be created to regulate traffic around venues. Be aware that these perimeters may change every day.
Check out the official government transportation website to understand if your Experience will be impacted by a security perimeter at any particular time. Experiences that include moving around by motorized vehicle may be specially impacted.

Are you a Stay Host or Guest? Find out more about how security restrictions may impact your stay.

Did this article help?
Yes
No
Get help with your reservations, account, and more.
Log in or sign up
Site Footer
Support
Help Center
AirCover
Anti-discrimination
Disability support
Cancellation options
Report neighborhood concern
Hosting
Airbnb your home
AirCover for Hosts
Hosting resources
Community forum
Hosting responsibly
Airbnb-friendly apartments
Join a free Hosting class
Find a co‑host
Airbnb
2025 Summer Release
Newsroom
New features
Careers
Investors
Gift cards
Airbnb.org emergency stays
Footer section
© 2025 Airbnb, Inc.·Terms·Sitemap·Privacy·Your Privacy Choices
English (US)
€
EUR | Cancellation options: Skip to content
Help Center
– home page
Search
Suggestions will show after typing in the search input. Use the up and down arrows to review. Use enter to select. If the selection is a phrase, that phrase will be submitted to search. If the suggestion is a link, the browser will navigate to that page.
Home
All topics
Your reservations
Cancellations
Major Disruptive Events Policy
Community policy
Major Disruptive Events Policy
In this article
Overview
What events are covered
What happens if a reservation is impacted by a covered Event
What is not covered
How this policy affects hosts
Other things to be aware of
Overview

In general, cancellations and refunds for Airbnb reservations are governed by the listing’s cancellation policy. In the rare circumstances that large-scale events prevent or legally prohibit completion of a reservation, the Major Disruptive Events Policy (the “Policy”) may apply. When this Policy applies, guests can cancel their reservation and receive a refund, travel credit, and/or other consideration regardless of the reservation’s cancellation policy, and hosts can cancel without fees or other adverse consequences, although their listing’s calendar will be blocked for the dates of the canceled reservation.

This Policy applies to reservations for homes, services, and experiences and is applicable to reservations that are ongoing or that have a check-in on or after the effective date, except as otherwise notified by Airbnb to users. The Major Disruptive Events Policy is not an insurance policy.

What events are covered

The following events are covered under this Policy if they impact your reservation location, occur after the time of booking, and prevent or legally prohibit completion of a future or ongoing reservation (referred to in this Policy as “Events”):

Declared public health emergencies and epidemics. Government-declared epidemics, pandemics, and public health emergencies. This does not include diseases that are endemic (for example, the flu) or commonly associated with an area (for example, malaria in Thailand). COVID-19 is not covered under this Major Disruptive Events Policy.

Government travel restrictions. Mandatory travel restrictions imposed by a governmental agency, such as an evacuation order or shelter-in-place order. This does not include non-binding travel advisories and similar government guidance.

Military actions and other hostilities. Acts of war, hostilities, invasions, civil war, terrorism, explosions, bombings, rebellions, riots, and insurrection.

Large-scale outages of essential utilities. Prolonged outages of essential utilities, such as heat, water, and electricity, impacting the vast majority of homes in a given location.

Unforeseeable natural disasters and severe weather events. Unforeseeable natural disasters, like earthquakes and tsunamis, and unforeseeable severe weather events, like tornadoes. This does not include events that are foreseeable for a given location, as described further below.

What happens if a reservation is impacted by a covered Event

When a large-scale event occurs, we assess the situation to determine whether the Major Disruptive Events Policy applies. If it does, we activate the Policy for the impacted area and timeframe where we anticipate that the Event will prevent or legally prohibit completion of reservations. Reservations outside of the defined area and timeframe may not be eligible, though hosts may still be able to cancel without adverse consequences if they are unable to host. We continuously monitor these situations and adjust coverage as needed to reflect changing conditions. If you believe this Policy applies to your reservation, please contact us to inquire about eligibility.

What is not covered

We understand that other circumstances outside of your control may disrupt your plans. In any situations not listed above, your reservation remains subject to the host’s cancellation policy for the listing.

Examples of common events not covered by this policy include:

Events that impact a guest or their ability to travel, but not the reservation location
Unexpected injury or illness
Government obligations like jury duty or court appearances
Non-binding travel advisories or other government guidance that fall short of a travel ban or prohibition
Cancellation or rescheduling of an event for which the reservation was made
Transportation disruptions such as airline insolvency, flight cancellations, transportation strikes, and road closures due to maintenance
Weather or natural conditions that are common enough to be foreseeable in a given location, such as hurricanes in Florida during hurricane season or winter weather in the northern hemisphere during winter months—unless the event triggers a covered Event that prevents completion of the reservation, such as government-issued mandatory travel restrictions

For reservations not covered by this Policy, we encourage guests and hosts to find a mutually acceptable arrangement, such as a full or partial refund or an alteration of the booking dates. Note that any refunds outside of the reservation’s cancellation policy are at the host’s discretion. Airbnb does not take part in or guarantee such refunds.

How this policy affects hosts

If a reservation is covered by the Major Disruptive Events Policy, hosts can cancel without fees or other adverse consequences. If a host cancels under this policy, their listing’s calendar will be blocked for the dates of the canceled reservation. If a reservation is canceled under this Policy, the host does not receive a payout for the canceled dates of the reservation, or, if the payout has already been made, the refunded amount will be withheld from the next payout(s).

Regardless of whether a reservation is covered by this Policy, hosts can cancel for certain valid reasons, such as major damage to a listing, without fees or other adverse consequences. Hosts are obligated to cancel a reservation if their listing is uninhabitable or is inconsistent with what the guest booked. Failure to do so may result in listing suspension, cancellation of existing reservations, and refunds to guests until the listing is habitable and consistent with the listing description. This also violates our Ground rules for hosts, and can lead to consequences up to and including account removal.

Other things to be aware of

This Policy does not limit your rights under local regulations, and any decisions made by Airbnb under this Policy do not affect your statutory rights.

Did this article help?
Yes
No
Related articles
How-to • Guest
Canceling a trip due to a Major Disruptive Event
If you need to cancel because a large-scale event at your destination prevents completion of your reservation, we can help.
Community policy • Home host
Host Cancellation Policy for homes
Because cancellations can disrupt guests' plans and impact confidence in the Airbnb community, there are penalties applied for Host cancellations.
How-to • Guest
Find the cancellation policy for any home, service, or experience
Here’s where to find the cancellation policy for any home, service, or experience.
Get help with your reservations, account, and more.
Log in or sign up
Site Footer
Support
Help Center
AirCover
Anti-discrimination
Disability support
Cancellation options
Report neighborhood concern
Hosting
Airbnb your home
AirCover for Hosts
Hosting resources
Community forum
Hosting responsibly
Airbnb-friendly apartments
Join a free Hosting class
Find a co‑host
Airbnb
2025 Summer Release
Newsroom
New features
Careers
Investors
Gift cards
Airbnb.org emergency stays
Footer section
© 2025 Airbnb, Inc.·Terms·Sitemap·Privacy·Your Privacy Choices
English (US)
€
EUR",2025-07-08T11:31:00.585Z,
travel-admin,Unknown Category,English (US),https://www.airbnb.com/help/all-topics?locale=en&_set_bev_on_new_domain=1751960147_EAZWI5NzYyNzVjZj,"Suggested language and region
Français
France
Choose a language and region
English
United States
Azərbaycan dili
Azərbaycan
Bahasa Indonesia
Indonesia
Bosanski
Bosna i Hercegovina
Català
Espanya
Čeština
Česká republika
Crnogorski
Crna Gora
Dansk
Danmark
Deutsch
Deutschland
Deutsch
Österreich
Deutsch
Schweiz
Deutsch
Luxemburg
Eesti
Eesti
English
Australia
English
Canada
English
Guyana
English
India
English
Ireland
English
New Zealand
English
Singapore
English
United Arab Emirates
English
United Kingdom
Español
Argentina
Español
Belice
Español
Bolivia
Español
Chile
Español
Colombia
Español
Costa Rica
Español
Ecuador
Español
El Salvador
Español
España
Español
Estados Unidos
Español
Guatemala
Español
Honduras
Español
Latinoamérica
Español
México
Español
Nicaragua
Español
Panamá
Español
Paraguay
Español
Perú
Español
Venezuela
Français
Belgique
Français
Canada
Français
Suisse
Français
Luxembourg
Gaeilge
Éire
Hrvatski
Hrvatska
isiXhosa
eMzantsi Afrika
isiZulu
iNingizimu Afrika
Íslenska
Ísland
Italiano
Italia
Italiano
Svizzera
Kiswahili
Āfrika
Latviešu
Latvija
Lietuvių
Lietuva
Magyar
Magyarország
Malti
Malta
Melayu
Malaysia
Vlaams
België
Nederlands
Nederland
Norsk
Norge
Polski
Polska
Português
Brasil
Português
Portugal
Română
România
Shqip
Shqipëri
Slovenčina
Slovensko
Slovenščina
Slovenija
Srpski
Srbija
Suomi
Suomi
Svenska
Sverige
Tagalog
Pilipinas
Tiếng Việt
Việt Nam
Türkçe
Türkiye
Ελληνικά
Ελλάδα
Български
България
Македонски
Северна Македонија
Русский
Россия
Українська
Україна
ქართული
საქართველო
Հայերեն
Հայաստան
עברית
ישראל
العربية
العالم
हिन्दी
भारत
ಕನ್ನಡ
ಭಾರತ
मराठी
भारत
ไทย
ประเทศไทย
한국어
대한민국
日本語
日本
简体中文
美国
繁體中文
美國
简体中文
中国
繁體中文
香港
繁體中文
台灣",1,Cancellation options,"Cancellation options: Skip to content
Help Center
– home page
Search
Suggestions will show after typing in the search input. Use the up and down arrows to review. Use enter to select. If the selection is a phrase, that phrase will be submitted to search. If the suggestion is a link, the browser will navigate to that page.
Home
All topics
Your reservations
Cancellations
Major Disruptive Events Policy
Community policy
Major Disruptive Events Policy
In this article
Overview
What events are covered
What happens if a reservation is impacted by a covered Event
What is not covered
How this policy affects hosts
Other things to be aware of
Overview

In general, cancellations and refunds for Airbnb reservations are governed by the listing’s cancellation policy. In the rare circumstances that large-scale events prevent or legally prohibit completion of a reservation, the Major Disruptive Events Policy (the “Policy”) may apply. When this Policy applies, guests can cancel their reservation and receive a refund, travel credit, and/or other consideration regardless of the reservation’s cancellation policy, and hosts can cancel without fees or other adverse consequences, although their listing’s calendar will be blocked for the dates of the canceled reservation.

This Policy applies to reservations for homes, services, and experiences and is applicable to reservations that are ongoing or that have a check-in on or after the effective date, except as otherwise notified by Airbnb to users. The Major Disruptive Events Policy is not an insurance policy.

What events are covered

The following events are covered under this Policy if they impact your reservation location, occur after the time of booking, and prevent or legally prohibit completion of a future or ongoing reservation (referred to in this Policy as “Events”):

Declared public health emergencies and epidemics. Government-declared epidemics, pandemics, and public health emergencies. This does not include diseases that are endemic (for example, the flu) or commonly associated with an area (for example, malaria in Thailand). COVID-19 is not covered under this Major Disruptive Events Policy.

Government travel restrictions. Mandatory travel restrictions imposed by a governmental agency, such as an evacuation order or shelter-in-place order. This does not include non-binding travel advisories and similar government guidance.

Military actions and other hostilities. Acts of war, hostilities, invasions, civil war, terrorism, explosions, bombings, rebellions, riots, and insurrection.

Large-scale outages of essential utilities. Prolonged outages of essential utilities, such as heat, water, and electricity, impacting the vast majority of homes in a given location.

Unforeseeable natural disasters and severe weather events. Unforeseeable natural disasters, like earthquakes and tsunamis, and unforeseeable severe weather events, like tornadoes. This does not include events that are foreseeable for a given location, as described further below.

What happens if a reservation is impacted by a covered Event

When a large-scale event occurs, we assess the situation to determine whether the Major Disruptive Events Policy applies. If it does, we activate the Policy for the impacted area and timeframe where we anticipate that the Event will prevent or legally prohibit completion of reservations. Reservations outside of the defined area and timeframe may not be eligible, though hosts may still be able to cancel without adverse consequences if they are unable to host. We continuously monitor these situations and adjust coverage as needed to reflect changing conditions. If you believe this Policy applies to your reservation, please contact us to inquire about eligibility.

What is not covered

We understand that other circumstances outside of your control may disrupt your plans. In any situations not listed above, your reservation remains subject to the host’s cancellation policy for the listing.

Examples of common events not covered by this policy include:

Events that impact a guest or their ability to travel, but not the reservation location
Unexpected injury or illness
Government obligations like jury duty or court appearances
Non-binding travel advisories or other government guidance that fall short of a travel ban or prohibition
Cancellation or rescheduling of an event for which the reservation was made
Transportation disruptions such as airline insolvency, flight cancellations, transportation strikes, and road closures due to maintenance
Weather or natural conditions that are common enough to be foreseeable in a given location, such as hurricanes in Florida during hurricane season or winter weather in the northern hemisphere during winter months—unless the event triggers a covered Event that prevents completion of the reservation, such as government-issued mandatory travel restrictions

For reservations not covered by this Policy, we encourage guests and hosts to find a mutually acceptable arrangement, such as a full or partial refund or an alteration of the booking dates. Note that any refunds outside of the reservation’s cancellation policy are at the host’s discretion. Airbnb does not take part in or guarantee such refunds.

How this policy affects hosts

If a reservation is covered by the Major Disruptive Events Policy, hosts can cancel without fees or other adverse consequences. If a host cancels under this policy, their listing’s calendar will be blocked for the dates of the canceled reservation. If a reservation is canceled under this Policy, the host does not receive a payout for the canceled dates of the reservation, or, if the payout has already been made, the refunded amount will be withheld from the next payout(s).

Regardless of whether a reservation is covered by this Policy, hosts can cancel for certain valid reasons, such as major damage to a listing, without fees or other adverse consequences. Hosts are obligated to cancel a reservation if their listing is uninhabitable or is inconsistent with what the guest booked. Failure to do so may result in listing suspension, cancellation of existing reservations, and refunds to guests until the listing is habitable and consistent with the listing description. This also violates our Ground rules for hosts, and can lead to consequences up to and including account removal.

Other things to be aware of

This Policy does not limit your rights under local regulations, and any decisions made by Airbnb under this Policy do not affect your statutory rights.

Did this article help?
Yes
No
Related articles
How-to • Гость
Canceling a trip due to a Major Disruptive Event
If you need to cancel because a large-scale event at your destination prevents completion of your reservation, we can help.
Community policy • Home host
Host Cancellation Policy for homes
Because cancellations can disrupt guests' plans and impact confidence in the Airbnb community, there are penalties applied for Host cancellations.
How-to • Guest
Find the cancellation policy for any home, service, or experience
Here’s where to find the cancellation policy for any home, service, or experience.
Get help with your reservations, account, and more.
Log in or sign up
Site Footer
Support
Help Center
AirCover
Anti-discrimination
Disability support
Cancellation options
Report neighborhood concern
Hosting
Airbnb your home
AirCover for Hosts
Hosting resources
Community forum
Hosting responsibly
Airbnb-friendly apartments
Join a free Hosting class
Find a co‑host
Airbnb
2025 Summer Release
Newsroom
New features
Careers
Investors
Gift cards
Airbnb.org emergency stays
Footer section
© 2025 Airbnb, Inc.·Terms·Sitemap·Privacy·Your Privacy Choices
English (US)
€
EUR",2025-07-08T11:31:13.692Z,
travel-admin,Unknown Category,€EUR,https://www.airbnb.com/help/all-topics?locale=en&_set_bev_on_new_domain=1751960147_EAZWI5NzYyNzVjZj,"Choose a currency
Euro
EUR – €
Australian dollar
AUD – $
Brazilian real
BRL – R$
Bulgarian lev
BGN – лв.
Canadian dollar
CAD – $
Chilean peso
CLP – $
Chinese yuan
CNY – ￥
Colombian peso
COP – $
Costa Rican colon
CRC – ₡
Czech koruna
CZK – Kč
Danish krone
DKK – kr
Egyptian pound
EGP – ج.م
Emirati dirham
AED – ﺩ.ﺇ
Ghanaian cedi
GHS – GH₵
Hong Kong dollar
HKD – $
Hungarian forint
HUF – Ft
Indian rupee
INR – ₹
Indonesian rupiah
IDR – Rp
Israeli new shekel
ILS – ₪
Japanese yen
JPY – ¥
Kazakhstani tenge
KZT – ₸
Kenyan shilling
KES – KSh
Malaysian ringgit
MYR – RM
Mexican peso
MXN – $
Moroccan dirham
MAD
New Taiwan dollar
TWD – $
New Zealand dollar
NZD – $
Norwegian krone
NOK – kr
Peruvian sol
PEN – S/
Philippine peso
PHP – ₱
Polish zloty
PLN – zł
Pound sterling
GBP – £
Qatari riyal
QAR – ر.ق
Romanian leu
RON – lei
Saudi Arabian riyal
SAR – SR
Singapore dollar
SGD – $
South African rand
ZAR – R
South Korean won
KRW – ₩
Swedish krona
SEK – kr
Swiss franc
CHF
Thai baht
THB – ฿
Turkish lira
TRY – ₺
Ugandan shilling
UGX – USh
Ukrainian hryvnia
UAH – ₴
United States dollar
USD – $
Uruguayan peso
UYU – $U
Vietnamese dong
VND – ₫",1,Cancellation options,"Cancellation options: Skip to content
Help Center
– home page
Search
Suggestions will show after typing in the search input. Use the up and down arrows to review. Use enter to select. If the selection is a phrase, that phrase will be submitted to search. If the suggestion is a link, the browser will navigate to that page.
Home
All topics
Your reservations
Cancellations
Major Disruptive Events Policy
Community policy
Major Disruptive Events Policy
In this article
Overview
What events are covered
What happens if a reservation is impacted by a covered Event
What is not covered
How this policy affects hosts
Other things to be aware of
Overview

In general, cancellations and refunds for Airbnb reservations are governed by the listing’s cancellation policy. In the rare circumstances that large-scale events prevent or legally prohibit completion of a reservation, the Major Disruptive Events Policy (the “Policy”) may apply. When this Policy applies, guests can cancel their reservation and receive a refund, travel credit, and/or other consideration regardless of the reservation’s cancellation policy, and hosts can cancel without fees or other adverse consequences, although their listing’s calendar will be blocked for the dates of the canceled reservation.

This Policy applies to reservations for homes, services, and experiences and is applicable to reservations that are ongoing or that have a check-in on or after the effective date, except as otherwise notified by Airbnb to users. The Major Disruptive Events Policy is not an insurance policy.

What events are covered

The following events are covered under this Policy if they impact your reservation location, occur after the time of booking, and prevent or legally prohibit completion of a future or ongoing reservation (referred to in this Policy as “Events”):

Declared public health emergencies and epidemics. Government-declared epidemics, pandemics, and public health emergencies. This does not include diseases that are endemic (for example, the flu) or commonly associated with an area (for example, malaria in Thailand). COVID-19 is not covered under this Major Disruptive Events Policy.

Government travel restrictions. Mandatory travel restrictions imposed by a governmental agency, such as an evacuation order or shelter-in-place order. This does not include non-binding travel advisories and similar government guidance.

Military actions and other hostilities. Acts of war, hostilities, invasions, civil war, terrorism, explosions, bombings, rebellions, riots, and insurrection.

Large-scale outages of essential utilities. Prolonged outages of essential utilities, such as heat, water, and electricity, impacting the vast majority of homes in a given location.

Unforeseeable natural disasters and severe weather events. Unforeseeable natural disasters, like earthquakes and tsunamis, and unforeseeable severe weather events, like tornadoes. This does not include events that are foreseeable for a given location, as described further below.

What happens if a reservation is impacted by a covered Event

When a large-scale event occurs, we assess the situation to determine whether the Major Disruptive Events Policy applies. If it does, we activate the Policy for the impacted area and timeframe where we anticipate that the Event will prevent or legally prohibit completion of reservations. Reservations outside of the defined area and timeframe may not be eligible, though hosts may still be able to cancel without adverse consequences if they are unable to host. We continuously monitor these situations and adjust coverage as needed to reflect changing conditions. If you believe this Policy applies to your reservation, please contact us to inquire about eligibility.

What is not covered

We understand that other circumstances outside of your control may disrupt your plans. In any situations not listed above, your reservation remains subject to the host’s cancellation policy for the listing.

Examples of common events not covered by this policy include:

Events that impact a guest or their ability to travel, but not the reservation location
Unexpected injury or illness
Government obligations like jury duty or court appearances
Non-binding travel advisories or other government guidance that fall short of a travel ban or prohibition
Cancellation or rescheduling of an event for which the reservation was made
Transportation disruptions such as airline insolvency, flight cancellations, transportation strikes, and road closures due to maintenance
Weather or natural conditions that are common enough to be foreseeable in a given location, such as hurricanes in Florida during hurricane season or winter weather in the northern hemisphere during winter months—unless the event triggers a covered Event that prevents completion of the reservation, such as government-issued mandatory travel restrictions

For reservations not covered by this Policy, we encourage guests and hosts to find a mutually acceptable arrangement, such as a full or partial refund or an alteration of the booking dates. Note that any refunds outside of the reservation’s cancellation policy are at the host’s discretion. Airbnb does not take part in or guarantee such refunds.

How this policy affects hosts

If a reservation is covered by the Major Disruptive Events Policy, hosts can cancel without fees or other adverse consequences. If a host cancels under this policy, their listing’s calendar will be blocked for the dates of the canceled reservation. If a reservation is canceled under this Policy, the host does not receive a payout for the canceled dates of the reservation, or, if the payout has already been made, the refunded amount will be withheld from the next payout(s).

Regardless of whether a reservation is covered by this Policy, hosts can cancel for certain valid reasons, such as major damage to a listing, without fees or other adverse consequences. Hosts are obligated to cancel a reservation if their listing is uninhabitable or is inconsistent with what the guest booked. Failure to do so may result in listing suspension, cancellation of existing reservations, and refunds to guests until the listing is habitable and consistent with the listing description. This also violates our Ground rules for hosts, and can lead to consequences up to and including account removal.

Other things to be aware of

This Policy does not limit your rights under local regulations, and any decisions made by Airbnb under this Policy do not affect your statutory rights.

Did this article help?
Yes
No
Related articles
How-to • Guest
Canceling a trip due to a Major Disruptive Event
If you need to cancel because a large-scale event at your destination prevents completion of your reservation, we can help.
Community policy • Home host
Host Cancellation Policy for homes
Because cancellations can disrupt guests' plans and impact confidence in the Airbnb community, there are penalties applied for Host cancellations.
How-to • Guest
Find the cancellation policy for any home, service, or experience
Here’s where to find the cancellation policy for any home, service, or experience.
Get help with your reservations, account, and more.
Log in or sign up
Site Footer
Support
Help Center
AirCover
Anti-discrimination
Disability support
Cancellation options
Report neighborhood concern
Hosting
Airbnb your home
AirCover for Hosts
Hosting resources
Community forum
Hosting responsibly
Airbnb-friendly apartments
Join a free Hosting class
Find a co‑host
Airbnb
2025 Summer Release
Newsroom
New features
Careers
Investors
Gift cards
Airbnb.org emergency stays
Footer section
© 2025 Airbnb, Inc.·Terms·Sitemap·Privacy·Your Privacy Choices
English (US)
€
EUR",2025-07-08T11:31:26.793Z,
travel-admin,Unknown Category,English (US),https://www.airbnb.com/help/all-topics?locale=en&_set_bev_on_new_domain=1751960147_EAZWI5NzYyNzVjZj,"Suggested language and region
Français
France
Choose a language and region
English
United States
Azərbaycan dili
Azərbaycan
Bahasa Indonesia
Indonesia
Bosanski
Bosna i Hercegovina
Català
Espanya
Čeština
Česká republika
Crnogorski
Crna Gora
Dansk
Danmark
Deutsch
Deutschland
Deutsch
Österreich
Deutsch
Schweiz
Deutsch
Luxemburg
Eesti
Eesti
English
Australia
English
Canada
English
Guyana
English
India
English
Ireland
English
New Zealand
English
Singapore
English
United Arab Emirates
English
United Kingdom
Español
Argentina
Español
Belice
Español
Bolivia
Español
Chile
Español
Colombia
Español
Costa Rica
Español
Ecuador
Español
El Salvador
Español
España
Español
Estados Unidos
Español
Guatemala
Español
Honduras
Español
Latinoamérica
Español
México
Español
Nicaragua
Español
Panamá
Español
Paraguay
Español
Perú
Español
Venezuela
Français
Belgique
Français
Canada
Français
Suisse
Français
Luxembourg
Gaeilge
Éire
Hrvatski
Hrvatska
isiXhosa
eMzantsi Afrika
isiZulu
iNingizimu Afrika
Íslenska
Ísland
Italiano
Italia
Italiano
Svizzera
Kiswahili
Āfrika
Latviešu
Latvija
Lietuvių
Lietuva
Magyar
Magyarország
Malti
Malta
Melayu
Malaysia
Vlaams
België
Nederlands
Nederland
Norsk
Norge
Polski
Polska
Português
Brasil
Português
Portugal
Română
România
Shqip
Shqipëri
Slovenčina
Slovensko
Slovenščina
Slovenija
Srpski
Srbija
Suomi
Suomi
Svenska
Sverige
Tagalog
Pilipinas
Tiếng Việt
Việt Nam
Türkçe
Türkiye
Ελληνικά
Ελλάδα
Български
България
Македонски
Северна Македонија
Русский
Россия
Українська
Україна
ქართული
საქართველო
Հայերեն
Հայաստան
עברית
ישראל
العربية
العالم
हिन्दी
भारत
ಕನ್ನಡ
ಭಾರತ
मराठी
भारत
ไทย
ประเทศไทย
한국어
대한민국
日本語
日本
简体中文
美国
繁體中文
美國
简体中文
中国
繁體中文
香港
繁體中文
台灣",1,Cancellation options,"Cancellation options: Skip to content
Help Center
– home page
Search
Suggestions will show after typing in the search input. Use the up and down arrows to review. Use enter to select. If the selection is a phrase, that phrase will be submitted to search. If the suggestion is a link, the browser will navigate to that page.
Home
All topics
Your reservations
Cancellations
Major Disruptive Events Policy
Community policy
Major Disruptive Events Policy
In this article
Overview
What events are covered
What happens if a reservation is impacted by a covered Event
What is not covered
How this policy affects hosts
Other things to be aware of
Overview

In general, cancellations and refunds for Airbnb reservations are governed by the listing’s cancellation policy. In the rare circumstances that large-scale events prevent or legally prohibit completion of a reservation, the Major Disruptive Events Policy (the “Policy”) may apply. When this Policy applies, guests can cancel their reservation and receive a refund, travel credit, and/or other consideration regardless of the reservation’s cancellation policy, and hosts can cancel without fees or other adverse consequences, although their listing’s calendar will be blocked for the dates of the canceled reservation.

This Policy applies to reservations for homes, services, and experiences and is applicable to reservations that are ongoing or that have a check-in on or after the effective date, except as otherwise notified by Airbnb to users. The Major Disruptive Events Policy is not an insurance policy.

What events are covered

The following events are covered under this Policy if they impact your reservation location, occur after the time of booking, and prevent or legally prohibit completion of a future or ongoing reservation (referred to in this Policy as “Events”):

Declared public health emergencies and epidemics. Government-declared epidemics, pandemics, and public health emergencies. This does not include diseases that are endemic (for example, the flu) or commonly associated with an area (for example, malaria in Thailand). COVID-19 is not covered under this Major Disruptive Events Policy.

Government travel restrictions. Mandatory travel restrictions imposed by a governmental agency, such as an evacuation order or shelter-in-place order. This does not include non-binding travel advisories and similar government guidance.

Military actions and other hostilities. Acts of war, hostilities, invasions, civil war, terrorism, explosions, bombings, rebellions, riots, and insurrection.

Large-scale outages of essential utilities. Prolonged outages of essential utilities, such as heat, water, and electricity, impacting the vast majority of homes in a given location.

Unforeseeable natural disasters and severe weather events. Unforeseeable natural disasters, like earthquakes and tsunamis, and unforeseeable severe weather events, like tornadoes. This does not include events that are foreseeable for a given location, as described further below.

What happens if a reservation is impacted by a covered Event

When a large-scale event occurs, we assess the situation to determine whether the Major Disruptive Events Policy applies. If it does, we activate the Policy for the impacted area and timeframe where we anticipate that the Event will prevent or legally prohibit completion of reservations. Reservations outside of the defined area and timeframe may not be eligible, though hosts may still be able to cancel without adverse consequences if they are unable to host. We continuously monitor these situations and adjust coverage as needed to reflect changing conditions. If you believe this Policy applies to your reservation, please contact us to inquire about eligibility.

What is not covered

We understand that other circumstances outside of your control may disrupt your plans. In any situations not listed above, your reservation remains subject to the host’s cancellation policy for the listing.

Examples of common events not covered by this policy include:

Events that impact a guest or their ability to travel, but not the reservation location
Unexpected injury or illness
Government obligations like jury duty or court appearances
Non-binding travel advisories or other government guidance that fall short of a travel ban or prohibition
Cancellation or rescheduling of an event for which the reservation was made
Transportation disruptions such as airline insolvency, flight cancellations, transportation strikes, and road closures due to maintenance
Weather or natural conditions that are common enough to be foreseeable in a given location, such as hurricanes in Florida during hurricane season or winter weather in the northern hemisphere during winter months—unless the event triggers a covered Event that prevents completion of the reservation, such as government-issued mandatory travel restrictions

For reservations not covered by this Policy, we encourage guests and hosts to find a mutually acceptable arrangement, such as a full or partial refund or an alteration of the booking dates. Note that any refunds outside of the reservation’s cancellation policy are at the host’s discretion. Airbnb does not take part in or guarantee such refunds.

How this policy affects hosts

If a reservation is covered by the Major Disruptive Events Policy, hosts can cancel without fees or other adverse consequences. If a host cancels under this policy, their listing’s calendar will be blocked for the dates of the canceled reservation. If a reservation is canceled under this Policy, the host does not receive a payout for the canceled dates of the reservation, or, if the payout has already been made, the refunded amount will be withheld from the next payout(s).

Regardless of whether a reservation is covered by this Policy, hosts can cancel for certain valid reasons, such as major damage to a listing, without fees or other adverse consequences. Hosts are obligated to cancel a reservation if their listing is uninhabitable or is inconsistent with what the guest booked. Failure to do so may result in listing suspension, cancellation of existing reservations, and refunds to guests until the listing is habitable and consistent with the listing description. This also violates our Ground rules for hosts, and can lead to consequences up to and including account removal.

Other things to be aware of

This Policy does not limit your rights under local regulations, and any decisions made by Airbnb under this Policy do not affect your statutory rights.

Did this article help?
Yes
No
Related articles
How-to • Guest
Canceling a trip due to a Major Disruptive Event
If you need to cancel because a large-scale event at your destination prevents completion of your reservation, we can help.
Community policy • Home host
Host Cancellation Policy for homes
Because cancellations can disrupt guests' plans and impact confidence in the Airbnb community, there are penalties applied for Host cancellations.
How-to • Guest
Find the cancellation policy for any home, service, or experience
Here’s where to find the cancellation policy for any home, service, or experience.
Get help with your reservations, account, and more.
Log in or sign up
Site Footer
Support
Help Center
AirCover
Anti-discrimination
Disability support
Cancellation options
Report neighborhood concern
Hosting
Airbnb your home
AirCover for Hosts
Hosting resources
Community forum
Hosting responsibly
Airbnb-friendly apartments
Join a free Hosting class
Find a co‑host
Airbnb
2025 Summer Release
Newsroom
New features
Careers
Investors
Gift cards
Airbnb.org emergency stays
Footer section
© 2025 Airbnb, Inc.·Terms·Sitemap·Privacy·Your Privacy Choices
English (US)
€
EUR",2025-07-08T11:31:39.941Z,
travel-admin,Unknown Category,€EUR,https://www.airbnb.com/help/all-topics?locale=en&_set_bev_on_new_domain=1751960147_EAZWI5NzYyNzVjZj,"Choose a currency
Euro
EUR – €
Australian dollar
AUD – $
Brazilian real
BRL – R$
Bulgarian lev
BGN – лв.
Canadian dollar
CAD – $
Chilean peso
CLP – $
Chinese yuan
CNY – ￥
Colombian peso
COP – $
Costa Rican colon
CRC – ₡
Czech koruna
CZK – Kč
Danish krone
DKK – kr
Egyptian pound
EGP – ج.م
Emirati dirham
AED – ﺩ.ﺇ
Ghanaian cedi
GHS – GH₵
Hong Kong dollar
HKD – $
Hungarian forint
HUF – Ft
Indian rupee
INR – ₹
Indonesian rupiah
IDR – Rp
Israeli new shekel
ILS – ₪
Japanese yen
JPY – ¥
Kazakhstani tenge
KZT – ₸
Kenyan shilling
KES – KSh
Malaysian ringgit
MYR – RM
Mexican peso
MXN – $
Moroccan dirham
MAD
New Taiwan dollar
TWD – $
New Zealand dollar
NZD – $
Norwegian krone
NOK – kr
Peruvian sol
PEN – S/
Philippine peso
PHP – ₱
Polish zloty
PLN – zł
Pound sterling
GBP – £
Qatari riyal
QAR – ر.ق
Romanian leu
RON – lei
Saudi Arabian riyal
SAR – SR
Singapore dollar
SGD – $
South African rand
ZAR – R
South Korean won
KRW – ₩
Swedish krona
SEK – kr
Swiss franc
CHF
Thai baht
THB – ฿
Turkish lira
TRY – ₺
Ugandan shilling
UGX – USh
Ukrainian hryvnia
UAH – ₴
United States dollar
USD – $
Uruguayan peso
UYU – $U
Vietnamese dong
VND – ₫",1,Cancellation options,"Cancellation options: Skip to content
Help Center
– home page
Search
Suggestions will show after typing in the search input. Use the up and down arrows to review. Use enter to select. If the selection is a phrase, that phrase will be submitted to search. If the suggestion is a link, the browser will navigate to that page.
Home
All topics
Your reservations
Cancellations
Major Disruptive Events Policy
Community policy
Major Disruptive Events Policy
In this article
Overview
What events are covered
What happens if a reservation is impacted by a covered Event
What is not covered
How this policy affects hosts
Other things to be aware of
Overview

In general, cancellations and refunds for Airbnb reservations are governed by the listing’s cancellation policy. In the rare circumstances that large-scale events prevent or legally prohibit completion of a reservation, the Major Disruptive Events Policy (the “Policy”) may apply. When this Policy applies, guests can cancel their reservation and receive a refund, travel credit, and/or other consideration regardless of the reservation’s cancellation policy, and hosts can cancel without fees or other adverse consequences, although their listing’s calendar will be blocked for the dates of the canceled reservation.

This Policy applies to reservations for homes, services, and experiences and is applicable to reservations that are ongoing or that have a check-in on or after the effective date, except as otherwise notified by Airbnb to users. The Major Disruptive Events Policy is not an insurance policy.

What events are covered

The following events are covered under this Policy if they impact your reservation location, occur after the time of booking, and prevent or legally prohibit completion of a future or ongoing reservation (referred to in this Policy as “Events”):

Declared public health emergencies and epidemics. Government-declared epidemics, pandemics, and public health emergencies. This does not include diseases that are endemic (for example, the flu) or commonly associated with an area (for example, malaria in Thailand). COVID-19 is not covered under this Major Disruptive Events Policy.

Government travel restrictions. Mandatory travel restrictions imposed by a governmental agency, such as an evacuation order or shelter-in-place order. This does not include non-binding travel advisories and similar government guidance.

Military actions and other hostilities. Acts of war, hostilities, invasions, civil war, terrorism, explosions, bombings, rebellions, riots, and insurrection.

Large-scale outages of essential utilities. Prolonged outages of essential utilities, such as heat, water, and electricity, impacting the vast majority of homes in a given location.

Unforeseeable natural disasters and severe weather events. Unforeseeable natural disasters, like earthquakes and tsunamis, and unforeseeable severe weather events, like tornadoes. This does not include events that are foreseeable for a given location, as described further below.

What happens if a reservation is impacted by a covered Event

When a large-scale event occurs, we assess the situation to determine whether the Major Disruptive Events Policy applies. If it does, we activate the Policy for the impacted area and timeframe where we anticipate that the Event will prevent or legally prohibit completion of reservations. Reservations outside of the defined area and timeframe may not be eligible, though hosts may still be able to cancel without adverse consequences if they are unable to host. We continuously monitor these situations and adjust coverage as needed to reflect changing conditions. If you believe this Policy applies to your reservation, please contact us to inquire about eligibility.

What is not covered

We understand that other circumstances outside of your control may disrupt your plans. In any situations not listed above, your reservation remains subject to the host’s cancellation policy for the listing.

Examples of common events not covered by this policy include:

Events that impact a guest or their ability to travel, but not the reservation location
Unexpected injury or illness
Government obligations like jury duty or court appearances
Non-binding travel advisories or other government guidance that fall short of a travel ban or prohibition
Cancellation or rescheduling of an event for which the reservation was made
Transportation disruptions such as airline insolvency, flight cancellations, transportation strikes, and road closures due to maintenance
Weather or natural conditions that are common enough to be foreseeable in a given location, such as hurricanes in Florida during hurricane season or winter weather in the northern hemisphere during winter months—unless the event triggers a covered Event that prevents completion of the reservation, such as government-issued mandatory travel restrictions

For reservations not covered by this Policy, we encourage guests and hosts to find a mutually acceptable arrangement, such as a full or partial refund or an alteration of the booking dates. Note that any refunds outside of the reservation’s cancellation policy are at the host’s discretion. Airbnb does not take part in or guarantee such refunds.

How this policy affects hosts

If a reservation is covered by the Major Disruptive Events Policy, hosts can cancel without fees or other adverse consequences. If a host cancels under this policy, their listing’s calendar will be blocked for the dates of the canceled reservation. If a reservation is canceled under this Policy, the host does not receive a payout for the canceled dates of the reservation, or, if the payout has already been made, the refunded amount will be withheld from the next payout(s).

Regardless of whether a reservation is covered by this Policy, hosts can cancel for certain valid reasons, such as major damage to a listing, without fees or other adverse consequences. Hosts are obligated to cancel a reservation if their listing is uninhabitable or is inconsistent with what the guest booked. Failure to do so may result in listing suspension, cancellation of existing reservations, and refunds to guests until the listing is habitable and consistent with the listing description. This also violates our Ground rules for hosts, and can lead to consequences up to and including account removal.

Other things to be aware of

This Policy does not limit your rights under local regulations, and any decisions made by Airbnb under this Policy do not affect your statutory rights.

Did this article help?
Yes
No
Related articles
How-to • Hosť
Canceling a trip due to a Major Disruptive Event
If you need to cancel because a large-scale event at your destination prevents completion of your reservation, we can help.
Community policy • Home host
Host Cancellation Policy for homes
Because cancellations can disrupt guests' plans and impact confidence in the Airbnb community, there are penalties applied for Host cancellations.
How-to • Guest
Find the cancellation policy for any home, service, or experience
Here’s where to find the cancellation policy for any home, service, or experience.
Get help with your reservations, account, and more.
Log in or sign up
Site Footer
Support
Help Center
AirCover
Anti-discrimination
Disability support
Cancellation options
Report neighborhood concern
Hosting
Airbnb your home
AirCover for Hosts
Hosting resources
Community forum
Hosting responsibly
Airbnb-friendly apartments
Join a free Hosting class
Find a co‑host
Airbnb
2025 Summer Release
Newsroom
New features
Careers
Investors
Gift cards
Airbnb.org emergency stays
Footer section
© 2025 Airbnb, Inc.·Terms·Sitemap·Privacy·Your Privacy Choices
English (US)
€
EUR",2025-07-08T11:31:53.083Z,
travel-admin,Unknown Category,English (US),https://www.airbnb.com/help/all-topics?locale=en&_set_bev_on_new_domain=1751960147_EAZWI5NzYyNzVjZj,"Suggested language and region
Français
France
Choose a language and region
English
United States
Azərbaycan dili
Azərbaycan
Bahasa Indonesia
Indonesia
Bosanski
Bosna i Hercegovina
Català
Espanya
Čeština
Česká republika
Crnogorski
Crna Gora
Dansk
Danmark
Deutsch
Deutschland
Deutsch
Österreich
Deutsch
Schweiz
Deutsch
Luxemburg
Eesti
Eesti
English
Australia
English
Canada
English
Guyana
English
India
English
Ireland
English
New Zealand
English
Singapore
English
United Arab Emirates
English
United Kingdom
Español
Argentina
Español
Belice
Español
Bolivia
Español
Chile
Español
Colombia
Español
Costa Rica
Español
Ecuador
Español
El Salvador
Español
España
Español
Estados Unidos
Español
Guatemala
Español
Honduras
Español
Latinoamérica
Español
México
Español
Nicaragua
Español
Panamá
Español
Paraguay
Español
Perú
Español
Venezuela
Français
Belgique
Français
Canada
Français
Suisse
Français
Luxembourg
Gaeilge
Éire
Hrvatski
Hrvatska
isiXhosa
eMzantsi Afrika
isiZulu
iNingizimu Afrika
Íslenska
Ísland
Italiano
Italia
Italiano
Svizzera
Kiswahili
Āfrika
Latviešu
Latvija
Lietuvių
Lietuva
Magyar
Magyarország
Malti
Malta
Melayu
Malaysia
Vlaams
België
Nederlands
Nederland
Norsk
Norge
Polski
Polska
Português
Brasil
Português
Portugal
Română
România
Shqip
Shqipëri
Slovenčina
Slovensko
Slovenščina
Slovenija
Srpski
Srbija
Suomi
Suomi
Svenska
Sverige
Tagalog
Pilipinas
Tiếng Việt
Việt Nam
Türkçe
Türkiye
Ελληνικά
Ελλάδα
Български
България
Македонски
Северна Македонија
Русский
Россия
Українська
Україна
ქართული
საქართველო
Հայերեն
Հայաստան
עברית
ישראל
العربية
العالم
हिन्दी
भारत
ಕನ್ನಡ
ಭಾರತ
मराठी
भारत
ไทย
ประเทศไทย
한국어
대한민국
日本語
日本
简体中文
美国
繁體中文
美國
简体中文
中国
繁體中文
香港
繁體中文
台灣",1,Cancellation options,"Cancellation options: Skip to content
Help Center
– home page
Search
Suggestions will show after typing in the search input. Use the up and down arrows to review. Use enter to select. If the selection is a phrase, that phrase will be submitted to search. If the suggestion is a link, the browser will navigate to that page.
Home
All topics
Your reservations
Cancellations
Major Disruptive Events Policy
Community policy
Major Disruptive Events Policy
In this article
Overview
What events are covered
What happens if a reservation is impacted by a covered Event
What is not covered
How this policy affects hosts
Other things to be aware of
Overview

In general, cancellations and refunds for Airbnb reservations are governed by the listing’s cancellation policy. In the rare circumstances that large-scale events prevent or legally prohibit completion of a reservation, the Major Disruptive Events Policy (the “Policy”) may apply. When this Policy applies, guests can cancel their reservation and receive a refund, travel credit, and/or other consideration regardless of the reservation’s cancellation policy, and hosts can cancel without fees or other adverse consequences, although their listing’s calendar will be blocked for the dates of the canceled reservation.

This Policy applies to reservations for homes, services, and experiences and is applicable to reservations that are ongoing or that have a check-in on or after the effective date, except as otherwise notified by Airbnb to users. The Major Disruptive Events Policy is not an insurance policy.

What events are covered

The following events are covered under this Policy if they impact your reservation location, occur after the time of booking, and prevent or legally prohibit completion of a future or ongoing reservation (referred to in this Policy as “Events”):

Declared public health emergencies and epidemics. Government-declared epidemics, pandemics, and public health emergencies. This does not include diseases that are endemic (for example, the flu) or commonly associated with an area (for example, malaria in Thailand). COVID-19 is not covered under this Major Disruptive Events Policy.

Government travel restrictions. Mandatory travel restrictions imposed by a governmental agency, such as an evacuation order or shelter-in-place order. This does not include non-binding travel advisories and similar government guidance.

Military actions and other hostilities. Acts of war, hostilities, invasions, civil war, terrorism, explosions, bombings, rebellions, riots, and insurrection.

Large-scale outages of essential utilities. Prolonged outages of essential utilities, such as heat, water, and electricity, impacting the vast majority of homes in a given location.

Unforeseeable natural disasters and severe weather events. Unforeseeable natural disasters, like earthquakes and tsunamis, and unforeseeable severe weather events, like tornadoes. This does not include events that are foreseeable for a given location, as described further below.

What happens if a reservation is impacted by a covered Event

When a large-scale event occurs, we assess the situation to determine whether the Major Disruptive Events Policy applies. If it does, we activate the Policy for the impacted area and timeframe where we anticipate that the Event will prevent or legally prohibit completion of reservations. Reservations outside of the defined area and timeframe may not be eligible, though hosts may still be able to cancel without adverse consequences if they are unable to host. We continuously monitor these situations and adjust coverage as needed to reflect changing conditions. If you believe this Policy applies to your reservation, please contact us to inquire about eligibility.

What is not covered

We understand that other circumstances outside of your control may disrupt your plans. In any situations not listed above, your reservation remains subject to the host’s cancellation policy for the listing.

Examples of common events not covered by this policy include:

Events that impact a guest or their ability to travel, but not the reservation location
Unexpected injury or illness
Government obligations like jury duty or court appearances
Non-binding travel advisories or other government guidance that fall short of a travel ban or prohibition
Cancellation or rescheduling of an event for which the reservation was made
Transportation disruptions such as airline insolvency, flight cancellations, transportation strikes, and road closures due to maintenance
Weather or natural conditions that are common enough to be foreseeable in a given location, such as hurricanes in Florida during hurricane season or winter weather in the northern hemisphere during winter months—unless the event triggers a covered Event that prevents completion of the reservation, such as government-issued mandatory travel restrictions

For reservations not covered by this Policy, we encourage guests and hosts to find a mutually acceptable arrangement, such as a full or partial refund or an alteration of the booking dates. Note that any refunds outside of the reservation’s cancellation policy are at the host’s discretion. Airbnb does not take part in or guarantee such refunds.

How this policy affects hosts

If a reservation is covered by the Major Disruptive Events Policy, hosts can cancel without fees or other adverse consequences. If a host cancels under this policy, their listing’s calendar will be blocked for the dates of the canceled reservation. If a reservation is canceled under this Policy, the host does not receive a payout for the canceled dates of the reservation, or, if the payout has already been made, the refunded amount will be withheld from the next payout(s).

Regardless of whether a reservation is covered by this Policy, hosts can cancel for certain valid reasons, such as major damage to a listing, without fees or other adverse consequences. Hosts are obligated to cancel a reservation if their listing is uninhabitable or is inconsistent with what the guest booked. Failure to do so may result in listing suspension, cancellation of existing reservations, and refunds to guests until the listing is habitable and consistent with the listing description. This also violates our Ground rules for hosts, and can lead to consequences up to and including account removal.

Other things to be aware of

This Policy does not limit your rights under local regulations, and any decisions made by Airbnb under this Policy do not affect your statutory rights.

Did this article help?
Yes
No
Related articles
How-to • Gast
Canceling a trip due to a Major Disruptive Event
If you need to cancel because a large-scale event at your destination prevents completion of your reservation, we can help.
Community policy • Home host
Host Cancellation Policy for homes
Because cancellations can disrupt guests' plans and impact confidence in the Airbnb community, there are penalties applied for Host cancellations.
How-to • Guest
Find the cancellation policy for any home, service, or experience
Here’s where to find the cancellation policy for any home, service, or experience.
Get help with your reservations, account, and more.
Log in or sign up
Site Footer
Support
Help Center
AirCover
Anti-discrimination
Disability support
Cancellation options
Report neighborhood concern
Hosting
Airbnb your home
AirCover for Hosts
Hosting resources
Community forum
Hosting responsibly
Airbnb-friendly apartments
Join a free Hosting class
Find a co‑host
Airbnb
2025 Summer Release
Newsroom
New features
Careers
Investors
Gift cards
Airbnb.org emergency stays
Footer section
© 2025 Airbnb, Inc.·Terms·Sitemap·Privacy·Your Privacy Choices
English (US)
€
EUR",2025-07-08T11:32:06.204Z,
travel-admin,Unknown Category,€EUR,https://www.airbnb.com/help/all-topics?locale=en&_set_bev_on_new_domain=1751960147_EAZWI5NzYyNzVjZj,"Choose a currency
Euro
EUR – €
Australian dollar
AUD – $
Brazilian real
BRL – R$
Bulgarian lev
BGN – лв.
Canadian dollar
CAD – $
Chilean peso
CLP – $
Chinese yuan
CNY – ￥
Colombian peso
COP – $
Costa Rican colon
CRC – ₡
Czech koruna
CZK – Kč
Danish krone
DKK – kr
Egyptian pound
EGP – ج.م
Emirati dirham
AED – ﺩ.ﺇ
Ghanaian cedi
GHS – GH₵
Hong Kong dollar
HKD – $
Hungarian forint
HUF – Ft
Indian rupee
INR – ₹
Indonesian rupiah
IDR – Rp
Israeli new shekel
ILS – ₪
Japanese yen
JPY – ¥
Kazakhstani tenge
KZT – ₸
Kenyan shilling
KES – KSh
Malaysian ringgit
MYR – RM
Mexican peso
MXN – $
Moroccan dirham
MAD
New Taiwan dollar
TWD – $
New Zealand dollar
NZD – $
Norwegian krone
NOK – kr
Peruvian sol
PEN – S/
Philippine peso
PHP – ₱
Polish zloty
PLN – zł
Pound sterling
GBP – £
Qatari riyal
QAR – ر.ق
Romanian leu
RON – lei
Saudi Arabian riyal
SAR – SR
Singapore dollar
SGD – $
South African rand
ZAR – R
South Korean won
KRW – ₩
Swedish krona
SEK – kr
Swiss franc
CHF
Thai baht
THB – ฿
Turkish lira
TRY – ₺
Ugandan shilling
UGX – USh
Ukrainian hryvnia
UAH – ₴
United States dollar
USD – $
Uruguayan peso
UYU – $U
Vietnamese dong
VND – ₫",1,Cancellation options,"Cancellation options: Skip to content
Help Center
– home page
Search
Suggestions will show after typing in the search input. Use the up and down arrows to review. Use enter to select. If the selection is a phrase, that phrase will be submitted to search. If the suggestion is a link, the browser will navigate to that page.
Home
All topics
Your reservations
Cancellations
Major Disruptive Events Policy
Community policy
Major Disruptive Events Policy
In this article
Overview
What events are covered
What happens if a reservation is impacted by a covered Event
What is not covered
How this policy affects hosts
Other things to be aware of
Overview

In general, cancellations and refunds for Airbnb reservations are governed by the listing’s cancellation policy. In the rare circumstances that large-scale events prevent or legally prohibit completion of a reservation, the Major Disruptive Events Policy (the “Policy”) may apply. When this Policy applies, guests can cancel their reservation and receive a refund, travel credit, and/or other consideration regardless of the reservation’s cancellation policy, and hosts can cancel without fees or other adverse consequences, although their listing’s calendar will be blocked for the dates of the canceled reservation.

This Policy applies to reservations for homes, services, and experiences and is applicable to reservations that are ongoing or that have a check-in on or after the effective date, except as otherwise notified by Airbnb to users. The Major Disruptive Events Policy is not an insurance policy.

What events are covered

The following events are covered under this Policy if they impact your reservation location, occur after the time of booking, and prevent or legally prohibit completion of a future or ongoing reservation (referred to in this Policy as “Events”):

Declared public health emergencies and epidemics. Government-declared epidemics, pandemics, and public health emergencies. This does not include diseases that are endemic (for example, the flu) or commonly associated with an area (for example, malaria in Thailand). COVID-19 is not covered under this Major Disruptive Events Policy.

Government travel restrictions. Mandatory travel restrictions imposed by a governmental agency, such as an evacuation order or shelter-in-place order. This does not include non-binding travel advisories and similar government guidance.

Military actions and other hostilities. Acts of war, hostilities, invasions, civil war, terrorism, explosions, bombings, rebellions, riots, and insurrection.

Large-scale outages of essential utilities. Prolonged outages of essential utilities, such as heat, water, and electricity, impacting the vast majority of homes in a given location.

Unforeseeable natural disasters and severe weather events. Unforeseeable natural disasters, like earthquakes and tsunamis, and unforeseeable severe weather events, like tornadoes. This does not include events that are foreseeable for a given location, as described further below.

What happens if a reservation is impacted by a covered Event

When a large-scale event occurs, we assess the situation to determine whether the Major Disruptive Events Policy applies. If it does, we activate the Policy for the impacted area and timeframe where we anticipate that the Event will prevent or legally prohibit completion of reservations. Reservations outside of the defined area and timeframe may not be eligible, though hosts may still be able to cancel without adverse consequences if they are unable to host. We continuously monitor these situations and adjust coverage as needed to reflect changing conditions. If you believe this Policy applies to your reservation, please contact us to inquire about eligibility.

What is not covered

We understand that other circumstances outside of your control may disrupt your plans. In any situations not listed above, your reservation remains subject to the host’s cancellation policy for the listing.

Examples of common events not covered by this policy include:

Events that impact a guest or their ability to travel, but not the reservation location
Unexpected injury or illness
Government obligations like jury duty or court appearances
Non-binding travel advisories or other government guidance that fall short of a travel ban or prohibition
Cancellation or rescheduling of an event for which the reservation was made
Transportation disruptions such as airline insolvency, flight cancellations, transportation strikes, and road closures due to maintenance
Weather or natural conditions that are common enough to be foreseeable in a given location, such as hurricanes in Florida during hurricane season or winter weather in the northern hemisphere during winter months—unless the event triggers a covered Event that prevents completion of the reservation, such as government-issued mandatory travel restrictions

For reservations not covered by this Policy, we encourage guests and hosts to find a mutually acceptable arrangement, such as a full or partial refund or an alteration of the booking dates. Note that any refunds outside of the reservation’s cancellation policy are at the host’s discretion. Airbnb does not take part in or guarantee such refunds.

How this policy affects hosts

If a reservation is covered by the Major Disruptive Events Policy, hosts can cancel without fees or other adverse consequences. If a host cancels under this policy, their listing’s calendar will be blocked for the dates of the canceled reservation. If a reservation is canceled under this Policy, the host does not receive a payout for the canceled dates of the reservation, or, if the payout has already been made, the refunded amount will be withheld from the next payout(s).

Regardless of whether a reservation is covered by this Policy, hosts can cancel for certain valid reasons, such as major damage to a listing, without fees or other adverse consequences. Hosts are obligated to cancel a reservation if their listing is uninhabitable or is inconsistent with what the guest booked. Failure to do so may result in listing suspension, cancellation of existing reservations, and refunds to guests until the listing is habitable and consistent with the listing description. This also violates our Ground rules for hosts, and can lead to consequences up to and including account removal.

Other things to be aware of

This Policy does not limit your rights under local regulations, and any decisions made by Airbnb under this Policy do not affect your statutory rights.

Did this article help?
Yes
No
Related articles
How-to • Гость
Canceling a trip due to a Major Disruptive Event
If you need to cancel because a large-scale event at your destination prevents completion of your reservation, we can help.
Community policy • Home host
Host Cancellation Policy for homes
Because cancellations can disrupt guests' plans and impact confidence in the Airbnb community, there are penalties applied for Host cancellations.
How-to • Guest
Find the cancellation policy for any home, service, or experience
Here’s where to find the cancellation policy for any home, service, or experience.
Get help with your reservations, account, and more.
Log in or sign up
Site Footer
Support
Help Center
AirCover
Anti-discrimination
Disability support
Cancellation options
Report neighborhood concern
Hosting
Airbnb your home
AirCover for Hosts
Hosting resources
Community forum
Hosting responsibly
Airbnb-friendly apartments
Join a free Hosting class
Find a co‑host
Airbnb
2025 Summer Release
Newsroom
New features
Careers
Investors
Gift cards
Airbnb.org emergency stays
Footer section
© 2025 Airbnb, Inc.·Terms·Sitemap·Privacy·Your Privacy Choices
English (US)
€
EUR",2025-07-08T11:32:19.283Z,
